donor_pre_challenge_success,student_base_challenge_success,safe_reward,alpha,root_challenge_probability_donor_post,root_challenge_probability_local,root_challenge_probability_corrected,student_challenge_success_after_transfer,base_task_return,local_task_return,corrected_task_return,base_surrogate_value,local_surrogate_value,corrected_surrogate_value,local_log_z_root,local_log_z_challenge,normalizer_return_root,local_harms_task,correction_improves_task_over_local
0.01,0.01,0.1,0.25,0.4792711039909036,0.41778993831343675,0.5072918806229638,0.3554609871366476,0.055,0.20672903005730967,0.22959328459034875,-0.004378545249035172,0.04027350517535708,0.04429424216482397,0.010262604081515136,0.3610221376531946,0.04027350517535709,False,True
0.01,0.01,0.1,0.5,0.4792711039909036,0.4586133412402578,0.4655378598775484,0.06945315965638062,0.055,0.08599081148568002,0.08577928932041028,-0.004378545249035172,0.007246845931075484,0.007295056146221114,0.001717273161058963,0.027858802943978793,0.007246845931075503,False,False
0.01,0.01,0.1,1.0,0.4792711039909036,0.4792711039909036,0.47927110399090356,0.02672363098939525,0.055,0.06488075372784263,0.06488075372784263,-0.004378545249035172,-5.6878342599966316e-18,5.084755855062662e-17,1.1102230246251565e-16,-7.28583859910259e-17,7.61033833736013e-17,False,False
0.01,0.01,0.1,2.0,0.4792711039909036,0.48963109469422356,0.4891182838452541,0.01638094602579008,0.055,0.05905751106531223,0.05910039182337077,-0.004378545249035172,-0.002439577135193811,-0.002438524752344141,-0.00021498217052196011,-0.002052170313453037,-0.002439577135193917,False,True
0.01,0.01,0.2,0.25,0.454386389775656,0.3247883304398709,0.40834038062925715,0.3554609871366476,0.10500000000000001,0.25049191446064606,0.2634809986603787,-0.0076970467782210145,0.0415123656002052,0.045222102265381266,0.04879368506060666,0.3610221376531946,0.04151236560020524,False,True
0.01,0.01,0.2,0.5,0.454386389775656,0.40952574302783595,0.416278987808434,0.06945315965638062,0.10500000000000001,0.146537708208343,0.1456560934401689,-0.0076970467782210145,0.009848431229764991,0.009895427515792313,0.00828796548403099,0.027858802943978793,0.009848431229764983,False,False
0.01,0.01,0.2,1.0,0.454386389775656,0.45438638977565604,0.454386389775656,0.02672363098939525,0.10500000000000001,0.12126557625183694,0.12126557625183694,-0.0076970467782210145,-6.214541163068583e-17,-5.392510530096995e-18,0.0,-7.28583859910259e-17,-3.310585897534349e-17,False,False
0.01,0.01,0.2,2.0,0.454386389775656,0.4771455445263646,0.4766335980407797,0.01638094602579008,0.10500000000000001,0.11238698650605969,0.11248098963542821,-0.0076970467782210145,-0.004045492821918959,-0.004044442203930476,-0.001043562489286054,-0.002052170313453037,-0.004045492821918887,False,True
0.01,0.01,0.4,0.25,0.405412423768382,0.17772279771532373,0.23670491667132135,0.3554609871366476,0.20500000000000002,0.39208440202644623,0.3894573966715573,-0.02174008240608699,0.06493301646867768,0.0675007678373946,0.19557020153381832,0.3610221376531946,0.06493301646867769,False,False
0.01,0.01,0.4,0.5,0.405412423768382,0.3173609931978024,0.32342687920121865,0.06945315965638062,0.20500000000000002,0.29509732645015346,0.29309226699783975,-0.02174008240608699,0.022001525845388427,0.022043702461993095,0.035161754319173844,0.027858802943978793,0.022001525845388406,False,False
0.01,0.01,0.4,1.0,0.405412423768382,0.405412423768382,0.405412423768382,0.02672363098939525,0.20500000000000002,0.2486691225039498,0.2486691225039498,-0.02174008240608699,-4.8113033607422355e-18,-4.8113033607422355e-18,1.1102230246251565e-16,-7.28583859910259e-17,8.148460760604152e-17,False,False
0.01,0.01,0.4,2.0,0.405412423768382,0.4522753383602406,0.4517670198565694,0.01638094602579008,0.20500000000000002,0.2264985625623788,0.2266935632258747,-0.02174008240608699,-0.010925614444268077,-0.010924571253888422,-0.004534661199244283,-0.002052170313453037,-0.010925614444268192,False,True
0.01,0.01,0.6,0.25,0.3582510613152954,0.08851907938020527,0.12229972064117732,0.3554609871366476,0.305,0.5783536317087918,0.5700929470409427,-0.045410932455395375,0.10746276345268191,0.108914800179375,0.3978937065497933,0.3610221376531946,0.10746276345268195,False,False
0.01,0.01,0.6,0.5,0.3582510613152954,0.23759211865688906,0.2426753523890278,0.06945315965638062,0.305,0.4739462521560412,0.47124935856072686,-0.045410932455395375,0.041961787848057736,0.04199710561388821,0.07730454368141076,0.027858802943978793,0.041961787848057736,False,False
0.01,0.01,0.6,1.0,0.3582510613152954,0.3582510613152954,0.3582510613152953,0.02672363098939525,0.305,0.39462313237497193,0.39462313237497193,-0.045410932455395375,-4.2516075833938975e-18,3.552225010347006e-17,-5.551115123125783e-17,-7.28583859910259e-17,-8.161274533826231e-17,False,False
0.01,0.01,0.6,2.0,0.3582510613152954,0.4276411933502227,0.42713897027148806,0.01638094602579008,0.305,0.35042045129654076,0.350713558254636,-0.045410932455395375,-0.022482078878543227,-0.022481048180059103,-0.010363446877468707,-0.002052170313453037,-0.022482078878543327,False,True
0.01,0.01,0.8,0.25,0.31368161388880816,0.041812323482511175,0.05892095099860399,0.3554609871366476,0.405,0.7814127909935615,0.7738073386061107,-0.07826645867092422,0.15789844371288655,0.1586287805915961,0.6164986004476433,0.3610221376531946,0.15789844371288658,False,False
0.01,0.01,0.8,0.5,0.31368161388880816,0.17279790934672207,0.1768163833197766,0.06945315965638062,0.405,0.673763033308769,0.6708273498447509,-0.07826645867092422,0.06742004642475183,0.0674479493752525,0.13002614994388187,0.027858802943978793,0.06742004642475186,False,False
0.01,0.01,0.8,1.0,0.31368161388880816,0.3136816138888081,0.3136816138888081,0.02672363098939525,0.405,0.5574374205866759,0.5574374205866759,-0.07826645867092422,1.62810781879531e-16,1.62810781879531e-16,1.6653345369377348e-16,-7.28583859910259e-17,1.4367911759077473e-16,False,False
0.01,0.01,0.8,2.0,0.31368161388880816,0.40336069421224213,0.40286691527107765,0.01638094602579008,0.405,0.4839188743910223,0.48430580897777,-0.07826645867092422,-0.038331297298348097,-0.038330283912705175,-0.018337883806897826,-0.002052170313453037,-0.038331297298348,False,True
0.01,0.05,0.1,0.25,0.4792711039909036,0.41778993831343675,0.7115425470321866,0.7418413371607372,0.07500000000000001,0.3681548526593982,0.5566974198338953,0.015621454750964842,0.13153115520593012,0.17813657976708538,0.010262604081515136,1.2347401635009994,0.13153115520593012,False,True
0.01,0.05,0.1,0.5,0.4792711039909036,0.4586133412402578,0.5192946911682137,0.2800045621650742,0.07500000000000001,0.1825524936930144,0.19347541351838174,0.015621454750964842,0.05661303609863519,0.06029829456237233,0.001717273161058963,0.24314338247258785,0.0566130360986352,False,True
0.01,0.05,0.1,1.0,0.4792711039909036,0.4792711039909036,0.4956056413673557,0.12516099799833544,0.07500000000000001,0.11205893928817515,0.1124699325504078,0.015621454750964842,0.03133726078104214,0.03187113345769603,1.1102230246251565e-16,0.06538524964283454,0.03133726078104226,False,True
0.01,0.05,0.1,2.0,0.4792711039909036,0.48963109469422356,0.49548040309996777,0.07984616815180762,0.07500000000000001,0.09013205724988625,0.09001417127184867,0.015621454750964842,0.022487403520075375,0.022624285112365437,-0.00021498217052196011,0.023402688380556494,0.02248740352007541,False,False
0.01,0.05,0.2,0.25,0.454386389775656,0.3247883304398709,0.6231376914358971,0.7418413371607372,0.125,0.37598374325974304,0.5376417599628813,0.012302953221778996,0.11245572032278733,0.15798500496167217,0.04879368506060666,1.2347401635009994,0.11245572032278736,False,True
0.01,0.05,0.2,0.5,0.454386389775656,0.40952574302783595,0.469342782322971,0.2800045621650742,0.125,0.2327639277662687,0.23754956380508702,0.012302953221778996,0.053930719926709426,0.057548866586526734,0.00828796548403099,0.24314338247258785,0.05393071992670941,False,True
0.01,0.05,0.2,1.0,0.454386389775656,0.45438638977565604,0.4706393452720425,0.12516099799833544,0.125,0.16599417606605055,0.16477782109712352,0.012302953221778996,0.02971016752978753,0.030241085111632836,0.0,0.06538524964283454,0.02971016752978759,False,False
0.01,0.05,0.2,2.0,0.454386389775656,0.4771455445263646,0.4829868504438929,0.07984616815180762,0.125,0.142669134475865,0.14196727918687643,0.012302953221778996,0.020245852002870594,0.020382533007197143,-0.001043562489286054,0.023402688380556494,0.020245852002870802,False,False
0.01,0.05,0.4,0.25,0.405412423768382,0.17772279771532373,0.4262635363130536,0.7418413371607372,0.225,0.46075299881495346,0.5457144972361188,-0.0017400824060869735,0.10375291946067303,0.13886940010097273,0.19557020153381832,1.2347401635009994,0.10375291946067305,False,True
0.01,0.05,0.4,0.5,0.405412423768382,0.3173609931978024,0.3722017312754262,0.2800045621650742,0.225,0.36191812866950274,0.35533749029268785,-0.0017400824060869735,0.05616298983507376,0.05945452344610731,0.035161754319173844,0.24314338247258785,0.05616298983507373,False,False
0.01,0.05,0.4,1.0,0.405412423768382,0.405412423768382,0.421266148466953,0.12516099799833544,0.225,0.288576854052422,0.28421963217825763,-0.0017400824060869735,0.026507992536402278,0.027025313323646927,1.1102230246251565e-16,0.06538524964283454,0.026507992536402396,False,False
0.01,0.05,0.4,2.0,0.405412423768382,0.4522753383602406,0.45807892454283033,0.07984616815180762,0.225,0.2552023173735312,0.25334427701871387,-0.0017400824060869735,0.01209959521322234,0.012235367240831633,-0.004534661199244283,0.023402688380556494,0.012099595213222356,False,False
0.01,0.05,0.6,0.25,0.3582510613152954,0.08851907938020527,0.2502813376510416,0.7418413371607372,0.325,0.6125556645835257,0.6355002395988016,-0.025410932455395357,0.12679794227416644,0.1483165873280604,0.3978937065497933,1.2347401635009994,0.12679794227416646,False,True
0.01,0.05,0.6,0.5,0.3582510613152954,0.23759211865688906,0.28439120056192035,0.2800045621650742,0.325,0.5239716059642612,0.5089961132597881,-0.025410932455395357,0.06753674753023761,0.07032629268242442,0.07730454368141076,0.24314338247258785,0.06753674753023761,False,False
0.01,0.05,0.6,1.0,0.3582510613152954,0.3582510613152954,0.37341877888656605,0.12516099799833544,0.325,0.429888423579008,0.42268619970482263,-0.025410932455395357,0.023424335078911007,0.02391875739439393,-5.551115123125783e-17,0.06538524964283454,0.02342433507891096,False,False
0.01,0.05,0.6,2.0,0.3582510613152954,0.4276411933502227,0.4333787878464929,0.07984616815180762,0.325,0.3775607946227479,0.37457636285992185,-0.025410932455395357,-0.0007109865816082896,-0.0005767842352976105,-0.010363446877468707,0.023402688380556494,-0.0007109865816082705,False,False
0.01,0.05,0.8,0.25,0.31368161388880816,0.041812323482511175,0.13043564476592898,0.7418413371607372,0.42500000000000004,0.7975682511760546,0.7924140373138365,-0.0582664586709242,0.16703148889519892,0.17838747965320662,0.6164986004476433,1.2347401635009994,0.16703148889519898,False,False
0.01,0.05,0.8,0.5,0.31368161388880816,0.17279790934672207,0.21035566553020338,0.2800045621650742,0.42500000000000004,0.7101458754722914,0.6906160136015647,-0.0582664586709242,0.08602040905331772,0.0882462732629592,0.13002614994388187,0.24314338247258785,0.08602040905331773,False,False
0.01,0.05,0.8,1.0,0.31368161388880816,0.3136816138888081,0.32792657151981736,0.12516099799833544,0.42500000000000004,0.5883154127370052,0.578702359745739,-0.0582664586709242,0.020510150632487116,0.020974036625793165,1.6653345369377348e-16,0.06538524964283454,0.02051015063248712,False,False
0.01,0.05,0.8,2.0,0.31368161388880816,0.40336069421224213,0.40900531332345513,0.07984616815180762,0.42500000000000004,0.5095182504461069,0.5054532563638434,-0.0582664586709242,-0.01779631835056778,-0.01766431576787545,-0.018337883806897826,0.023402688380556494,-0.01779631835056757,False,False
0.01,0.1,0.1,0.25,0.4792711039909036,0.41778993831343675,0.8099983246226029,0.8584864497582144,0.1,0.41688800705606205,0.7143727535530997,0.04062145475096486,0.18867559322944363,0.2825152568821667,0.010262604081515136,1.781851836455098,0.18867559322944363,False,True
0.01,0.1,0.1,0.5,0.4792711039909036,0.4586133412402578,0.5729821400370643,0.4508530603792842,0.1,0.26090589430491345,0.3010325373746756,0.04062145475096486,0.10632938203990767,0.11951258447955723,0.001717273161058963,0.4599549815718263,0.10632938203990773,False,True
0.01,0.1,0.1,1.0,0.4792711039909036,0.4792711039909036,0.5146370863175307,0.2319693166840741,0.1,0.1632490801001014,0.1679163046216074,0.04062145475096486,0.06783038409058575,0.07033266642034933,1.1102230246251565e-16,0.14152821550425282,0.06783038409058588,False,True
0.01,0.1,0.1,2.0,0.4792711039909036,0.48963109469422356,0.5032136366157297,0.1548280989602547,0.1,0.12684554211391275,0.1275902470665169,0.04062145475096486,0.052779511784761965,0.05351748891916216,-0.00021498217052196011,0.05433629185564218,0.05277951178476188,False,True
0.01,0.1,0.2,0.25,0.454386389775656,0.3247883304398709,0.7407747627273886,0.8584864497582144,0.15000000000000002,0.4138687146342484,0.6877901435788418,0.03730295322177902,0.15687959202851892,0.25153064638751843,0.04879368506060666,1.781851836455098,0.15687959202851892,False,True
0.01,0.1,0.2,0.5,0.454386389775656,0.40952574302783595,0.523489872618193,0.4508530603792842,0.15000000000000002,0.302730785942633,0.3313190366238354,0.03730295322177902,0.09832568553579386,0.11136251415522559,0.00828796548403099,0.4599549815718263,0.09832568553579388,False,True
0.01,0.1,0.2,1.0,0.454386389775656,0.45438638977565604,0.489642751465217,0.2319693166840741,0.15000000000000002,0.21452642239167108,0.21565354418365293,0.03730295322177902,0.06430849489436839,0.06680008382922809,0.0,0.14152821550425282,0.06430849489436846,False,True
0.01,0.1,0.2,2.0,0.454386389775656,0.4771455445263646,0.490714748471054,0.1548280989602547,0.15000000000000002,0.17844642868109967,0.17783348194332205,0.03730295322177902,0.0497655141514355,0.05050259975845357,-0.001043562489286054,0.05433629185564218,0.049765514151435604,False,False
0.01,0.1,0.4,0.25,0.405412423768382,0.17772279771532373,0.5621763259828629,0.8584864497582144,0.25,0.4814834945655961,0.6577502278379994,0.02325991759391305,0.12806147375570145,0.2064578775529702,0.19557020153381832,1.781851836455098,0.12806147375570145,False,True
0.01,0.1,0.4,0.5,0.405412423768382,0.3173609931978024,0.42409840416054995,0.4508530603792842,0.25,0.4161387777491174,0.42156670175353456,0.02325991759391305,0.09056676204854278,0.10259556403277342,0.035161754319173844,0.4599549815718263,0.09056676204854278,False,True
0.01,0.1,0.4,1.0,0.405412423768382,0.405412423768382,0.43993276730246494,0.2319693166840741,0.25,0.3318782734094331,0.3260777964971006,0.02325991759391305,0.057377296879193025,0.05981118110488583,1.1102230246251565e-16,0.14152821550425282,0.05737729687919315,False,False
0.01,0.1,0.4,2.0,0.405412423768382,0.4522753383602406,0.4657673204343498,0.1548280989602547,0.25,0.28911479550082575,0.28580694060692224,0.02325991759391305,0.04008060717001422,0.040813167275611864,-0.004534661199244283,0.05433629185564218,0.04008060717001413,False,False
0.01,0.1,0.6,0.25,0.3582510613152954,0.08851907938020527,0.3658642441245383,0.8584864497582144,0.35,0.6228809825648548,0.6945709495572245,-0.0004109324553953353,0.13890539767618162,0.1901753277746372,0.3978937065497933,1.781851836455098,0.13890539767618165,False,True
0.01,0.1,0.6,0.5,0.3582510613152954,0.23759211865688906,0.33048964772983314,0.4508530603792842,0.35,0.564563862624323,0.550708480464767,-0.0004109324553953353,0.09329311111992566,0.10361980290544859,0.07730454368141076,0.4599549815718263,0.09329311111992566,False,False
0.01,0.1,0.6,1.0,0.3582510613152954,0.3582510613152954,0.39139910940546296,0.2319693166840741,0.35,0.4681526171054762,0.4559531183162626,-0.0004109324553953353,0.05070263341045841,0.05303446515544483,-5.551115123125783e-17,0.14152821550425282,0.05070263341045836,False,False
0.01,0.1,0.6,2.0,0.3582510613152954,0.4276411933502227,0.4409899719225307,0.1548280989602547,0.35,0.409626156993376,0.4036836558597831,-0.0004109324553953353,0.02574597962780828,0.026470439769229956,-0.010363446877468707,0.05433629185564218,0.025745979627808203,False,False
0.01,0.1,0.8,0.25,0.31368161388880816,0.041812323482511175,0.20587025562653602,0.8584864497582144,0.45,0.8024454543566343,0.8120406203624122,-0.033266458670924176,0.1727504914578526,0.20107385245718704,0.6164986004476433,1.781851836455098,0.17275049145785262,False,True
0.01,0.1,0.8,0.5,0.31368161388880816,0.17279790934672207,0.2486227269383063,0.4508530603792842,0.45,0.739668138778734,0.7131941357693335,-0.033266458670924176,0.10475270457655173,0.11308364726143658,0.13002614994388187,0.4599549815718263,0.10475270457655175,False,False
0.01,0.1,0.8,1.0,0.31368161388880816,0.3136816138888081,0.34492224555025475,0.2319693166840741,0.45,0.6218192185190978,0.6040735811692253,-0.033266458670924176,0.044394799050177215,0.04658770207780078,1.6653345369377348e-16,0.14152821550425282,0.04439479905017722,False,False
0.01,0.1,0.8,2.0,0.31368161388880816,0.40336069421224213,0.41650308975928907,0.1548280989602547,0.45,0.5397630141103764,0.5312839097910718,-0.033266458670924176,0.00715848119382588,0.007871425182858547,-0.018337883806897826,0.05433629185564218,0.007158481193826002,False,False
0.01,0.25,0.1,0.25,0.4792711039909036,0.41778993831343675,0.9061235482327102,0.9479149938275157,0.175,0.4542503529662359,0.8683157428067051,0.1156214547509649,0.27402974330993307,0.45877858564086,0.010262604081515136,2.599048635641339,0.274029743309933,False,True
0.01,0.25,0.1,0.5,0.4792711039909036,0.4586133412402578,0.6801494271163154,0.7112345942275942,0.175,0.38032033954035016,0.5157308590975717,0.1156214547509649,0.21190902596572475,0.263998540464243,0.001717273161058963,0.9203848663208885,0.21190902596572483,False,True
0.01,0.25,0.1,1.0,0.4792711039909036,0.4792711039909036,0.5639906584187007,0.47536688641867186,0.175,0.279902502055505,0.31170341741984436,0.1156214547509649,0.16311376461589958,0.1775658844084661,1.1102230246251565e-16,0.3403371562726123,0.1631137646158997,False,True
0.01,0.25,0.1,2.0,0.4792711039909036,0.48963109469422356,0.5250534573731668,0.3546612443924435,0.175,0.2246900638680653,0.23371076682720543,0.1156214547509649,0.13840923494275925,0.14343313986917391,-0.00021498217052196011,0.14177939349471746,0.13840923494275925,False,True
0.01,0.25,0.2,0.25,0.454386389775656,0.3247883304398709,0.866133508063995,0.9479149938275157,0.225,0.4429140621561852,0.8477942373374873,0.11230295322177905,0.22323358804064536,0.41674423421491924,0.04879368506060666,2.599048635641339,0.22323358804064536,False,True
0.01,0.25,0.2,0.5,0.454386389775656,0.40952574302783595,0.6351693986294369,0.7112345942275942,0.225,0.4093637270625897,0.5247205697741052,0.11230295322177905,0.1926046308678341,0.24489043242388897,0.00828796548403099,0.9203848663208885,0.19260463086783416,False,True
0.01,0.25,0.2,1.0,0.454386389775656,0.45438638977565604,0.5392625051349308,0.47536688641867186,0.225,0.32512296538354346,0.34849503700133894,0.11230295322177905,0.15464457174522553,0.16908259628694894,0.0,0.3403371562726123,0.15464457174522558,False,True
0.01,0.25,0.2,2.0,0.454386389775656,0.4771455445263646,0.5125718059691157,0.3546612443924435,0.225,0.2737959236727576,0.2792749933516655,0.11230295322177905,0.13321168684473708,0.13823317947934297,-0.001043562489286054,0.14177939349471746,0.13321168684473725,False,True
0.01,0.25,0.4,0.25,0.405412423768382,0.17772279771532373,0.7440633238053413,0.9479149938275157,0.325,0.49737698561320043,0.8076834514700844,0.09825991759391309,0.16437009911454803,0.3406794283827712,0.19557020153381832,2.599048635641339,0.16437009911454803,False,True
0.01,0.25,0.4,0.5,0.405412423768382,0.3173609931978024,0.538538060303643,0.7112345942275942,0.325,0.49877371994158426,0.56761167467472,0.09825991759391309,0.1636280048094988,0.2133641769659091,0.035161754319173844,0.9203848663208885,0.1636280048094988,False,True
0.01,0.25,0.4,1.0,0.405412423768382,0.405412423768382,0.4893451181321434,0.47536688641867186,0.325,0.43055467209487014,0.43688041793779686,0.09825991759391309,0.13797691142291835,0.15217403193222745,1.1102230246251565e-16,0.3403371562726123,0.13797691142291843,False,True
0.01,0.25,0.4,2.0,0.405412423768382,0.4522753383602406,0.487577013554607,0.3546612443924435,0.325,0.37949439896676007,0.3778938649425854,0.09825991759391309,0.11917732393217752,0.12417525569751622,-0.004534661199244283,0.14177939349471746,0.1191773239321775,False,False
0.01,0.25,0.6,0.25,0.3582510613152954,0.08851907938020527,0.5664044197326036,0.9479149938275157,0.425,0.6307971149561815,0.7970605901951464,0.0745890675446047,0.15698977476028575,0.28521302790934305,0.3978937065497933,2.599048635641339,0.1569897747602858,False,True
0.01,0.25,0.6,0.5,0.3582510613152954,0.23759211865688906,0.4389212132511903,0.7112345942275942,0.425,0.6264284629104735,0.6488232230538794,0.0745890675446047,0.1479903670251641,0.19196244900600254,0.07730454368141076,0.9203848663208885,0.14799036702516416,False,True
0.01,0.25,0.6,1.0,0.3582510613152954,0.3582510613152954,0.43963932095145614,0.47536688641867186,0.425,0.5553500547844594,0.5452063825770392,0.0745890675446047,0.12192614743969289,0.1356165198319511,-5.551115123125783e-17,0.3403371562726123,0.12192614743969284,False,False
0.01,0.25,0.6,2.0,0.3582510613152954,0.4276411933502227,0.46264419450827304,0.3546612443924435,0.425,0.49508304177692586,0.4864954490302799,0.0745890675446047,0.10053452429816616,0.10548435407160581,-0.010363446877468707,0.14177939349471746,0.10053452429816616,False,False
0.01,0.25,0.8,0.25,0.31368161388880816,0.041812323482511175,0.36986315798198705,0.9479149938275157,0.525,0.8061846695698299,0.854708306729931,0.04173354132907586,0.18129271568696456,0.2589013145967737,0.6164986004476433,2.599048635641339,0.1812927156869646,False,True
0.01,0.25,0.8,0.5,0.31368161388880816,0.17279790934672207,0.34399497320833067,0.7112345942275942,0.525,0.7846615234602148,0.7694651466194946,0.04173354132907586,0.14453336531924676,0.18095336468671724,0.13002614994388187,0.9203848663208885,0.14453336531924682,False,False
0.01,0.25,0.8,1.0,0.31368161388880816,0.3136816138888081,0.39111542886052564,0.47536688641867186,0.525,0.6981685610100602,0.6730309805593111,0.04173354132907586,0.10675750844592068,0.11971292836486244,1.6653345369377348e-16,0.3403371562726123,0.10675750844592068,False,False
0.01,0.25,0.8,2.0,0.31368161388880816,0.40336069421224213,0.4378968053820819,0.3546612443924435,0.525,0.62036785037852,0.6049875816066194,0.04173354132907586,0.07770070155624392,0.08257883146521036,-0.018337883806897826,0.14177939349471746,0.0777007015562441,False,False
0.01,0.5,0.1,0.25,0.4792711039909036,0.41778993831343675,0.9490686625471816,0.9820137900379085,0.3,0.46849648693153834,0.9370916480594484,0.240621454750965,0.34273599415754485,0.6116538790663251,0.010262604081515136,3.256855294413161,0.34273599415754485,False,True
0.01,0.5,0.1,0.5,0.4792711039909036,0.4586133412402578,0.7744796228857901,0.8807970779778825,0.3,0.4580839567620668,0.7047114265026373,0.240621454750965,0.3218208124445599,0.43872024446057206,0.001717273161058963,1.3997071040106752,0.3218208124445599,False,True
0.01,0.5,0.1,1.0,0.4792711039909036,0.4792711039909036,0.6271745414799289,0.731058578630005,0.3,0.40244814166293297,0.49578387469924906,0.240621454750965,0.28903768809892444,0.3341191826717278,1.1102230246251565e-16,0.6030776437221015,0.28903768809892455,False,True
0.01,0.5,0.1,2.0,0.4792711039909036,0.48963109469422356,0.5574772460156564,0.6224593312018547,0.3,0.35581233426957604,0.39125918911359164,0.240621454750965,0.26633219222001714,0.2848538824763631,-0.00021498217052196011,0.27241137200207327,0.2663321922200171,False,True
0.01,0.5,0.2,0.25,0.454386389775656,0.3247883304398709,0.9258761233594298,0.9820137900379085,0.35,0.45398895324736804,0.9240478963339137,0.23730295322177913,0.2766455696543278,0.5645205522598855,0.04879368506060666,3.256855294413161,0.27664556965432785,False,True
0.01,0.5,0.2,0.5,0.454386389775656,0.40952574302783595,0.7376482318300849,0.8807970779778825,0.35,0.4788039292100719,0.7021887608054734,0.23730295322177913,0.29075202863767163,0.4097638875095361,0.00828796548403099,1.3997071040106752,0.2907520286376716,False,True
0.01,0.5,0.2,1.0,0.454386389775656,0.45438638977565604,0.6035106500494175,0.731058578630005,0.35,0.4413057903030793,0.520499508003314,0.23730295322177913,0.274030273285295,0.3192618710796632,0.0,0.6030776437221015,0.27403027328529506,False,True
0.01,0.5,0.2,2.0,0.454386389775656,0.4771455445263646,0.5451094609093166,0.6224593312018547,0.35,0.40157458762655274,0.43028657828755346,0.23730295322177913,0.2578726198796344,0.2764055169032582,-0.001043562489286054,0.27241137200207327,0.25787261987963456,False,True
0.01,0.5,0.4,0.25,0.405412423768382,0.17772279771532373,0.8487721001366857,0.9820137900379085,0.45,0.5034371190744361,0.8939970668789876,0.22325991759391317,0.1935969090527224,0.47221494979228773,0.19557020153381832,3.256855294413161,0.19359690905272242,False,True
0.01,0.5,0.4,0.5,0.405412423768382,0.3173609931978024,0.6533462590303188,0.8807970779778825,0.45,0.5525862381936619,0.714126972249558,0.22325991759391317,0.23968709551701076,0.3564007582511092,0.035161754319173844,1.3997071040106752,0.23968709551701073,False,True
0.01,0.5,0.4,1.0,0.405412423768382,0.405412423768382,0.5548075180609189,0.731058578630005,0.45,0.5342152607717058,0.5836737883424886,0.22325991759391317,0.2444951692619019,0.28936128368658853,1.1102230246251565e-16,0.6030776437221015,0.244495169261902,False,True
0.01,0.5,0.4,2.0,0.405412423768382,0.4522753383602406,0.520221415205427,0.6224593312018547,0.45,0.5006128692907117,0.5157281081034817,0.22325991759391317,0.2373405684923416,0.2558266828366126,-0.004534661199244283,0.27241137200207327,0.23734056849234156,False,True
0.01,0.5,0.6,0.25,0.3582510613152954,0.08851907938020527,0.7160603524031397,0.9820137900379085,0.55,0.6338155090046986,0.8735449291174038,0.1995890675446048,0.17154688472144838,0.3910506653710716,0.3978937065497933,3.256855294413161,0.1715468847214484,False,True
0.01,0.5,0.6,0.5,0.3582510613152954,0.23759211865688906,0.5581804682698516,0.8807970779778825,0.55,0.6667151726694288,0.7567354444745005,0.1995890675446048,0.20493196001120284,0.3114423670317984,0.07730454368141076,1.3997071040106752,0.20493196001120284,False,True
0.01,0.5,0.6,1.0,0.3582510613152954,0.3582510613152954,0.5050284572006671,0.731058578630005,0.55,0.6469518748886733,0.6661883117684237,0.1995890675446048,0.21605320591897045,0.25969689434495624,-5.551115123125783e-17,0.6030776437221015,0.21605320591897043,False,True
0.01,0.5,0.6,2.0,0.3582510613152954,0.4276411933502227,0.49523259538528386,0.6224593312018547,0.55,0.609604535197009,0.6111225928817121,0.1995890675446048,0.21226175465533872,0.23060978788460756,-0.010363446877468707,0.27241137200207327,0.21226175465533872,False,True
0.01,0.5,0.8,0.25,0.31368161388880816,0.041812323482511175,0.5312100575371691,0.9820137900379085,0.65,0.807610419467343,0.8966875558785956,0.16673354132907595,0.18816882188834388,0.33284686987417944,0.6164986004476433,3.256855294413161,0.18816882188834388,False,True
0.01,0.5,0.8,0.5,0.31368161388880816,0.17279790934672207,0.4585406198134877,0.8807970779778825,0.65,0.8139615661559021,0.837048742215097,0.16673354132907595,0.18594630560734068,0.2769035654794655,0.13002614994388187,1.3997071040106752,0.1859463056073407,False,True
0.01,0.5,0.8,1.0,0.31368161388880816,0.3136816138888081,0.45514950388170516,0.731058578630005,0.65,0.7783743436808715,0.7686213462665472,0.16673354132907595,0.1891743685830086,0.23083020176937646,1.6653345369377348e-16,0.6030776437221015,0.1891743685830086,False,False
0.01,0.5,0.8,2.0,0.31368161388880816,0.40336069421224213,0.4702675707579716,0.6224593312018547,0.65,0.7283870725826744,0.7165083809735506,0.16673354132907595,0.18308431263033542,0.20120568101443076,-0.018337883806897826,0.27241137200207327,0.18308431263033556,False,False
0.01,0.75,0.1,0.25,0.4792711039909036,0.41778993831343675,0.9650548273875484,0.9939318344798832,0.425,0.47347572598376775,0.9626932322202182,0.36562145475096514,0.383825825922737,0.7058283952406714,0.010262604081515136,3.6502571262625962,0.38382582592273706,False,True
0.01,0.75,0.1,0.5,0.4792711039909036,0.4586133412402578,0.8258421750206137,0.9568354670200037,0.425,0.4929561764232006,0.8076108657186032,0.36562145475096514,0.39580911493317944,0.5679445398552403,0.001717273161058963,1.7223680291749026,0.3958091149331794,False,True
0.01,0.75,0.1,1.0,0.4792711039909036,0.4792711039909036,0.6743638040951212,0.8907682274269642,0.425,0.47899236135985107,0.6332654700052035,0.36562145475096514,0.3886658967514433,0.4694487584393149,1.1102230246251565e-16,0.8109520760066937,0.38866589675144336,False,True
0.01,0.75,0.1,2.0,0.4792711039909036,0.48963109469422356,0.5857569134703628,0.8318243439635804,0.425,0.45832395465876985,0.52867116892258,0.36562145475096514,0.37945862601614944,0.416931717512135,-0.00021498217052196011,0.38793348142486256,0.37945862601614944,False,True
0.01,0.75,0.2,0.25,0.454386389775656,0.3247883304398709,0.9487487780070762,0.9939318344798832,0.475,0.4578597950037852,0.9532418577837055,0.3623029532217793,0.30858865069391905,0.6567701124526705,0.04879368506060666,3.6502571262625962,0.3085886506939191,True,True
0.01,0.75,0.2,0.5,0.454386389775656,0.40952574302783595,0.7951807811458271,0.9568354670200037,0.475,0.5099436069811862,0.8018210178638334,0.3623029532217793,0.3568210061996362,0.5335431370209485,0.00828796548403099,1.7223680291749026,0.3568210061996362,False,True
0.01,0.75,0.2,1.0,0.454386389775656,0.45438638977565604,0.6520333205425993,0.8907682274269642,0.475,0.5138756810322676,0.6504039010545288,0.3623029532217793,0.368485586097755,0.44980432513932456,0.0,0.8109520760066937,0.368485586097755,False,True
0.01,0.75,0.2,2.0,0.454386389775656,0.4771455445263646,0.5735749292199435,0.8318243439635804,0.475,0.5014721706455156,0.5623986033683479,0.3623029532217793,0.3681143394903765,0.405645815042772,-0.001043562489286054,0.38793348142486256,0.3681143394903767,False,True
0.01,0.75,0.4,0.25,0.405412423768382,0.17772279771532373,0.8926791790446195,0.9939318344798832,0.575,0.5055552272759594,0.930190582411967,0.3482599175939133,0.21107602759837615,0.557956273416701,0.19557020153381832,3.6502571262625962,0.21107602759837618,True,True
0.01,0.75,0.4,0.5,0.405412423768382,0.3173609931978024,0.7224088200221173,0.9568354670200037,0.575,0.5767178568612304,0.8022628526763854,0.3482599175939133,0.29088709135513124,0.4674892389480445,0.035161754319173844,1.7223680291749026,0.2908870913551312,False,True
0.01,0.75,0.4,1.0,0.405412423768382,0.405412423768382,0.6053933435843196,0.8907682274269642,0.575,0.598963536589678,0.6971078181269597,0.3482599175939133,0.3287700466938749,0.4099785538023026,1.1102230246251565e-16,0.8109520760066937,0.32877004669387494,False,True
0.01,0.75,0.4,2.0,0.405412423768382,0.4522753383602406,0.5489556326022884,0.8318243439635804,0.575,0.5953035012783172,0.6370524059135955,0.3482599175939133,0.3418361707469031,0.3793446939007007,-0.004534661199244283,0.38793348142486256,0.3418361707469031,False,True
0.01,0.75,0.6,0.25,0.3582510613152954,0.08851907938020527,0.7889161476143791,0.9939318344798832,0.675,0.6348704833267147,0.9107791852805348,0.3245890675446049,0.180252776716898,0.465177227349419,0.3978937065497933,3.6502571262625962,0.18025277671689802,True,True
0.01,0.75,0.6,0.5,0.3582510613152954,0.23759211865688906,0.6356288321301814,0.9568354670200037,0.675,0.6847812946212031,0.8268149111645527,0.3245890675446049,0.24326280641998319,0.40780659672864994,0.07730454368141076,1.7223680291749026,0.24326280641998319,False,True
0.01,0.75,0.6,1.0,0.3582510613152954,0.3582510613152954,0.5567516233292692,0.8907682274269642,0.675,0.7041680260724771,0.7618856826325364,0.3245890675446049,0.2905244419052401,0.3700668833525622,-5.551115123125783e-17,0.8109520760066937,0.29052444190524007,False,True
0.01,0.75,0.6,2.0,0.3582510613152954,0.4276411933502227,0.5240943021057313,0.8318243439635804,0.675,0.699137639100218,0.7214978177607116,0.3245890675446049,0.31106578011913194,0.3483658225153633,-0.010363446877468707,0.38793348142486256,0.31106578011913194,False,True
0.01,0.75,0.8,0.25,0.31368161388880816,0.041812323482511175,0.6267746279586515,0.9939318344798832,0.775,0.8081087405968299,0.9215515534054677,0.29173354132907603,0.19228108305131913,0.38983995299268825,0.6164986004476433,3.6502571262625962,0.19228108305131916,False,True
0.01,0.75,0.8,0.5,0.31368161388880816,0.17279790934672207,0.5390308678337513,0.9568354670200037,0.775,0.8271008408124734,0.8845391578949044,0.29173354132907603,0.21382387225546948,0.3573720493750666,0.13002614994388187,1.7223680291749026,0.2138238722554695,False,True
0.01,0.75,0.8,1.0,0.31368161388880816,0.3136816138888081,0.5069967780549286,0.8907682274269642,0.775,0.8284723240691165,0.8460191988552278,0.29173354132907603,0.25438075598825927,0.33082593034439267,1.6653345369377348e-16,0.8109520760066937,0.25438075598825927,False,True
0.01,0.75,0.8,2.0,0.31368161388880816,0.40336069421224213,0.49911297919129044,0.8318243439635804,0.775,0.8128366894739991,0.815883943126471,0.29173354132907603,0.27627846913761317,0.31318860160063955,-0.018337883806897826,0.38793348142486256,0.27627846913761334,False,True
0.01,0.9,0.1,0.25,0.4792711039909036,0.41778993831343675,0.9705929430213597,0.99796906211513,0.5,0.47516243906845484,0.9715624347404542,0.4406214547509652,0.4024454605122117,0.7489648096494274,0.010262604081515136,3.8285250344332886,0.4024454605122117,True,True
0.01,0.9,0.1,0.5,0.4792711039909036,0.4586133412402578,0.8467798281859901,0.9851855154692623,0.5,0.5059578868668383,0.849557238701789,0.4406214547509652,0.4309212502702803,0.6319875447405482,0.001717273161058963,1.8754910728357987,0.4309212502702802,False,True
0.01,0.9,0.1,1.0,0.4792711039909036,0.4792711039909036,0.6973481531849406,0.9607296994499495,0.5,0.512522873293136,0.7002282663028513,0.4406214547509652,0.4398102221562295,0.5426464287061868,1.1102230246251565e-16,0.9176648007649904,0.43981022215622967,False,True
0.01,0.9,0.1,2.0,0.4792711039909036,0.48963109469422356,0.601053841712523,0.9368626738208133,0.5,0.5097539870916198,0.6029995250858139,0.4406214547509652,0.4415498597370545,0.49218471929729635,-0.00021498217052196011,0.4513396196315068,0.4415498597370544,False,True
0.01,0.9,0.2,0.25,0.454386389775656,0.3247883304398709,0.9567552795616325,0.99796906211513,0.55,0.45917103942704274,0.963461113105495,0.43730295322177937,0.32306348476036084,0.6992361890429646,0.04879368506060666,3.8285250344332886,0.3230634847603609,True,True
0.01,0.9,0.2,0.5,0.454386389775656,0.40952574302783595,0.8189967011727431,0.9851855154692623,0.55,0.521553681637244,0.8430643469779457,0.43730295322177937,0.38817492031459244,0.5953493741005265,0.00828796548403099,1.8754910728357987,0.3881749203145924,True,True
0.01,0.9,0.2,1.0,0.454386389775656,0.45438638977565604,0.6758361712147527,0.9607296994499495,0.55,0.5456652217281824,0.7141286474056033,0.43730295322177937,0.4169743958438005,0.5206620192477812,0.0,0.9176648007649904,0.41697439584380064,True,True
0.01,0.9,0.2,2.0,0.454386389775656,0.4771455445263646,0.5890060718347376,0.9368626738208133,0.55,0.551590741741385,0.6340165889888388,0.43730295322177937,0.42862225217222305,0.4793622679330063,-0.001043562489286054,0.4513396196315068,0.4286222521722231,False,True
0.01,0.9,0.4,0.25,0.405412423768382,0.17772279771532373,0.9086010806319125,0.99796906211513,0.65,0.5062727346663091,0.9433153360222584,0.42325991759391335,0.2189965954441146,0.5981035283784741,0.19557020153381832,3.8285250344332886,0.2189965954441146,True,True
0.01,0.9,0.4,0.5,0.405412423768382,0.3173609931978024,0.7520479676756875,0.9851855154692623,0.65,0.585715056394293,0.8400875776219083,0.42325991759391335,0.31518473196397756,0.5239463120999229,0.035161754319173844,1.8754910728357987,0.3151847319639775,True,True
0.01,0.9,0.4,1.0,0.405412423768382,0.405412423768382,0.6305790312514659,0.9607296994499495,0.65,0.6273267865329204,0.7535843906730748,0.42325991759391335,0.372032711085064,0.4759311855183772,1.1102230246251565e-16,0.9176648007649904,0.3720327110850642,True,True
0.01,0.9,0.4,2.0,0.405412423768382,0.4522753383602406,0.5646013973359462,0.9368626738208133,0.65,0.6428097474552918,0.7031134158167435,0.42325991759391335,0.3991902359699557,0.44995223547859897,-0.004534661199244283,0.4513396196315068,0.3991902359699555,True,True
0.01,0.9,0.6,0.25,0.3582510613152954,0.08851907938020527,0.8170776649533865,0.99796906211513,0.75,0.635227855000235,0.9251716319967197,0.399589067544605,0.18419780449547413,0.5009756761235425,0.3978937065497933,3.8285250344332886,0.18419780449547418,True,True
0.01,0.9,0.6,0.5,0.3582510613152954,0.23759211865688906,0.6703049892344793,0.9851855154692623,0.75,0.691517042696288,0.8581917727999012,0.399589067544605,0.26145322059927506,0.4578091080987655,0.07730454368141076,1.8754910728357987,0.26145322059927506,True,True
0.01,0.9,0.6,1.0,0.3582510613152954,0.3582510613152954,0.5829029224278118,0.9607296994499495,0.75,0.729231797675892,0.8102703960158817,0.399589067544605,0.32875438880574687,0.43087817132838935,-5.551115123125783e-17,0.9176648007649904,0.3287543888057468,True,True
0.01,0.9,0.6,2.0,0.3582510613152954,0.4276411933502227,0.5398796233207047,0.9368626738208133,0.75,0.7440563558278794,0.7818652934531861,0.399589067544605,0.3652959333359691,0.4158289770250968,-0.010363446877468707,0.4513396196315068,0.36529593333596894,True,True
0.01,0.9,0.8,0.25,0.31368161388880816,0.041812323482511175,0.6674496073532471,0.99796906211513,0.8500000000000001,0.8082775464646873,0.9321343727768341,0.3667335413290761,0.19414453191206502,0.4186877145734557,0.6164986004476433,3.8285250344332886,0.19414453191206504,True,True
0.01,0.9,0.8,0.5,0.31368161388880816,0.17279790934672207,0.5767790300269414,0.9851855154692623,0.8500000000000001,0.8319996699143836,0.9068111219874002,0.3667335413290761,0.2270535431641744,0.4000903753939135,0.13002614994388187,1.8754910728357987,0.22705354316417437,True,True
0.01,0.9,0.8,1.0,0.31368161388880816,0.3136816138888081,0.5336245894810999,0.9607296994499495,0.8500000000000001,0.8504179515233232,0.8857693198863998,0.3667335413290761,0.28785457571291384,0.3863507279768297,1.6653345369377348e-16,0.9176648007649904,0.2878545757129139,False,True
0.01,0.9,0.8,2.0,0.31368161388880816,0.40336069421224213,0.5149600462757139,0.9368626738208133,0.8500000000000001,0.8552050231241071,0.8704788088441839,0.3667335413290761,0.3274295569863121,0.37748720545846726,-0.018337883806897826,0.4513396196315068,0.32742955698631215,False,True
0.01,0.95,0.1,0.25,0.4792711039909036,0.41778993831343675,0.9720684736972646,0.9990369473702875,0.525,0.4756085907833329,0.9739254732276833,0.4656214547509651,0.40798094061058576,0.7618344728828812,0.010262604081515136,3.8815227693305916,0.40798094061058576,True,True
0.01,0.95,0.1,0.5,0.4792711039909036,0.4586133412402578,0.852683407721759,0.9929274673668681,0.525,0.5095084492943207,0.8613844357227409,0.4656214547509651,0.44152429162483575,0.6516335240206702,0.001717273161058963,1.9217306406856174,0.44152429162483564,True,True
0.01,0.95,0.1,1.0,0.4792711039909036,0.4792711039909036,0.7043051537235256,0.981005693354874,0.525,0.522240571276462,0.7204968502896058,0.4656214547509651,0.4557134234491648,0.5659015553591549,1.1102230246251565e-16,0.9508468581861637,0.45571342344916493,True,True
0.01,0.95,0.1,2.0,0.4792711039909036,0.48963109469422356,0.6059048144624068,0.9690648656695329,0.525,0.5255211815380617,0.6265705861892948,0.4656214547509651,0.46140183775990684,0.5166527160369478,-0.00021498217052196011,0.47161200249073876,0.46140183775990673,False,True
0.01,0.95,0.2,0.25,0.454386389775656,0.3247883304398709,0.9588957256720437,0.9990369473702875,0.575,0.4595178760961667,0.9661931134874064,0.4623029532217793,0.32736674621895834,0.7119269492418623,0.04879368506060666,3.8815227693305916,0.3273667462189584,True,True
0.01,0.95,0.2,0.5,0.454386389775656,0.40952574302783595,0.8257504823844175,0.9929274673668681,0.575,0.5247242102405968,0.8547602386740457,0.4623029532217793,0.39764306700508395,0.6143628617878388,0.00828796548403099,1.9217306406856174,0.3976430670050839,True,True
0.01,0.95,0.2,1.0,0.454386389775656,0.45438638977565604,0.6830629224852254,0.981005693354874,0.575,0.5548783573977543,0.7334760313805799,0.4623029532217793,0.43205187112073606,0.5432077911134048,0.0,0.9508468581861637,0.4320518711207361,True,True
0.01,0.95,0.2,2.0,0.454386389775656,0.4771455445263646,0.5939045616699508,0.9690648656695329,0.575,0.5669558741059847,0.6567511319412235,0.4623029532217793,0.44796800648865337,0.5033427465549475,-0.001043562489286054,0.47161200249073876,0.4479680064886535,True,True
0.01,0.95,0.4,0.25,0.405412423768382,0.17772279771532373,0.9129080115007547,0.9990369473702875,0.675,0.5064625222214947,0.9468656284392913,0.44825991759391326,0.22135132187374557,0.6101707174151803,0.19557020153381832,3.8815227693305916,0.22135132187374557,True,True
0.01,0.95,0.4,0.5,0.405412423768382,0.3173609931978024,0.760569510787053,0.9929274673668681,0.675,0.5881720499378068,0.8509625537874252,0.44825991759391326,0.32252204955290537,0.5414323959080523,0.035161754319173844,1.9217306406856174,0.3225220495529053,True,True
0.01,0.95,0.4,1.0,0.405412423768382,0.405412423768382,0.6382747116507973,0.981005693354874,0.675,0.6355469263662288,0.7708412413935538,0.44825991759391326,0.3854851294098036,0.4969829642429482,1.1102230246251565e-16,0.9508468581861637,0.3854851294098037,True,True
0.01,0.95,0.4,2.0,0.405412423768382,0.4522753383602406,0.5695782013086287,0.9690648656695329,0.675,0.6573740046696128,0.724126942615989,0.44825991759391326,0.4175276336040106,0.47294480427397845,-0.004534661199244283,0.47161200249073876,0.41752763360401046,True,True
0.01,0.95,0.6,0.25,0.3582510613152954,0.08851907938020527,0.8248660965837005,0.9990369473702875,0.7749999999999999,0.6353223832199053,0.9291520491700045,0.4245890675446049,0.18537063217106048,0.5118533812214334,0.3978937065497933,3.8815227693305916,0.18537063217106053,True,True
0.01,0.95,0.6,0.5,0.3582510613152954,0.23759211865688906,0.6804421241879715,0.9929274673668681,0.7749999999999999,0.6933564694501798,0.8673644005469116,0.4245890675446049,0.26694629904488376,0.47342391557350066,0.07730454368141076,1.9217306406856174,0.26694629904488376,True,True
0.01,0.95,0.6,1.0,0.3582510613152954,0.3582510613152954,0.5909475121136715,0.981005693354874,0.7749999999999999,0.7364956940115537,0.8251543665892072,0.4245890675446049,0.3406418960935073,0.4503536859174603,-5.551115123125783e-17,0.9508468581861637,0.3406418960935072,True,True
0.01,0.95,0.6,2.0,0.3582510613152954,0.4276411933502227,0.5449112380021055,0.9690648656695329,0.7749999999999999,0.7578273395785586,0.8011075928550658,0.4245890675446049,0.3826345453319182,0.43782030191075033,-0.010363446877468707,0.47161200249073876,0.3826345453319181,True,True
0.01,0.95,0.8,0.25,0.31368161388880816,0.041812323482511175,0.6791068380145628,0.9990369473702875,0.875,0.8083221972284181,0.9351673519767068,0.391733541329076,0.1946985215209066,0.4276085061785123,0.6164986004476433,3.8815227693305916,0.19469852152090666,True,True
0.01,0.95,0.8,0.5,0.31368161388880816,0.17279790934672207,0.5880244115836166,0.9929274673668681,0.875,0.8333374630165526,0.9134460604767201,0.391733541329076,0.23104859349094667,0.4135555424513985,0.13002614994388187,1.9217306406856174,0.23104859349094664,True,True
0.01,0.95,0.8,1.0,0.31368161388880816,0.3136816138888081,0.5418726283833253,0.981005693354874,0.875,0.8567781580146195,0.8980820308105517,0.391733541329076,0.2982631770369386,0.40419439033428395,1.6653345369377348e-16,0.9508468581861637,0.2982631770369386,True,True
0.01,0.95,0.8,2.0,0.31368161388880816,0.40336069421224213,0.5200218964798164,0.9690648656695329,0.875,0.8681941215833623,0.8879174320735759,0.391733541329076,0.3437837218331844,0.39846876778318974,-0.018337883806897826,0.47161200249073876,0.3437837218331845,True,True
0.01,0.99,0.1,0.25,0.4792711039909036,0.41778993831343675,0.9731464002695045,0.9998150277676352,0.545,0.4759336649445437,0.9756517551804784,0.4856214547509652,0.41220734866568204,0.7716735093206588,0.010262604081515136,3.921987200543633,0.41220734866568204,True,True
0.01,0.99,0.1,0.5,0.4792711039909036,0.4586133412402578,0.8570885160167379,0.998634843137919,0.545,0.512125927966396,0.870209604146013,0.4856214547509652,0.44966728943825574,0.6668127812217954,0.001717273161058963,1.9572420272117859,0.44966728943825574,True,True
0.01,0.99,0.1,1.0,0.4792711039909036,0.4792711039909036,0.7096446287550239,0.9962978032414466,0.545,0.5295696376641498,0.7360529218352198,0.4856214547509652,0.4680666407433891,0.5841239623184356,1.1102230246251565e-16,0.9766218677608253,0.46806664074338916,True,True
0.01,0.99,0.1,2.0,0.4792711039909036,0.48963109469422356,0.6097014721985029,0.9939107340081471,0.545,0.537686491251326,0.6450186905388117,0.4856214547509652,0.4769986555606122,0.5360138471693244,-0.00021498217052196011,0.48753911370744546,0.4769986555606121,True,True
0.01,0.99,0.2,0.25,0.454386389775656,0.3247883304398709,0.9604613342807562,0.9998150277676352,0.595,0.4597705875293692,0.968191408747503,0.4823029532217793,0.3306523399829291,0.7216352098059068,0.04879368506060666,3.921987200543633,0.33065233998292914,True,True
0.01,0.99,0.2,0.5,0.454386389775656,0.40952574302783595,0.83080113986962,0.998634843137919,0.595,0.5270615275439755,0.8635067380185782,0.4823029532217793,0.40491448048162265,0.6290696472672022,0.00828796548403099,1.9572420272117859,0.4049144804816227,True,True
0.01,0.99,0.2,1.0,0.454386389775656,0.45438638977565604,0.6886163906871252,0.9962978032414466,0.595,0.5618268840011666,0.7483437191802115,0.4823029532217793,0.4437636846677996,0.5608854291050431,0.0,0.9766218677608253,0.4437636846677996,True,True
0.01,0.99,0.2,2.0,0.454386389775656,0.4771455445263646,0.5977400755614042,0.9939107340081471,0.595,0.5788109694836432,0.6745522621350397,0.4823029532217793,0.4631671067971082,0.5223222343004519,-0.001043562489286054,0.48753911370744546,0.4631671067971083,True,True
0.01,0.99,0.4,0.25,0.405412423768382,0.17772279771532373,0.9160719214023084,0.9998150277676352,0.6950000000000001,0.5066008048465587,0.9494737049730765,0.46825991759391333,0.22314918485453084,0.6194218859698973,0.19557020153381832,3.921987200543633,0.22314918485453084,True,True
0.01,0.99,0.4,0.5,0.405412423768382,0.3173609931978024,0.7669763031337857,0.998634843137919,0.6950000000000001,0.5899833483810606,0.8591387389169949,0.46825991759391333,0.3281570140017932,0.5549938909636362,0.035161754319173844,1.9572420272117859,0.3281570140017932,True,True
0.01,0.99,0.4,1.0,0.405412423768382,0.405412423768382,0.6442041874359727,0.9962978032414466,0.6950000000000001,0.6417465376998767,0.7841375418070117,0.46825991759391333,0.39593463851412053,0.5135110099260622,1.1102230246251565e-16,0.9766218677608253,0.3959346385141206,True,True
0.01,0.99,0.4,2.0,0.405412423768382,0.4522753383602406,0.5734784693120157,0.9939107340081471,0.6950000000000001,0.6686111781793136,0.7405950186469679,0.46825991759391333,0.4319345128332849,0.49115041858400393,-0.004534661199244283,0.48753911370744546,0.4319345128332848,True,True
0.01,0.99,0.6,0.25,0.3582510613152954,0.08851907938020527,0.8306350470248045,0.9998150277676352,0.7949999999999999,0.6353912581803622,0.9321003743909931,0.4445890675446049,0.18626610072071603,0.5202271242384173,0.3978937065497933,3.921987200543633,0.18626610072071603,True,True
0.01,0.99,0.6,0.5,0.3582510613152954,0.23759211865688906,0.6881137785680588,0.998634843137919,0.7949999999999999,0.6947124969515948,0.8743061281805187,0.4445890675446049,0.27116491182548175,0.48557389355480174,0.07730454368141076,1.9572420272117859,0.27116491182548175,True,True
0.01,0.99,0.6,1.0,0.3582510613152954,0.3582510613152954,0.5971631531573492,0.9962978032414466,0.7949999999999999,0.7419741086081684,0.836654445772993,0.4445890675446049,0.34987582062904177,0.4656655325368916,-5.551115123125783e-17,0.9766218677608253,0.3498758206290417,True,True
0.01,0.99,0.6,2.0,0.3582510613152954,0.4276411933502227,0.548857983951897,0.9939107340081471,0.7949999999999999,0.7684524563647062,0.8162010513247235,0.4445890675446049,0.3962567230265864,0.455240901601035,-0.010363446877468707,0.48753911370744546,0.3962567230265863,True,True
0.01,0.99,0.8,0.25,0.31368161388880816,0.041812323482511175,0.6878602425665966,0.9998150277676352,0.895,0.8083547305776875,0.9374448134686968,0.4117335413290761,0.1951214994927605,0.43452280893318196,0.6164986004476433,3.921987200543633,0.19512149949276053,True,True
0.01,0.99,0.8,0.5,0.31368161388880816,0.17279790934672207,0.5965994000431818,0.998634843137919,0.895,0.8343236856176465,0.918505428243754,0.4117335413290761,0.23411674016580925,0.42407253415546026,0.13002614994388187,1.9572420272117859,0.23411674016580925,True,True
0.01,0.99,0.8,1.0,0.31368161388880816,0.3136816138888081,0.5482639372475298,0.9962978032414466,0.895,0.8615750117236046,0.9076230064781964,0.4117335413290761,0.30634832363831804,0.418243562437265,1.6653345369377348e-16,0.9766218677608253,0.30634832363831804,True,True
0.01,0.99,0.8,2.0,0.31368161388880816,0.40336069421224213,0.5239959381874146,0.9939107340081471,0.895,0.8782159682847317,0.9016084369912093,0.4117335413290761,0.3566324631075171,0.4150969633440002,-0.018337883806897826,0.48753911370744546,0.35663246310751723,True,True
0.05,0.01,0.1,0.25,0.4956056413673557,0.4824293509710614,0.5072918806229637,0.35546098713664714,0.055,0.22324187822275934,0.22959328459034847,-0.03624967870673131,0.01211399231804222,0.012423108707127721,0.000463347911047407,0.09948113908185557,0.012113992318042222,False,True
0.05,0.01,0.1,0.5,0.4956056413673557,0.4912119615364341,0.46553785987754853,0.06945315965638055,0.055,0.08499502663607042,0.08577928932041025,-0.03624967870673131,-0.025237108828424736,-0.024576077311475084,7.723856819408237e-05,-0.10291169634169026,-0.025237108828424726,False,True
0.05,0.01,0.1,1.0,0.4956056413673557,0.4956056413673557,0.4792711039909036,0.02672363098939524,0.055,0.0636838181394282,0.06488075372784263,-0.03624967870673131,-0.03240529858520167,-0.03187113345769614,1.1102230246251565e-16,-0.0653852496428346,-0.032405298585201595,False,True
0.05,0.01,0.1,2.0,0.4956056413673557,0.49780277825365454,0.48911828384525413,0.016380946025790093,0.055,0.05837420261669602,0.059100391823370776,-0.03624967870673131,-0.034611422043138,-0.03430965821004041,-9.655473576453133e-06,-0.0347447951348703,-0.03461142204313789,False,True
0.05,0.01,0.2,0.25,0.47063934527204243,0.38454250691217284,0.4083403806292569,0.35546098713664714,0.10500000000000001,0.2597813577205673,0.26348099866037855,-0.037938131889853906,0.014686103754868257,0.014981017153748284,0.020489688406457762,0.09948113908185557,0.014686103754868259,False,True
0.05,0.01,0.2,0.5,0.47063934527204243,0.4414804771055536,0.4162789878084339,0.06945315965638055,0.10500000000000001,0.14236611864047635,0.14565609344016886,-0.037938131889853906,-0.020995622000000397,-0.02034565759584054,0.003442260800670449,-0.10291169634169026,-0.020995622000000404,False,True
0.05,0.01,0.2,1.0,0.47063934527204243,0.47063934527204243,0.454386389775656,0.02672363098939524,0.10500000000000001,0.11844932313773215,0.12126557625183697,-0.037938131889853906,-0.030772871082352687,-0.030241085111633002,1.1102230246251565e-16,-0.0653852496428346,-0.03077287108235261,False,True
0.05,0.01,0.2,2.0,0.47063934527204243,0.48530699562267554,0.4766335980407797,0.016380946025790093,0.10500000000000001,0.11088838857669828,0.11248098963542823,-0.037938131889853906,-0.03458694915737735,-0.03428552731556338,-0.0004315824382594702,-0.0347447951348703,-0.03458694915737745,False,True
0.05,0.01,0.4,0.25,0.421266148466953,0.2192039247897127,0.23670491667132124,0.35546098713664714,0.20500000000000002,0.3902368735740936,0.38945739667155715,-0.0487653957297339,0.040259790793117436,0.04047545451374764,0.13923250704317575,0.09948113908185557,0.04025979079311744,False,False
0.05,0.01,0.4,0.5,0.421266148466953,0.34634240262817084,0.32342687920121876,0.06945315965638055,0.20500000000000002,0.2855176131342404,0.2930922669978397,-0.0487653957297339,-0.005574520071937804,-0.004981610861653831,0.024493644025646133,-0.10291169634169026,-0.005574520071937804,False,True
0.05,0.01,0.4,1.0,0.421266148466953,0.421266148466953,0.405412423768382,0.02672363098939524,0.20500000000000002,0.2427513017131735,0.2486691225039498,-0.0487653957297339,-0.027544592283587115,-0.02702531332364693,1.1102230246251565e-16,-0.0653852496428346,-0.027544592283587032,False,True
0.05,0.01,0.4,2.0,0.421266148466953,0.4603859646076334,0.4517670198565695,0.016380946025790093,0.20500000000000002,0.22338717179421563,0.2266935632258747,-0.0487653957297339,-0.03824950039164189,-0.03794988457753547,-0.0031287341725591,-0.0347447951348703,-0.03824950039164195,False,True
0.05,0.01,0.6,0.25,0.37341877888656605,0.11201604556579589,0.12229972064117725,0.35546098713664714,0.305,0.5726077067924839,0.5700929470409427,-0.06932968984978931,0.08486978733332462,0.08499604278498103,0.32833566552496807,0.09948113908185557,0.08486978733332462,False,False
0.05,0.01,0.6,0.5,0.37341877888656605,0.26208577144886525,0.24267535238902774,0.06945315965638055,0.305,0.4609512220587846,0.4712493585607268,-0.06932968984978931,0.01757471551249178,0.01807834821949431,0.062121122351806835,-0.10291169634169026,0.01757471551249179,False,True
0.05,0.01,0.6,1.0,0.37341877888656605,0.37341877888656605,0.3582510613152954,0.02672363098939524,0.305,0.3859278383195354,0.39462313237497193,-0.06932968984978931,-0.024416080078820547,-0.023918757394393933,-5.551115123125783e-17,-0.0653852496428346,-0.02441608007882063,False,True
0.05,0.01,0.6,2.0,0.37341877888656605,0.43566143596364154,0.42713897027148806,0.016380946025790093,0.305,0.3457396848898537,0.350713558254636,-0.06932968984978931,-0.04669615216722464,-0.04639980557445304,-0.008211108742892215,-0.0347447951348703,-0.046696152167224704,False,True
0.05,0.01,0.8,0.25,0.32792657151981736,0.05364083451765081,0.05892095099860394,0.35546098713664714,0.405,0.776154556374357,0.7738073386061106,-0.0992404952967175,0.13759005100728233,0.13765474396580282,0.5450239527100121,0.09948113908185557,0.13759005100728233,False,False
0.05,0.01,0.8,0.5,0.32792657151981736,0.1922966257751153,0.1768163833197766,0.06945315965638055,0.405,0.6595183076312501,0.6708273498447509,-0.0992404952967175,0.04607132792897818,0.04647391274945922,0.11193222781725673,-0.10291169634169026,0.04607132792897821,False,True
0.05,0.01,0.8,1.0,0.32792657151981736,0.32792657151981736,0.3136816138888081,0.02672363098939524,0.405,0.5464221314730593,0.5574374205866759,-0.0992404952967175,-0.0214415607433422,-0.020974036625793106,-5.551115123125783e-17,-0.0653852496428346,-0.021441560743342167,False,True
0.05,0.01,0.8,2.0,0.32792657151981736,0.41125276013505524,0.40286691527107765,0.016380946025790093,0.405,0.47773450115868543,0.48430580897777,-0.0992404952967175,-0.05959599863573077,-0.05930432053849846,-0.015509106418322927,-0.0347447951348703,-0.05959599863573076,False,True
0.05,0.05,0.1,0.25,0.4956056413673557,0.4824293509710614,0.7115425470321863,0.7418413371607369,0.07500000000000001,0.4096430997128525,0.556697419833895,-0.01624967870673131,0.11749079735341054,0.14626544630938904,0.000463347911047407,0.97319916492966,0.11749079735341053,False,True
0.05,0.05,0.1,0.5,0.4956056413673557,0.4912119615364341,0.5192946911682137,0.2800045621650741,0.07500000000000001,0.18842039406661304,0.19347541351838168,-0.01624967870673131,0.027638071470972428,0.028427161104676083,7.723856819408237e-05,0.11237288318691846,0.02763807147097244,False,True
0.05,0.05,0.1,1.0,0.4956056413673557,0.4956056413673557,0.4956056413673557,0.12516099799833538,0.07500000000000001,0.11246993255040776,0.11246993255040776,-0.01624967870673131,-6.8867685651001016e-18,-6.8867685651001016e-18,1.1102230246251565e-16,2.7755575615628914e-17,1.2477812231701954e-16,False,False
0.05,0.05,0.1,2.0,0.4956056413673557,0.49780277825365454,0.4954804030999678,0.07984616815180759,0.07500000000000001,0.08996736651351284,0.09001417127184866,-0.01624967870673131,-0.009268423287273852,-0.009246848345330808,-9.655473576453133e-06,-0.009289936440860763,-0.009268423287273616,False,True
0.05,0.05,0.2,0.25,0.47063934527204243,0.38454250691217284,0.6231376914358968,0.7418413371607369,0.125,0.4083610261404337,0.537641759962881,-0.017938131889853902,0.09868153375333559,0.12774391985003908,0.020489688406457762,0.97319916492966,0.09868153375333559,False,True
0.05,0.05,0.2,0.5,0.47063934527204243,0.4414804771055536,0.4693427823229709,0.2800045621650741,0.125,0.23532045227525783,0.23754956380508696,-0.017938131889853902,0.02652634744187894,0.02730778147489372,0.003442260800670449,0.11237288318691846,0.026526347441878928,False,True
0.05,0.05,0.2,1.0,0.47063934527204243,0.47063934527204243,0.47063934527204243,0.12516099799833538,0.125,0.1647778210971235,0.1647778210971235,-0.017938131889853902,-6.539845348766613e-18,-6.539845348766613e-18,1.1102230246251565e-16,2.7755575615628914e-17,1.240851683979039e-16,False,False
0.05,0.05,0.2,2.0,0.47063934527204243,0.48530699562267554,0.4829868504438929,0.07984616815180759,0.125,0.14168850485320156,0.1419672791868764,-0.017938131889853902,-0.00988010716379845,-0.009858552104435732,-0.0004315824382594702,-0.009289936440860763,-0.009880107163798436,False,True
0.05,0.05,0.4,0.25,0.421266148466953,0.2192039247897127,0.4262635363130533,0.7418413371607369,0.225,0.47493296276099706,0.5457144972361184,-0.028765395729733897,0.08814039589945702,0.11184408677732569,0.13923250704317575,0.97319916492966,0.08814039589945703,False,True
0.05,0.05,0.4,0.5,0.421266148466953,0.34634240262817084,0.37220173127542616,0.2800045621650741,0.225,0.3584404917558324,0.3553374902926878,-0.028765395729733897,0.03170656918942913,0.03242921012246036,0.024493644025646133,0.11237288318691846,0.03170656918942913,False,False
0.05,0.05,0.4,1.0,0.421266148466953,0.421266148466953,0.421266148466953,0.12516099799833538,0.225,0.28421963217825763,0.28421963217825763,-0.028765395729733897,-5.853772085400029e-18,-5.853772085400029e-18,1.1102230246251565e-16,2.7755575615628914e-17,1.2271478690059494e-16,False,False
0.05,0.05,0.4,2.0,0.421266148466953,0.4603859646076334,0.4580789245428304,0.07984616815180759,0.225,0.2526056693017399,0.25334427701871387,-0.028765395729733897,-0.014811381044056837,-0.014789946082815392,-0.0031287341725591,-0.009289936440860763,-0.014811381044056774,False,True
0.05,0.05,0.6,0.25,0.37341877888656605,0.11201604556579589,0.25028133765104144,0.7418413371607369,0.325,0.6158885056865104,0.6355002395988015,-0.04932968984978929,0.10933739688208084,0.12439782993366635,0.32833566552496807,0.97319916492966,0.10933739688208084,False,True
0.05,0.05,0.6,0.5,0.37341877888656605,0.26208577144886525,0.28439120056192024,0.2800045621650741,0.325,0.516133748814916,0.5089961132597881,-0.04932968984978929,0.045786228065891776,0.046407535288030495,0.062121122351806835,0.11237288318691846,0.04578622806589179,False,False
0.05,0.05,0.6,1.0,0.37341877888656605,0.37341877888656605,0.37341877888656605,0.12516099799833538,0.325,0.42268619970482263,0.42268619970482263,-0.04932968984978929,-5.188901201687283e-18,-5.188901201687283e-18,-5.551115123125783e-17,2.7755575615628914e-17,-4.514669807757592e-17,False,False
0.05,0.05,0.6,2.0,0.37341877888656605,0.43566143596364154,0.4333787878464929,0.07984616815180759,0.325,0.37338903469502593,0.3745763628599218,-0.04932968984978929,-0.024516751585457193,-0.02449554162969153,-0.008211108742892215,-0.009289936440860763,-0.02451675158545715,False,True
0.05,0.05,0.8,0.25,0.32792657151981736,0.05364083451765081,0.1304356447659288,0.7418413371607369,0.42500000000000004,0.7968803207908712,0.7924140373138366,-0.07924049529671748,0.14930679201717997,0.1574134430274133,0.5450239527100121,0.97319916492966,0.14930679201717997,False,False
0.05,0.05,0.8,0.5,0.32792657151981736,0.1922966257751153,0.21035566553020332,0.2800045621650741,0.42500000000000004,0.7000066318858901,0.6906160136015648,-0.07924049529671748,0.06677057704136113,0.0672722366371658,0.11193222781725673,0.11237288318691846,0.06677057704136116,False,False
0.05,0.05,0.8,1.0,0.32792657151981736,0.32792657151981736,0.32792657151981736,0.12516099799833538,0.42500000000000004,0.578702359745739,0.578702359745739,-0.07924049529671748,-1.164794660370857e-16,-1.164794660370857e-16,-5.551115123125783e-17,2.7755575615628914e-17,-4.64093604790656e-17,False,False
0.05,0.05,0.8,2.0,0.32792657151981736,0.41125276013505524,0.40900531332345513,0.07984616815180759,0.42500000000000004,0.5038347489305945,0.5054532563638434,-0.07924049529671748,-0.03865923684221242,-0.038638352393668716,-0.015509106418322927,-0.009289936440860763,-0.0386592368422123,False,True
0.05,0.1,0.1,0.25,0.4956056413673557,0.4824293509710614,0.8099983246226027,0.8584864497582141,0.1,0.46591612567719976,0.7143727535530993,0.008750321293268692,0.18347647967639485,0.2506441234244703,0.000463347911047407,1.5203108378837582,0.18347647967639485,False,True
0.05,0.1,0.1,0.5,0.4956056413673557,0.4912119615364341,0.5729821400370643,0.45085306037928397,0.1,0.272343219999969,0.30103253737467545,0.008750321293268692,0.08088829690966634,0.087641451021861,7.723856819408237e-05,0.3291844822861568,0.08088829690966635,False,True
0.05,0.1,0.1,1.0,0.4956056413673557,0.4956056413673557,0.5146370863175307,0.231969316684074,0.1,0.16540473783602216,0.16791630462160734,0.008750321293268692,0.03773688343136082,0.03846153296265314,1.1102230246251565e-16,0.07614296586141814,0.03773688343136092,False,True
0.05,0.1,0.1,2.0,0.4956056413673557,0.49780277825365454,0.5032136366157297,0.15482809896025468,0.1,0.1272935799887811,0.12759024706651687,0.008750321293268692,0.02152924421531534,0.021646355461466107,-9.655473576453133e-06,0.021643667034224906,0.021529244215315477,False,True
0.05,0.1,0.2,0.25,0.47063934527204243,0.38454250691217284,0.7407747627273882,0.8584864497582141,0.15000000000000002,0.45321603015772016,0.6877901435788413,0.0070618681101460995,0.15127845732300604,0.22128956127588528,0.020489688406457762,1.5203108378837582,0.15127845732300604,False,True
0.05,0.1,0.2,0.5,0.47063934527204243,0.4414804771055536,0.5234898726181929,0.45085306037928397,0.15000000000000002,0.31074672877963455,0.3313190366238352,0.0070618681101460995,0.07438539154805382,0.0811214290435926,0.003442260800670449,0.3291844822861568,0.07438539154805382,False,True
0.05,0.1,0.2,1.0,0.47063934527204243,0.47063934527204243,0.48964275146521696,0.231969316684074,0.15000000000000002,0.21504601827298717,0.21565354418365285,0.0070618681101460995,0.03583587560008932,0.0365589987175952,1.1102230246251565e-16,0.07614296586141814,0.03583587560008942,False,True
0.05,0.1,0.2,2.0,0.47063934527204243,0.48530699562267554,0.490714748471054,0.15482809896025468,0.15000000000000002,0.17807776041983636,0.17783348194332205,0.0070618681101460995,0.02014448116875561,0.020261514646820664,-0.0004315824382594702,0.021643667034224906,0.020144481168755522,False,False
0.05,0.1,0.4,0.25,0.421266148466953,0.2192039247897127,0.5621763259828626,0.8584864497582141,0.25,0.5005020292499021,0.6577502278379991,-0.003765395729733889,0.11812265240190804,0.17943256422932308,0.13923250704317575,1.5203108378837582,0.11812265240190804,False,True
0.05,0.1,0.4,0.5,0.421266148466953,0.34634240262817084,0.42409840416054984,0.45085306037928397,0.25,0.4176125711127566,0.4215667017535344,-0.003765395729733889,0.06925209426427212,0.0755702507091265,0.024493644025646133,0.3291844822861568,0.06925209426427212,False,True
0.05,0.1,0.4,1.0,0.421266148466953,0.421266148466953,0.4399327673024649,0.231969316684074,0.25,0.3292143612152296,0.32607779649710056,-0.003765395729733889,0.032076453961290316,0.0327858677812389,1.1102230246251565e-16,0.07614296586141814,0.03207645396129041,False,False
0.05,0.1,0.4,2.0,0.421266148466953,0.4603859646076334,0.4657673204343498,0.15482809896025468,0.25,0.28712629784512966,0.28580694060692224,-0.003765395729733889,0.013671412705277965,0.013787853951965155,-0.0031287341725591,0.021643667034224906,0.013671412705277938,False,False
0.05,0.1,0.6,0.25,0.37341877888656605,0.11201604556579589,0.365864244124538,0.8584864497582141,0.35,0.6289546299342569,0.6945709495572243,-0.024329689849789296,0.12465871840388212,0.1662565703802431,0.32833566552496807,1.5203108378837582,0.12465871840388212,False,True
0.05,0.1,0.6,0.5,0.37341877888656605,0.26208577144886525,0.3304896477298331,0.45085306037928397,0.35,0.5609107092702673,0.5507084804647668,-0.024329689849789296,0.07419784567038476,0.07970104551105459,0.062121122351806835,0.3291844822861568,0.07419784567038477,False,False
0.05,0.1,0.6,1.0,0.37341877888656605,0.37341877888656605,0.3913991094054629,0.231969316684074,0.35,0.4625704316433783,0.4559531183162625,-0.024329689849789296,0.028433213332772257,0.029115707761050914,-5.551115123125783e-17,0.07614296586141814,0.02843321333277219,False,False
0.05,0.1,0.6,2.0,0.37341877888656605,0.43566143596364154,0.4409899719225307,0.15482809896025468,0.35,0.4060557703423604,0.40368365585978305,-0.024329689849789296,0.0024364046335143223,0.002551682374836245,-0.008211108742892215,0.021643667034224906,0.0024364046335142754,False,False
0.05,0.1,0.8,0.25,0.32792657151981736,0.05364083451765081,0.20587025562653574,0.8584864497582141,0.45,0.8031372619730053,0.8120406203624122,-0.054240495296717484,0.15664367369508145,0.18009981583139367,0.5450239527100121,1.5203108378837582,0.15664367369508145,False,True
0.05,0.1,0.8,0.5,0.32792657151981736,0.1922966257751153,0.24862272693830623,0.45085306037928397,0.45,0.7328602216112284,0.7131941357693334,-0.054240495296717484,0.08761664650920642,0.0921096106356433,0.11193222781725673,0.3291844822861568,0.08761664650920645,False,False
0.05,0.1,0.8,1.0,0.32792657151981736,0.32792657151981736,0.34492224555025475,0.231969316684074,0.45,0.6137276455021493,0.6040735811692253,-0.054240495296717484,0.024969301740285246,0.025613665452007474,-5.551115123125783e-17,0.07614296586141814,0.02496930174028529,False,False
0.05,0.1,0.8,2.0,0.32792657151981736,0.41125276013505524,0.41650308975928907,0.15482809896025468,0.45,0.5346712749358241,0.5312839097910719,-0.054240495296717484,-0.0132161772221077,-0.013102611442934967,-0.015509106418322927,0.021643667034224906,-0.013216177222107663,False,False
0.05,0.25,0.1,0.25,0.4956056413673557,0.4824293509710614,0.9061235482327102,0.9479149938275157,0.175,0.5090590801508399,0.8683157428067051,0.08375032129326872,0.2820364100381566,0.4269074521831634,0.000463347911047407,2.3375076370699994,0.28203641003815666,False,True
0.05,0.25,0.1,0.5,0.4956056413673557,0.4912119615364341,0.6801494271163153,0.7112345942275939,0.175,0.4002457439894628,0.5157308590975714,0.08375032129326872,0.1939726303284568,0.23212740700654666,7.723856819408237e-05,0.7896143670352187,0.19397263032845682,False,True
0.05,0.25,0.1,1.0,0.4956056413673557,0.4956056413673557,0.5639906584187007,0.47536688641867175,0.175,0.28603394649159314,0.3117034174198443,0.08375032129326872,0.13626771603042823,0.1456947509507699,1.1102230246251565e-16,0.27495190662977753,0.1362677160304283,False,True
0.05,0.25,0.1,2.0,0.4956056413673557,0.49780277825365454,0.5250534573731668,0.35466124439244345,0.175,0.22677107497209126,0.2337107668272054,0.08375032129326872,0.10858808208541185,0.1115620064114776,-9.655473576453133e-06,0.10908676867330008,0.10858808208541211,False,True
0.05,0.25,0.2,0.25,0.47063934527204243,0.38454250691217284,0.8661335080639948,0.9479149938275157,0.225,0.4876051066836351,0.8477942373374872,0.08206186811014612,0.22984018377292614,0.3865031491032858,0.020489688406457762,2.3375076370699994,0.2298401837729262,False,True
0.05,0.25,0.2,0.5,0.47063934527204243,0.4414804771055536,0.6351693986294367,0.7112345942275939,0.225,0.4257000925724623,0.524720569774105,0.08206186811014612,0.17602079414438923,0.21464934731225593,0.003442260800670449,0.7896143670352187,0.17602079414438926,False,True
0.05,0.25,0.2,1.0,0.47063934527204243,0.47063934527204243,0.5392625051349307,0.47536688641867175,0.225,0.32959849113368456,0.3484950370013389,0.08206186811014612,0.12940318531753828,0.138841511175316,1.1102230246251565e-16,0.27495190662977753,0.12940318531753836,False,True
0.05,0.25,0.2,2.0,0.47063934527204243,0.48530699562267554,0.5125718059691157,0.35466124439244345,0.225,0.27505818385536107,0.2792749933516655,0.08206186811014612,0.10501797905753114,0.10799209436770979,-0.0004315824382594702,0.10908676867330008,0.10501797905753119,False,True
0.05,0.25,0.4,0.25,0.421266148466953,0.2192039247897127,0.7440633238053412,0.9479149938275157,0.325,0.5201051170981227,0.8076834514700844,0.07123460427026612,0.16290583882871174,0.3136541150591239,0.13923250704317575,2.3375076370699994,0.16290583882871174,False,True
0.05,0.25,0.4,0.5,0.421266148466953,0.34634240262817084,0.5385380603036429,0.7112345942275939,0.325,0.5077937371457887,0.5676116746747198,0.07123460427026612,0.14898529052717302,0.18633886364226204,0.024493644025646133,0.7896143670352187,0.14898529052717305,False,True
0.05,0.25,0.4,1.0,0.421266148466953,0.421266148466953,0.48934511813214326,0.47536688641867175,0.325,0.4317495179635402,0.43688041793779675,0.07123460427026612,0.11582793071957168,0.1251487186085805,1.1102230246251565e-16,0.27495190662977753,0.11582793071957177,False,True
0.05,0.25,0.4,2.0,0.421266148466953,0.4603859646076334,0.487577013554607,0.35466124439244345,0.325,0.37912667326550537,0.37789386494258537,0.07123460427026612,0.09418656609805577,0.09714994237386915,-0.0031287341725591,0.10908676867330008,0.09418656609805585,False,False
0.05,0.25,0.6,0.25,0.37341877888656605,0.11201604556579589,0.5664044197326032,0.9479149938275157,0.425,0.6389720618016066,0.7970605901951462,0.05067031015021073,0.14754350687734924,0.2612942705149488,0.32833566552496807,2.3375076370699994,0.14754350687734924,False,True
0.05,0.25,0.6,0.5,0.37341877888656605,0.26208577144886525,0.4389212132511902,0.7112345942275939,0.425,0.6291530044399405,0.6488232230538793,0.05067031015021073,0.13453390644166976,0.16804369161160848,0.062121122351806835,0.7896143670352187,0.13453390644166976,False,True
0.05,0.25,0.6,1.0,0.37341877888656605,0.37341877888656605,0.4396393209514561,0.47536688641867175,0.425,0.5534596549176296,0.5452063825770391,0.05067031015021073,0.10267220522622467,0.11169776243755715,-5.551115123125783e-17,0.27495190662977753,0.10267220522622458,False,False
0.05,0.25,0.6,2.0,0.37341877888656605,0.43566143596364154,0.46264419450827304,0.35466124439244345,0.425,0.493115365434479,0.48649544903027986,0.05067031015021073,0.07862757908390251,0.08156559667721172,-0.008211108742892215,0.10908676867330008,0.07862757908390257,False,False
0.05,0.25,0.8,0.25,0.32792657151981736,0.05364083451765081,0.3698631579819867,0.9479149938275157,0.525,0.807934283706581,0.854708306729931,0.020759504703282555,0.1676024532634572,0.23792727797098018,0.5450239527100121,2.3375076370699994,0.1676024532634572,False,True
0.05,0.25,0.8,0.5,0.32792657151981736,0.1922966257751153,0.34399497320833056,0.7112345942275939,0.525,0.7829307119844073,0.7694651466194946,0.020759504703282555,0.13188620313084132,0.15997932806092385,0.11193222781725673,0.7896143670352187,0.13188620313084137,False,False
0.05,0.25,0.8,1.0,0.32792657151981736,0.32792657151981736,0.39111542886052564,0.47536688641867175,0.525,0.6935441760614716,0.6730309805593111,0.020759504703282555,0.09016403607393979,0.098738891739069,-5.551115123125783e-17,0.27495190662977753,0.09016403607393983,False,False
0.05,0.25,0.8,2.0,0.32792657151981736,0.41125276013505524,0.43789680538208187,0.35466124439244345,0.525,0.6168532075612816,0.6049875816066193,0.020759504703282555,0.05870625658557188,0.061604794839417054,-0.015509106418322927,0.10908676867330008,0.05870625658557202,False,False
0.05,0.5,0.1,0.25,0.4956056413673557,0.4824293509710614,0.9490686625471816,0.9820137900379085,0.3,0.5255093402755142,0.9370916480594484,0.2087503212932687,0.3613727199020897,0.5797827456086284,0.000463347911047407,2.995314295841821,0.3613727199020897,False,True
0.05,0.5,0.1,0.5,0.4956056413673557,0.4912119615364341,0.7744796228857901,0.8807970779778825,0.3,0.48353686423543174,0.7047114265026373,0.2087503212932687,0.3116970386202733,0.4068491110028756,7.723856819408237e-05,1.2689366047250055,0.3116970386202735,False,True
0.05,0.5,0.1,1.0,0.4956056413673557,0.4956056413673557,0.6271745414799288,0.7310585786300049,0.3,0.41275619160229543,0.49578387469924895,0.2087503212932687,0.2664833838260039,0.30224804921403153,1.1102230246251565e-16,0.5376923940792666,0.266483383826004,False,True
0.05,0.5,0.1,2.0,0.4956056413673557,0.49780277825365454,0.5574772460156563,0.6224593312018546,0.3,0.3600817065968295,0.39125918911359153,0.2087503212932687,0.2386460057448787,0.252982749018667,-9.655473576453133e-06,0.23971874718065594,0.23864600574487901,False,True
0.05,0.5,0.2,0.25,0.47063934527204243,0.38454250691217284,0.9258761233594298,0.9820137900379085,0.35,0.5007175432610669,0.9240478963339138,0.20706186811014612,0.2930788391798353,0.5342794671482523,0.020489688406457762,2.995314295841821,0.2930788391798353,False,True
0.05,0.5,0.2,0.5,0.47063934527204243,0.4414804771055536,0.7376482318300848,0.8807970779778825,0.35,0.5005586187977424,0.7021887608054733,0.20706186811014612,0.28182649923568354,0.37952280239790287,0.003442260800670449,1.2689366047250055,0.28182649923568365,False,True
0.05,0.5,0.2,1.0,0.47063934527204243,0.47063934527204243,0.6035106500494174,0.7310585786300049,0.35,0.44993706174752696,0.5204995080033139,0.20706186811014612,0.25305919630722307,0.2890207859680301,1.1102230246251565e-16,0.5376923940792666,0.2530591963072232,False,True
0.05,0.5,0.2,2.0,0.47063934527204243,0.48530699562267554,0.5451094609093166,0.6224593312018546,0.35,0.40502246879833687,0.4302865782875534,0.20706186811014612,0.23181120510083272,0.2461644317916251,-0.0004315824382594702,0.23971874718065594,0.2318112051008328,False,True
0.05,0.5,0.4,0.25,0.421266148466953,0.2192039247897127,0.8487721001366856,0.9820137900379085,0.45,0.5275797070580454,0.8939970668789876,0.19623460427026612,0.1989542891676094,0.4451896364686404,0.13923250704317575,2.995314295841821,0.19895428916760938,False,True
0.05,0.5,0.4,0.5,0.421266148466953,0.34634240262817084,0.6533462590303188,0.8807970779778825,0.45,0.5665204151634637,0.7141269722495581,0.19623460427026612,0.231990098244469,0.3293754449274619,0.024493644025646133,1.2689366047250055,0.23199009824446906,False,True
0.05,0.5,0.4,1.0,0.421266148466953,0.421266148466953,0.5548075180609188,0.7310585786300049,0.45,0.5394637723364062,0.5836737883424885,0.19623460427026612,0.22651160391374772,0.26233597036294143,1.1102230246251565e-16,0.5376923940792666,0.22651160391374783,False,True
0.05,0.5,0.4,2.0,0.421266148466953,0.4603859646076334,0.520221415205427,0.6224593312018546,0.45,0.5024171537813349,0.5157281081034817,0.19623460427026612,0.2144688249654811,0.2288013695129656,-0.0031287341725591,0.23971874718065594,0.21446882496548123,False,True
0.05,0.5,0.6,0.25,0.37341877888656605,0.11201604556579589,0.7160603524031393,0.9820137900379085,0.55,0.6427916741116487,0.8735449291174036,0.17567031015021073,0.16596473204296633,0.36713190797667733,0.32833566552496807,2.995314295841821,0.16596473204296633,False,True
0.05,0.5,0.6,0.5,0.37341877888656605,0.26208577144886525,0.5581804682698515,0.8807970779778825,0.55,0.6735929188024206,0.7567354444745005,0.17567031015021073,0.1973456756604318,0.2875236096374042,0.062121122351806835,1.2689366047250055,0.19734567566043185,False,True
0.05,0.5,0.6,1.0,0.37341877888656605,0.37341877888656605,0.5050284572006671,0.7310585786300049,0.55,0.6489397343946253,0.6661883117684237,0.17567031015021073,0.200784437213674,0.23577813695056202,-5.551115123125783e-17,0.5376923940792666,0.20078443721367398,False,True
0.05,0.5,0.6,2.0,0.37341877888656605,0.43566143596364154,0.4952325953852838,0.6224593312018546,0.55,0.6097846644821829,0.6111225928817121,0.17567031015021073,0.1924502097624749,0.20669103049021356,-0.008211108742892215,0.23971874718065594,0.192450209762475,False,True
0.05,0.5,0.8,0.25,0.32792657151981736,0.05364083451765081,0.5312100575371687,0.9820137900379085,0.65,0.8097633715913539,0.8966875558785955,0.14575950470328256,0.17642377779540425,0.3118728332483859,0.5450239527100121,2.995314295841821,0.17642377779540425,False,True
0.05,0.5,0.8,0.5,0.32792657151981736,0.1922966257751153,0.45854061981348754,0.8807970779778825,0.65,0.8155370054676357,0.837048742215097,0.14575950470328256,0.1779722276142032,0.255929528853672,0.11193222781725673,1.2689366047250055,0.17797222761420328,False,True
0.05,0.5,0.8,1.0,0.32792657151981736,0.32792657151981736,0.45514950388170505,0.7310585786300049,0.65,0.7773922760544345,0.7686213462665472,0.14575950470328256,0.17632362332269633,0.20985616514358302,-5.551115123125783e-17,0.5376923940792666,0.1763236233226964,False,False
0.05,0.5,0.8,2.0,0.32792657151981736,0.41125276013505524,0.47026757075797154,0.6224593312018546,0.65,0.7269859099205391,0.7165083809735504,0.14575950470328256,0.1661517800316785,0.18023164438863742,-0.015509106418322927,0.23971874718065594,0.1661517800316787,False,False
0.05,0.75,0.1,0.25,0.4956056413673557,0.4824293509710614,0.9650548273875484,0.9939318344798832,0.425,0.5312589547205003,0.9626932322202182,0.33375032129326876,0.40881986750457716,0.6739572617829749,0.000463347911047407,3.3887161276912563,0.40881986750457716,False,True
0.05,0.75,0.1,0.5,0.4956056413673557,0.4912119615364341,0.8258421750206136,0.9568354670200037,0.425,0.5208878304688825,0.8076108657186031,0.33375032129326876,0.3909444916008137,0.5360734063975439,7.723856819408237e-05,1.5915975298892324,0.3909444916008136,False,True
0.05,0.75,0.1,1.0,0.4956056413673557,0.4956056413673557,0.6743638040951212,0.8907682274269642,0.425,0.49190919452686754,0.6332654700052035,0.33375032129326876,0.3695071251622842,0.43757762498161834,1.1102230246251565e-16,0.7455668263638587,0.36950712516228423,False,True
0.05,0.75,0.1,2.0,0.4956056413673557,0.49780277825365454,0.5857569134703628,0.8318243439635804,0.425,0.46430419161872843,0.52867116892258,0.33375032129326876,0.353660459785653,0.38506058405443855,-9.655473576453133e-06,0.35524085660344507,0.35366045978565325,False,True
0.05,0.75,0.2,0.25,0.47063934527204243,0.38454250691217284,0.948748778007076,0.9939318344798832,0.475,0.5053005379482746,0.9532418577837053,0.3320618681101461,0.33089877084064107,0.6265290273410371,0.020489688406457762,3.3887161276912563,0.33089877084064107,False,True
0.05,0.75,0.2,0.5,0.47063934527204243,0.4414804771055536,0.795180781145827,0.9568354670200037,0.475,0.5341280830703957,0.8018210178638333,0.3320618681101461,0.35305074882809473,0.5033020519093153,0.003442260800670449,1.5915975298892324,0.3530507488280947,False,True
0.05,0.75,0.2,1.0,0.47063934527204243,0.47063934527204243,0.6520333205425992,0.8907682274269642,0.475,0.5251027062909557,0.6504039010545288,0.3320618681101461,0.35089308301644107,0.41956324002769135,1.1102230246251565e-16,0.7455668263638587,0.3508930830164411,False,True
0.05,0.75,0.2,2.0,0.47063934527204243,0.48530699562267554,0.5735749292199435,0.8318243439635804,0.475,0.5066287741302331,0.5623986033683479,0.3320618681101461,0.34393858080476836,0.3754047299311386,-0.0004315824382594702,0.35524085660344507,0.3439385808047683,False,True
0.05,0.75,0.4,0.25,0.421266148466953,0.2192039247897127,0.8926791790446192,0.9939318344798832,0.575,0.5301921891755444,0.9301905824119667,0.3212346042702662,0.2205130955578241,0.5309309600930536,0.13923250704317575,3.3887161276912563,0.22051309555782408,True,True
0.05,0.75,0.4,0.5,0.421266148466953,0.34634240262817084,0.722408820022117,0.9568354670200037,0.575,0.5928557335162876,0.8022628526763853,0.3212346042702662,0.2878656782722725,0.4404639256243974,0.024493644025646133,1.5915975298892324,0.2878656782722724,False,True
0.05,0.75,0.4,1.0,0.421266148466953,0.421266148466953,0.6053933435843194,0.8907682274269642,0.575,0.6067440409581109,0.6971078181269595,0.3212346042702662,0.3140820653670323,0.3829532404786555,1.1102230246251565e-16,0.7455668263638587,0.31408206536703237,False,True
0.05,0.75,0.4,2.0,0.421266148466953,0.4603859646076334,0.5489556326022884,0.8318243439635804,0.575,0.5988058671367315,0.6370524059135955,0.3212346042702662,0.3208383405257199,0.3523193805770536,-0.0031287341725591,0.35524085660344507,0.3208383405257199,False,True
0.05,0.75,0.6,0.25,0.37341877888656605,0.11201604556579589,0.7889161476143787,0.9939318344798832,0.675,0.6441266863209161,0.9107791852805346,0.30067031015021073,0.1769815614234948,0.4412584699550247,0.32833566552496807,3.3887161276912563,0.1769815614234948,True,True
0.05,0.75,0.6,0.5,0.37341877888656605,0.26208577144886525,0.6356288321301811,0.9568354670200037,0.675,0.6935214986542537,0.8268149111645526,0.30067031015021073,0.23962809440446736,0.38388783933425574,0.062121122351806835,1.5915975298892324,0.2396280944044673,False,True
0.05,0.75,0.6,1.0,0.37341877888656605,0.37341877888656605,0.5567516233292691,0.8907682274269642,0.675,0.7085783164247882,0.7618856826325364,0.30067031015021073,0.2784086538791246,0.346148125958168,-5.551115123125783e-17,0.7455668263638587,0.27840865387912445,False,True
0.05,0.75,0.6,2.0,0.37341877888656605,0.43566143596364154,0.5240943021057313,0.8318243439635804,0.675,0.7009969265825026,0.7214978177607118,0.30067031015021073,0.2931072659158375,0.3244470651209689,-0.008211108742892215,0.35524085660344507,0.29310726591583747,False,True
0.05,0.75,0.8,0.25,0.32792657151981736,0.05364083451765081,0.626774627958651,0.9939318344798832,0.775,0.8104026654410399,0.9215515534054675,0.2707595047032826,0.1816993784356983,0.36886591636689475,0.5450239527100121,3.3887161276912563,0.1816993784356983,False,True
0.05,0.75,0.8,0.5,0.32792657151981736,0.1922966257751153,0.539030867833751,0.9568354670200037,0.775,0.8301589311098111,0.8845391578949042,0.2707595047032826,0.20899553120348216,0.33639801274927317,0.11193222781725673,1.5915975298892324,0.20899553120348216,False,True
0.05,0.75,0.8,1.0,0.32792657151981736,0.32792657151981736,0.5069967780549285,0.8907682274269642,0.775,0.8297653136230554,0.8460191988552279,0.2707595047032826,0.2444911732084111,0.3098518937185991,-5.551115123125783e-17,0.7455668263638587,0.2444911732084111,False,True
0.05,0.75,0.8,2.0,0.32792657151981736,0.41125276013505524,0.4991129791912904,0.8318243439635804,0.775,0.81308784929451,0.8158839431264711,0.2707595047032826,0.26116935274517034,0.292214564974846,-0.015509106418322927,0.35524085660344507,0.26116935274517045,False,True
0.05,0.9,0.1,0.25,0.4956056413673557,0.4824293509710614,0.9705929430213597,0.99796906211513,0.5,0.5332066318282949,0.9715624347404542,0.40875032129326877,0.4303202853140161,0.7170936761917309,0.000463347911047407,3.5669840358619487,0.4303202853140161,False,True
0.05,0.9,0.1,0.5,0.4956056413673557,0.4912119615364341,0.8467798281859901,0.985185515469262,0.5,0.5348137133772958,0.8495572387017888,0.40875032129326877,0.4285524269173626,0.6001164112828516,7.723856819408237e-05,1.744720573550129,0.4285524269173626,False,True
0.05,0.9,0.1,1.0,0.4956056413673557,0.4956056413673557,0.6973481531849406,0.9607296994499495,0.5,0.5265824947398234,0.7002282663028513,0.40875032129326877,0.42239455355817784,0.5107752952484903,1.1102230246251565e-16,0.8522795511221555,0.422394553558178,False,True
0.05,0.9,0.1,2.0,0.4956056413673557,0.49780277825365454,0.6010538417125229,0.9368626738208133,0.5,0.5165925640447828,0.6029995250858138,0.40875032129326877,0.4167879633008586,0.46031358583960014,-9.655473576453133e-06,0.4186469948100894,0.41678796330085865,False,True
0.05,0.9,0.2,0.25,0.47063934527204243,0.38454250691217284,0.9567552795616325,0.99796906211513,0.55,0.5068530235841074,0.963461113105495,0.40706186811014616,0.3480366679181278,0.6689951039313312,0.020489688406457762,3.5669840358619487,0.3480366679181278,True,True
0.05,0.9,0.2,0.5,0.47063934527204243,0.4414804771055536,0.8189967011727431,0.985185515469262,0.55,0.5466440759857398,0.8430643469779455,0.40706186811014616,0.38685116601372826,0.5651082889888931,0.003442260800670449,1.744720573550129,0.3868511660137282,True,True
0.05,0.9,0.2,1.0,0.47063934527204243,0.47063934527204243,0.6758361712147525,0.9607296994499495,0.55,0.5580293276781219,0.7141286474056032,0.40706186811014616,0.40111628992888143,0.4904209341361482,1.1102230246251565e-16,0.8522795511221555,0.4011162899288816,False,True
0.05,0.9,0.2,2.0,0.47063934527204243,0.48530699562267554,0.5890060718347376,0.9368626738208133,0.55,0.5576046104184704,0.6340165889888388,0.40706186811014616,0.40548146567897386,0.449121182821373,-0.0004315824382594702,0.4186469948100894,0.40548146567897364,False,True
0.05,0.9,0.4,0.25,0.421266148466953,0.2192039247897127,0.9086010806319125,0.99796906211513,0.65,0.53107716531846,0.9433153360222584,0.39623460427026613,0.23028235184159107,0.5710782150548269,0.13923250704317575,3.5669840358619487,0.23028235184159104,True,True
0.05,0.9,0.4,0.5,0.421266148466953,0.34634240262817084,0.7520479676756875,0.985185515469262,0.65,0.6026745574108288,0.8400875776219081,0.39623460427026613,0.314382179691899,0.49692099877627555,0.024493644025646133,1.744720573550129,0.314382179691899,True,True
0.05,0.9,0.4,1.0,0.421266148466953,0.421266148466953,0.6305790312514659,0.9607296994499495,0.65,0.6362164408183124,0.7535843906730748,0.39623460427026613,0.35903652391837393,0.44890587219473,1.1102230246251565e-16,0.8522795511221555,0.3590365239183741,True,True
0.05,0.9,0.4,2.0,0.421266148466953,0.4603859646076334,0.5646013973359462,0.9368626738208133,0.65,0.6471640399488284,0.7031134158167435,0.39623460427026613,0.3792209327263417,0.42292692215495176,-0.0031287341725591,0.4186469948100894,0.37922093272634155,True,True
0.05,0.9,0.6,0.25,0.37341877888656605,0.11201604556579589,0.8170776649533862,0.99796906211513,0.75,0.6445789205956655,0.9251716319967195,0.37567031015021074,0.18197377795463665,0.47705691872914835,0.32833566552496807,3.5669840358619487,0.18197377795463665,True,True
0.05,0.9,0.6,0.5,0.37341877888656605,0.26208577144886525,0.6703049892344791,0.985185515469262,0.75,0.7009516429726903,0.8581917727999009,0.37567031015021074,0.2596937799166995,0.4338903507043712,0.062121122351806835,1.744720573550129,0.2596937799166995,True,True
0.05,0.9,0.6,1.0,0.37341877888656605,0.37341877888656605,0.5829029224278117,0.9607296994499495,0.75,0.734703243876718,0.8102703960158817,0.37567031015021074,0.3182571892500259,0.40695941393399526,-5.551115123125783e-17,0.8522795511221555,0.3182571892500259,True,True
0.05,0.9,0.6,2.0,0.37341877888656605,0.43566143596364154,0.5398796233207047,0.9368626738208133,0.75,0.7467580761993273,0.7818652934531861,0.37567031015021074,0.34835448435586913,0.3919102196307027,-0.008211108742892215,0.4186469948100894,0.348354484355869,True,True
0.05,0.9,0.8,0.25,0.32792657151981736,0.05364083451765081,0.6674496073532467,0.99796906211513,0.8500000000000001,0.8106192257005322,0.9321343727768341,0.34575950470328254,0.18408998827619627,0.3977136779476622,0.5450239527100121,3.5669840358619487,0.18408998827619627,True,True
0.05,0.9,0.8,0.5,0.32792657151981736,0.1922966257751153,0.5767790300269413,0.985185515469262,0.8500000000000001,0.8356105497671645,0.9068111219874001,0.34575950470328254,0.2237180535156852,0.3791163387681199,0.11193222781725673,1.744720573550129,0.2237180535156852,True,True
0.05,0.9,0.8,1.0,0.32792657151981736,0.32792657151981736,0.5336245894810998,0.9607296994499495,0.8500000000000001,0.8527075392820327,0.8857693198863998,0.34575950470328254,0.2794851111759372,0.36537669135103623,-5.551115123125783e-17,0.8522795511221555,0.2794851111759373,False,True
0.05,0.9,0.8,2.0,0.32792657151981736,0.41125276013505524,0.5149600462757139,0.9368626738208133,0.8500000000000001,0.8562851523682733,0.870478808844184,0.34575950470328254,0.3133212514391449,0.3565131688326736,-0.015509106418322927,0.4186469948100894,0.3133212514391449,False,True
0.05,0.95,0.1,0.25,0.4956056413673557,0.4824293509710614,0.9720684736972646,0.9990369473702875,0.525,0.5337218110188521,0.9739254732276833,0.4337503212932688,0.4367122010263767,0.7299633394251847,0.000463347911047407,3.6199817707592516,0.4367122010263767,False,True
0.05,0.95,0.1,0.5,0.4956056413673557,0.4912119615364341,0.8526834077217589,0.9929274673668681,0.525,0.5386166527550396,0.8613844357227408,0.4337503212932688,0.4399091413294159,0.6197623905629737,7.723856819408237e-05,1.7909601413999474,0.43990914132941583,False,True
0.05,0.95,0.1,1.0,0.4956056413673557,0.4956056413673557,0.7043051537235255,0.981005693354874,0.525,0.5366313917034342,0.7204968502896056,0.4337503212932688,0.4388397684082868,0.5340304219014586,1.1102230246251565e-16,0.8854616085433287,0.4388397684082869,False,True
0.05,0.95,0.1,2.0,0.4956056413673557,0.49780277825365454,0.6059048144624068,0.9690648656695329,0.525,0.5326229046129325,0.6265705861892948,0.4337503212932688,0.4369712603191534,0.48478158257925136,-9.655473576453133e-06,0.43891937766932126,0.43697126031915356,False,True
0.05,0.95,0.2,0.25,0.47063934527204243,0.38454250691217284,0.9588957256720437,0.9990369473702875,0.575,0.5072636708572202,0.9661931134874064,0.4320618681101462,0.3531316383776467,0.6816858641302289,0.020489688406457762,3.6199817707592516,0.3531316383776467,True,True
0.05,0.95,0.2,0.5,0.47063934527204243,0.4414804771055536,0.8257504823844174,0.9929274673668681,0.575,0.5500619966032232,0.8547602386740457,0.4320618681101462,0.39705809925147456,0.5841217766762055,0.003442260800670449,1.7909601413999474,0.3970580992514745,True,True
0.05,0.95,0.2,1.0,0.47063934527204243,0.47063934527204243,0.6830629224852252,0.981005693354874,0.575,0.5675720081742754,0.7334760313805797,0.4320618681101462,0.4167330717083617,0.5129667060017716,1.1102230246251565e-16,0.8854616085433287,0.4167330717083618,True,True
0.05,0.95,0.2,2.0,0.47063934527204243,0.48530699562267554,0.5939045616699508,0.9690648656695329,0.575,0.5732325593970375,0.6567511319412235,0.4320618681101462,0.4251581241180267,0.4731016614433142,-0.0004315824382594702,0.43891937766932126,0.4251581241180266,True,True
0.05,0.95,0.4,0.25,0.421266148466953,0.2192039247897127,0.9129080115007546,0.9990369473702875,0.675,0.5313112499576156,0.9468656284392913,0.42123460427026616,0.23318667971520443,0.5831454040915329,0.13923250704317575,3.6199817707592516,0.23318667971520443,True,True
0.05,0.95,0.4,0.5,0.421266148466953,0.34634240262817084,0.7605695107870529,0.9929274673668681,0.675,0.6053559236320774,0.8509625537874251,0.42123460427026616,0.3223895412046963,0.5144070825844052,0.024493644025646133,1.7909601413999474,0.32238954120469626,True,True
0.05,0.95,0.4,1.0,0.421266148466953,0.421266148466953,0.6382747116507972,0.981005693354874,0.675,0.6447580306769793,0.7708412413935537,0.42123460427026616,0.3730150014464009,0.46995765091930103,1.1102230246251565e-16,0.8854616085433287,0.373015001446401,True,True
0.05,0.95,0.4,2.0,0.421266148466953,0.4603859646076334,0.5695782013086287,0.9690648656695329,0.675,0.6619894771055813,0.724126942615989,0.42123460427026616,0.3978871738014272,0.44591949095033123,-0.0031287341725591,0.43891937766932126,0.39788717380142713,True,True
0.05,0.95,0.6,0.25,0.37341877888656605,0.11201604556579589,0.8248660965837002,0.9990369473702875,0.7749999999999999,0.6446985408790662,0.9291520491700044,0.40067031015021076,0.18345792712642173,0.48793462382703906,0.32833566552496807,3.6199817707592516,0.18345792712642173,True,True
0.05,0.95,0.6,0.5,0.37341877888656605,0.26208577144886525,0.6804421241879712,0.9929274673668681,0.7749999999999999,0.7029806984082945,0.8673644005469114,0.40067031015021076,0.26575314632239044,0.4495051581791064,0.062121122351806835,1.7909601413999474,0.26575314632239044,True,True
0.05,0.95,0.6,1.0,0.37341877888656605,0.37341877888656605,0.5909475121136715,0.981005693354874,0.7749999999999999,0.7422746807614065,0.8251543665892072,0.40067031015021076,0.33064799261318434,0.426434928523066,-5.551115123125783e-17,0.8854616085433287,0.3306479926131843,True,True
0.05,0.95,0.6,2.0,0.37341877888656605,0.43566143596364154,0.5449112380021055,0.9690648656695329,0.7749999999999999,0.7607873293413172,0.8011075928550659,0.40067031015021076,0.3660182752095845,0.4139015445163561,-0.008211108742892215,0.43891937766932126,0.36601827520958446,True,True
0.05,0.95,0.8,0.25,0.32792657151981736,0.05364083451765081,0.6791068380145625,0.9990369473702875,0.875,0.8106765079567879,0.9351673519767068,0.37075950470328256,0.1848006989580554,0.40663446955271876,0.5450239527100121,3.6199817707592516,0.1848006989580554,True,True
0.05,0.95,0.8,0.5,0.32792657151981736,0.1922966257751153,0.5880244115836165,0.9929274673668681,0.875,0.8370993009939874,0.9134460604767202,0.37075950470328256,0.22816390995309502,0.392581505825605,0.11193222781725673,1.7909601413999474,0.22816390995309502,True,True
0.05,0.95,0.8,1.0,0.32792657151981736,0.32792657151981736,0.5418726283833253,0.981005693354874,0.875,0.8593565764474312,0.8980820308105519,0.37075950470328256,0.2903663895020363,0.38322035370849034,-5.551115123125783e-17,0.8854616085433287,0.29036638950203636,True,True
0.05,0.95,0.8,2.0,0.32792657151981736,0.41125276013505524,0.5200218964798164,0.9690648656695329,0.875,0.8695283926484578,0.887917432073576,0.37075950470328256,0.3299953982498924,0.37749473115739607,-0.015509106418322927,0.43891937766932126,0.3299953982498924,True,True
0.05,0.99,0.1,0.25,0.4956056413673557,0.4824293509710614,0.9731464002695045,0.9998150277676352,0.545,0.5340971798399479,0.9756517551804784,0.4537503212932688,0.4415925083482569,0.7398023758629623,0.000463347911047407,3.660446201972293,0.4415925083482569,True,True
0.05,0.99,0.1,0.5,0.4956056413673557,0.4912119615364341,0.8570885160167376,0.998634843137919,0.545,0.5414201840027629,0.8702096041460128,0.4537503212932688,0.4486309502456146,0.634941647764099,7.723856819408237e-05,1.826471527926116,0.4486309502456147,True,True
0.05,0.99,0.1,1.0,0.4956056413673557,0.4956056413673557,0.7096446287550238,0.9962978032414466,0.545,0.5442102476316291,0.7360529218352196,0.4537503212932688,0.4516140085597868,0.5522528288607391,1.1102230246251565e-16,0.9112366181179903,0.45161400855978684,True,True
0.05,0.99,0.1,2.0,0.4956056413673557,0.49780277825365454,0.6097014721985029,0.9939107340081471,0.545,0.5449912469000192,0.6450186905388117,0.4537503212932688,0.4528283807456164,0.5041427137116279,-9.655473576453133e-06,0.45484648888602797,0.45282838074561654,True,True
0.05,0.99,0.2,0.25,0.47063934527204243,0.38454250691217284,0.9604613342807562,0.9998150277676352,0.595,0.5075628758437956,0.968191408747503,0.4520618681101462,0.3570217118325063,0.6913941246942734,0.020489688406457762,3.660446201972293,0.3570217118325063,True,True
0.05,0.99,0.2,0.5,0.47063934527204243,0.4414804771055536,0.8308011398696199,0.998634843137919,0.595,0.5525816915816475,0.8635067380185781,0.4520618681101462,0.40489689118460076,0.5988285621555689,0.003442260800670449,1.826471527926116,0.40489689118460076,True,True
0.05,0.99,0.2,1.0,0.47063934527204243,0.47063934527204243,0.688616390687125,0.9962978032414466,0.595,0.5747690767591201,0.7483437191802114,0.4520618681101462,0.4288638053389612,0.5306443439934098,1.1102230246251565e-16,0.9112366181179903,0.42886380533896123,True,True
0.05,0.99,0.2,2.0,0.47063934527204243,0.48530699562267554,0.5977400755614041,0.9939107340081471,0.595,0.585290433114087,0.6745522621350396,0.4520618681101462,0.44061720110508296,0.49208114918881873,-0.0004315824382594702,0.45484648888602797,0.44061720110508285,True,True
0.05,0.99,0.4,0.25,0.421266148466953,0.2192039247897127,0.9160719214023084,0.9998150277676352,0.6950000000000001,0.5314818082345162,0.9494737049730766,0.4412346042702662,0.23540417024927499,0.5923965726462501,0.13923250704317575,3.660446201972293,0.23540417024927496,True,True
0.05,0.99,0.4,0.5,0.421266148466953,0.34634240262817084,0.7669763031337856,0.998634843137919,0.6950000000000001,0.607332629869325,0.8591387389169948,0.4412346042702662,0.3285390906697616,0.5279685776399891,0.024493644025646133,1.826471527926116,0.32853909066976167,True,True
0.05,0.99,0.4,1.0,0.421266148466953,0.421266148466953,0.6442041874359726,0.9962978032414466,0.6950000000000001,0.6512000789108292,0.7841375418070116,0.4412346042702662,0.38387314045661747,0.48648569660241503,1.1102230246251565e-16,0.9112366181179903,0.3838731404566175,True,True
0.05,0.99,0.4,2.0,0.421266148466953,0.4603859646076334,0.5734784693120157,0.9939107340081471,0.6950000000000001,0.6734281661671685,0.7405950186469679,0.4412346042702662,0.4125524107232602,0.4641251052603568,-0.0031287341725591,0.45484648888602797,0.41255241072326015,True,True
0.05,0.99,0.6,0.25,0.37341877888656605,0.11201604556579589,0.8306350470248043,0.9998150277676352,0.7949999999999999,0.6447856983683093,0.932100374390993,0.4206703101502108,0.18459109351906025,0.49630836684402313,0.32833566552496807,3.660446201972293,0.18459109351906025,True,True
0.05,0.99,0.6,0.5,0.37341877888656605,0.26208577144886525,0.6881137785680587,0.998634843137919,0.7949999999999999,0.7044765203901988,0.8743061281805187,0.4206703101502108,0.27040666088885523,0.46165513616040754,0.062121122351806835,1.826471527926116,0.2704066608888553,True,True
0.05,0.99,0.6,1.0,0.37341877888656605,0.37341877888656605,0.5971631531573491,0.9962978032414466,0.7949999999999999,0.7479850417618494,0.836654445772993,0.4206703101502108,0.3402728652143441,0.44174677514249727,-5.551115123125783e-17,0.9112366181179903,0.34027286521434397,True,True
0.05,0.99,0.6,2.0,0.37341877888656605,0.43566143596364154,0.548857983951897,0.9939107340081471,0.7949999999999999,0.7716117160194814,0.8162010513247235,0.4206703101502108,0.37989593149643053,0.43132214420664083,-0.008211108742892215,0.45484648888602797,0.3798959314964305,True,True
0.05,0.99,0.8,0.25,0.32792657151981736,0.05364083451765081,0.6878602425665963,0.9998150277676352,0.895,0.8107182448386235,0.9374448134686968,0.3907595047032826,0.18534333542269282,0.41354877230738835,0.5450239527100121,3.660446201972293,0.18534333542269282,True,True
0.05,0.99,0.8,0.5,0.32792657151981736,0.1922966257751153,0.5965994000431815,0.998634843137919,0.895,0.8381968100967911,0.9185054282437539,0.3907595047032826,0.231578269855884,0.40309849752966675,0.11193222781725673,1.826471527926116,0.23157826985588403,True,True
0.05,0.99,0.8,1.0,0.32792657151981736,0.32792657151981736,0.5482639372475296,0.9962978032414466,0.895,0.8643712656138394,0.9076230064781964,0.3907595047032826,0.2988187000227456,0.39726952581147146,-5.551115123125783e-17,0.9112366181179903,0.2988187000227456,True,True
0.05,0.99,0.8,2.0,0.32792657151981736,0.41125276013505524,0.5239959381874145,0.9939107340081471,0.895,0.8797463245806652,0.9016084369912092,0.3907595047032826,0.3430955351475895,0.3941229267182068,-0.015509106418322927,0.45484648888602797,0.34309553514758956,True,True
0.1,0.01,0.1,0.25,0.5146370863175307,0.5582987130495436,0.5072918806229636,0.3554609871366472,0.055,0.24262354035275613,0.22959328459034847,-0.07471121166938448,-0.027343116988623323,-0.02603842425552537,0.005129419516224476,-0.20509072436381698,-0.0273431169886233,False,False
0.1,0.01,0.1,0.5,0.5146370863175307,0.5292491068178816,0.4655378598775484,0.06945315965638055,0.055,0.08383311203203098,0.08577928932041023,-0.07471121166938448,-0.06710325326350781,-0.06303761027412817,0.0008566101881770649,-0.2551976280645267,-0.06710325326350781,False,True
0.1,0.01,0.1,1.0,0.5146370863175307,0.5146370863175307,0.47927110399090356,0.02672363098939524,0.055,0.06228926295645418,0.06488075372784263,-0.07471121166938448,-0.07283566845882827,-0.07033266642034926,0.0,-0.14152821550425282,-0.07283566845882825,False,True
0.1,0.01,0.1,2.0,0.5146370863175307,0.5073201117871026,0.48911828384525413,0.016380946025790093,0.055,0.057578372190272065,0.059100391823370776,-0.07471121166938448,-0.07409663783589349,-0.07277119117269357,-0.00010715658979632003,-0.0728162780655794,-0.07409663783589361,False,True
0.1,0.01,0.2,0.25,0.48964275146521696,0.45865966912109635,0.408340380629257,0.3554609871366472,0.10500000000000001,0.2713036849213336,0.26348099866037855,-0.07449713060744913,-0.022873856563630886,-0.021577981563846913,0.0025714175219907487,-0.20509072436381698,-0.022873856563630876,False,False
0.1,0.01,0.2,0.5,0.48964275146521696,0.4792943875097487,0.4162789878084339,0.06945315965638055,0.10500000000000001,0.13742963211617198,0.14565609344016886,-0.07449713060744913,-0.060942896240618896,-0.05690465631343575,0.00042899835589016444,-0.2551976280645267,-0.060942896240618896,False,True
0.1,0.01,0.2,1.0,0.48964275146521696,0.48964275146521696,0.454386389775656,0.02672363098939524,0.10500000000000001,0.11515648191374524,0.12126557625183697,-0.07449713060744913,-0.0692982648494645,-0.06680008382922824,1.1102230246251565e-16,-0.14152821550425282,-0.06929826484946441,False,True
0.1,0.01,0.2,2.0,0.48964275146521696,0.49482082008891626,0.4766335980407797,0.016380946025790093,0.10500000000000001,0.10914146912853048,0.11248098963542823,-0.07449713060744913,-0.07216931071890742,-0.0708445260331586,-5.3644931221175085e-05,-0.0728162780655794,-0.07216931071890748,False,True
0.1,0.01,0.4,0.25,0.4399327673024649,0.275730487268651,0.23670491667132124,0.3554609871366472,0.20500000000000002,0.387719236280723,0.38945739667155715,-0.08155126351097283,0.006672425186357744,0.007689586732508764,0.08323946610854688,-0.20509072436381698,0.006672425186357758,False,True
0.1,0.01,0.4,0.5,0.4399327673024649,0.3815746830952848,0.3234268792012186,0.06945315965638055,0.20500000000000002,0.2738716941477357,0.2930922669978397,-0.08155126351097283,-0.04152390922881294,-0.037767478642892705,0.014329135597764275,-0.2551976280645267,-0.041523909228812925,False,True
0.1,0.01,0.4,1.0,0.4399327673024649,0.4399327673024649,0.405412423768382,0.02672363098939524,0.20500000000000002,0.2357834940125486,0.2486691225039498,-0.08155126351097283,-0.06226289949816553,-0.059811181104885855,0.0,-0.14152821550425282,-0.06226289949816556,False,True
0.1,0.01,0.4,2.0,0.4399327673024649,0.4698572310957215,0.4517670198565694,0.016380946025790093,0.20500000000000002,0.21975381350411766,0.2266935632258747,-0.08155126351097283,-0.0720542673722672,-0.07073575235877427,-0.0018138788955442964,-0.0728162780655794,-0.07205426737226711,False,True
0.1,0.01,0.6,0.25,0.3913991094054629,0.1460729411563266,0.12229972064117728,0.3554609871366472,0.305,0.5642794671635853,0.5700929470409427,-0.09844539761084022,0.05525563092909448,0.05588033502393011,0.2509807290280822,-0.20509072436381698,0.055255630929094496,False,True
0.1,0.01,0.6,0.5,0.3913991094054629,0.29258343020963,0.2426753523890278,0.06945315965638055,0.305,0.44477078556538285,0.4712493585607268,-0.09844539761084022,-0.01428449710308477,-0.011037359541556643,0.046097603194311054,-0.2551976280645267,-0.014284497103084753,False,True
0.1,0.01,0.6,1.0,0.3913991094054629,0.39139910940546296,0.3582510613152954,0.02672363098939524,0.305,0.37562013972605174,0.39462313237497193,-0.09844539761084022,-0.05539401750410902,-0.05303446515544487,-5.551115123125783e-17,-0.14152821550425282,-0.05539401750410904,False,True
0.1,0.01,0.6,2.0,0.3913991094054629,0.44504355963791037,0.427138970271488,0.016380946025790093,0.305,0.3402640987468079,0.350713558254636,-0.09844539761084022,-0.07682128161061065,-0.07551551333550388,-0.0060042252154158815,-0.0728162780655794,-0.07682128161061047,False,True
0.1,0.01,0.8,0.25,0.3449222455502547,0.07137616949424076,0.05892095099860397,0.3554609871366472,0.405,0.7682705080710629,0.7738073386061106,-0.12485416074872502,0.1117122817587264,0.11204107851379527,0.461487717338794,-0.20509072436381698,0.11171228175872641,False,True
0.1,0.01,0.8,0.5,0.3449222455502547,0.2170621088824433,0.1768163833197766,0.06945315965638055,0.405,0.6414259621976085,0.6708273498447509,-0.12485416074872502,0.018226335219765334,0.02086024729745168,0.09184640576901426,-0.2551976280645267,0.01822633521976536,False,True
0.1,0.01,0.8,1.0,0.3449222455502547,0.3449222455502547,0.31368161388880816,0.02672363098939524,0.405,0.5332797783699148,0.557437420586676,-0.12485416074872502,-0.04881622990044723,-0.04658770207780084,-5.551115123125783e-17,-0.14152821550425282,-0.04881622990044731,False,True
0.1,0.01,0.8,2.0,0.3449222455502547,0.4205009071558944,0.40286691527107765,0.016380946025790093,0.405,0.4704874769392009,0.48430580897777,-0.12485416074872502,-0.08620478060332855,-0.08491798599050601,-0.012483079319372314,-0.0728162780655794,-0.08620478060332862,False,True
0.1,0.05,0.1,0.25,0.5146370863175307,0.5582987130495436,0.7115425470321863,0.741841337160737,0.07500000000000001,0.45833919251883765,0.5566974198338951,-0.05471121166938446,0.09460579536113094,0.10780391334673589,0.005129419516224476,0.6686273014839874,0.09460579536113095,False,True
0.1,0.05,0.1,0.5,0.5146370863175307,0.5292491068178816,0.5192946911682137,0.2800045621650741,0.07500000000000001,0.1952672537490093,0.19347541351838168,-0.05471121166938446,-0.010133667549918117,-0.010034371857977046,0.0008566101881770649,-0.03991304853591782,-0.0101336675499181,False,False
0.1,0.05,0.1,1.0,0.5146370863175307,0.5146370863175307,0.4956056413673557,0.12516099799833538,0.07500000000000001,0.11294878269870455,0.11246993255040777,-0.05471121166938446,-0.03918599409449554,-0.03846153296265328,0.0,-0.0761429658614182,-0.03918599409449547,False,False
0.1,0.05,0.1,2.0,0.5146370863175307,0.5073201117871026,0.49548040309996777,0.07984616815180762,0.07500000000000001,0.08977555577383657,0.09001417127184867,-0.05471121166938446,-0.04826911431955402,-0.047708381307983896,-0.00010715658979632003,-0.047361419371569874,-0.04826911431955399,False,True
0.1,0.05,0.2,0.25,0.48964275146521696,0.45865966912109635,0.6231376914358969,0.741841337160737,0.125,0.44852076841827604,0.5376417599628811,-0.05449713060744911,0.07731094859649199,0.09118492113244392,0.0025714175219907487,0.6686273014839874,0.077310948596492,False,True
0.1,0.05,0.2,0.5,0.48964275146521696,0.4792943875097487,0.46934278232297094,0.2800045621650741,0.125,0.23834573762089484,0.23754956380508696,-0.05449713060744911,-0.009350550897889732,-0.009251217242701493,0.00042899835589016444,-0.03991304853591782,-0.009350550897889718,False,False
0.1,0.05,0.2,1.0,0.48964275146521696,0.48964275146521696,0.47063934527204243,0.12516099799833538,0.125,0.16335562514299407,0.1647778210971235,-0.05449713060744911,-0.0372828513091069,-0.03655899871759523,1.1102230246251565e-16,-0.0761429658614182,-0.03728285130910678,False,True
0.1,0.05,0.2,2.0,0.48964275146521696,0.49482082008891626,0.48298685044389295,0.07984616815180762,0.125,0.1405453823880517,0.14196727918687643,-0.05449713060744911,-0.04697812261047303,-0.0464175508220311,-5.3644931221175085e-05,-0.047361419371569874,-0.04697812261047293,False,True
0.1,0.05,0.4,0.25,0.4399327673024649,0.275730487268651,0.42626353631305325,0.741841337160737,0.225,0.4942560784638973,0.5457144972361185,-0.061551263510972815,0.06690009943696247,0.0790582189960868,0.08323946610854688,0.6686273014839874,0.06690009943696248,False,True
0.1,0.05,0.4,0.5,0.4399327673024649,0.3815746830952848,0.37220173127542616,0.2800045621650741,0.225,0.3542127788352582,0.3553374902926878,-0.061551263510972815,-0.0004503366243476647,-0.00035665765877852286,0.014329135597764275,-0.03991304853591782,-0.000450336624347643,False,True
0.1,0.05,0.4,1.0,0.4399327673024649,0.4399327673024649,0.421266148466953,0.12516099799833538,0.225,0.27908931728676,0.28421963217825763,-0.061551263510972815,-0.03349778568203083,-0.03278586778123893,0.0,-0.0761429658614182,-0.033497785682030816,False,True
0.1,0.05,0.4,2.0,0.4399327673024649,0.4698572310957215,0.45807892454283033,0.07984616815180762,0.225,0.24957340704312314,0.25334427701871387,-0.061551263510972815,-0.04813396852446699,-0.047575813864054226,-0.0018138788955442964,-0.047361419371569874,-0.04813396852446677,False,True
0.1,0.05,0.6,0.25,0.3913991094054629,0.1460729411563266,0.2502813376510415,0.741841337160737,0.325,0.6207191812966151,0.6355002395988016,-0.0784453976108402,0.08716227137331653,0.09528212217261545,0.2509807290280822,0.6686273014839874,0.08716227137331654,False,True
0.1,0.05,0.6,0.5,0.3913991094054629,0.29258343020963,0.28439120056192035,0.2800045621650741,0.325,0.506374637146825,0.5089961132597881,-0.0784453976108402,0.017209853271774357,0.017291827526979525,0.046097603194311054,-0.03991304853591782,0.01720985327177438,False,True
0.1,0.05,0.6,1.0,0.3913991094054629,0.39139910940546296,0.37341877888656605,0.12516099799833538,0.325,0.41414843750556957,0.42268619970482263,-0.0784453976108402,-0.029802289025649718,-0.029115707761050928,-5.551115123125783e-17,-0.0761429658614182,-0.029802289025649707,False,True
0.1,0.05,0.6,2.0,0.3913991094054629,0.44504355963791037,0.4333787878464929,0.07984616815180762,0.325,0.3685088871149814,0.3745763628599219,-0.0784453976108402,-0.05416423976408676,-0.053611249390742716,-0.0060042252154158815,-0.047361419371569874,-0.05416423976408644,False,True
0.1,0.05,0.8,0.25,0.3449222455502547,0.07137616949424076,0.13043564476592887,0.741841337160737,0.42500000000000004,0.7958488574236263,0.7924140373138364,-0.104854160748725,0.12730294323449798,0.13179977757540576,0.461487717338794,0.6686273014839874,0.12730294323449798,False,False
0.1,0.05,0.8,0.5,0.3449222455502547,0.2170621088824433,0.21035566553020338,0.2800045621650741,0.42500000000000004,0.6871286936543017,0.6906160136015647,-0.104854160748725,0.04159139764094028,0.04165857118515835,0.09184640576901426,-0.03991304853591782,0.04159139764094032,False,True
0.1,0.05,0.8,1.0,0.3449222455502547,0.3449222455502547,0.32792657151981736,0.12516099799833538,0.42500000000000004,0.567233016044693,0.5787023597457389,-0.104854160748725,-0.026263402767776757,-0.025613665452007547,-5.551115123125783e-17,-0.0761429658614182,-0.0262634027677768,False,True
0.1,0.05,0.8,2.0,0.3449222455502547,0.4205009071558944,0.40900531332345513,0.07984616815180762,0.42500000000000004,0.4971746604160416,0.5054532563638434,-0.104854160748725,-0.06479719825861645,-0.0642520178456763,-0.012483079319372314,-0.047361419371569874,-0.06479719825861639,False,True
0.1,0.1,0.1,0.25,0.5146370863175307,0.5582987130495436,0.8099983246226027,0.8584864497582142,0.1,0.5234620087655283,0.7143727535530994,-0.02971121166938446,0.17096873108729485,0.21218259046181706,0.005129419516224476,1.2157389744380858,0.17096873108729493,False,True
0.1,0.1,0.1,0.5,0.5146370863175307,0.5292491068178816,0.5729821400370642,0.450853060379284,0.1,0.2856886688300564,0.30103253737467545,-0.02971121166938446,0.047240005035596125,0.04917991805920789,0.0008566101881770649,0.1768985505633205,0.04724000503559615,False,True
0.1,0.1,0.1,1.0,0.5146370863175307,0.5146370863175307,0.5146370863175307,0.23196931668407397,0.1,0.16791630462160734,0.16791630462160734,-0.02971121166938446,-5.557004908840996e-17,-5.557004908840996e-17,0.0,-5.551115123125783e-17,-2.856809712778633e-17,False,False
0.1,0.1,0.1,2.0,0.5146370863175307,0.5073201117871026,0.5032136366157297,0.15482809896025468,0.1,0.12781539729359073,0.12759024706651687,-0.02971121166938446,-0.016882635973637147,-0.016815177501187162,-0.00010715658979632003,-0.016427815896484205,-0.016882635973637254,False,False
0.1,0.1,0.2,0.25,0.48964275146521696,0.45865966912109635,0.7407747627273882,0.8584864497582142,0.15000000000000002,0.5020211771668279,0.6877901435788413,-0.02949713060744911,0.140045463318846,0.18473056255829004,0.0025714175219907487,1.2157389744380858,0.14004546331884607,False,True
0.1,0.1,0.2,0.5,0.48964275146521696,0.4792943875097487,0.5234898726181929,0.450853060379284,0.15000000000000002,0.32023246392943494,0.3313190366238353,-0.02949713060744911,0.04260774039974957,0.044562430325997396,0.00042899835589016444,0.1768985505633205,0.04260774039974958,False,True
0.1,0.1,0.2,1.0,0.48964275146521696,0.48964275146521696,0.48964275146521696,0.23196931668407397,0.15000000000000002,0.21565354418365285,0.21565354418365287,-0.02949713060744911,0.0,-1.0978075882085907e-16,1.1102230246251565e-16,-5.551115123125783e-17,8.38416696366408e-17,False,False
0.1,0.1,0.2,2.0,0.48964275146521696,0.49482082008891626,0.490714748471054,0.15482809896025468,0.15000000000000002,0.17764800288253785,0.17783348194332205,-0.02949713060744911,-0.016364940530778416,-0.01629748407077455,-5.3644931221175085e-05,-0.016427815896484205,-0.016364940530778447,False,True
0.1,0.1,0.4,0.25,0.4399327673024649,0.275730487268651,0.5621763259828626,0.8584864497582142,0.25,0.5264186921979064,0.6577502278379992,-0.03655126351097282,0.10461394148046253,0.14664669644808415,0.08323946610854688,1.2157389744380858,0.10461394148046257,False,True
0.1,0.1,0.4,0.5,0.4399327673024649,0.3815746830952848,0.4240984041605498,0.450853060379284,0.25,0.4194042403986507,0.4215667017535344,-0.03655126351097282,0.04091457198448922,0.04278438292788762,0.014329135597764275,0.1768985505633205,0.04091457198448925,False,True
0.1,0.1,0.4,1.0,0.4399327673024649,0.4399327673024649,0.4399327673024649,0.23196931668407397,0.25,0.32607779649710056,0.32607779649710056,-0.03655126351097282,0.0,0.0,0.0,-5.551115123125783e-17,-2.4421174377312884e-17,False,False
0.1,0.1,0.4,2.0,0.4399327673024649,0.4698572310957215,0.4657673204343498,0.15482809896025468,0.25,0.2848042094349911,0.28580694060692224,-0.03655126351097282,-0.019065213971233393,-0.01899801382927399,-0.0018138788955442964,-0.016427815896484205,-0.019065213971233282,False,True
0.1,0.1,0.6,0.25,0.3913991094054629,0.1460729411563266,0.3658642441245381,0.8584864497582142,0.35,0.6377578759652395,0.6945709495572244,-0.0534453976108402,0.10714182417565737,0.13714086261919217,0.2509807290280822,1.2157389744380858,0.10714182417565739,False,True
0.1,0.1,0.6,0.5,0.3913991094054629,0.29258343020963,0.33048964772983314,0.450853060379284,0.35,0.5563620768005023,0.5507084804647668,-0.0534453976108402,0.04892759395861949,0.050585337750003685,0.046097603194311054,0.1768985505633205,0.048927593958619515,False,False
0.1,0.1,0.6,1.0,0.3913991094054629,0.39139910940546296,0.3913991094054629,0.23196931668407397,0.35,0.45595311831626256,0.4559531183162625,-0.0534453976108402,-5.4317537884965706e-17,0.0,-5.551115123125783e-17,-5.551115123125783e-17,-7.723816638524411e-17,False,False
0.1,0.1,0.6,2.0,0.3913991094054629,0.44504355963791037,0.4409899719225307,0.15482809896025468,0.35,0.4018791125104962,0.40368365585978305,-0.0534453976108402,-0.026630637758127122,-0.026564025386214683,-0.0060042252154158815,-0.016427815896484205,-0.026630637758126924,False,True
0.1,0.1,0.8,0.25,0.3449222455502547,0.07137616949424076,0.20587025562653583,0.8584864497582142,0.45,0.8041745387510587,0.8120406203624121,-0.079854160748725,0.1370656271097603,0.1544861503793861,0.461487717338794,1.2157389744380858,0.13706562710976034,False,True
0.1,0.1,0.8,0.5,0.3449222455502547,0.2170621088824433,0.24862272693830623,0.450853060379284,0.45,0.7242134289760764,0.7131941357693334,-0.079854160748725,0.06512218910626805,0.06649594518363575,0.09184640576901426,0.1768985505633205,0.06512218910626807,False,False
0.1,0.1,0.8,1.0,0.3449222455502547,0.3449222455502547,0.3449222455502547,0.23196931668407397,0.45,0.6040735811692253,0.6040735811692253,-0.079854160748725,0.0,0.0,-5.551115123125783e-17,-5.551115123125783e-17,-7.465818216702307e-17,False,False
0.1,0.1,0.8,2.0,0.3449222455502547,0.4205009071558944,0.41650308975928907,0.15482809896025468,0.45,0.5287046303412941,0.5312839097910719,-0.079854160748725,-0.03878198161286783,-0.03871627689494252,-0.012483079319372314,-0.016427815896484205,-0.03878198161286789,False,True
0.1,0.25,0.1,0.25,0.5146370863175307,0.5582987130495436,0.9061235482327102,0.9479149938275157,0.175,0.5733898498293137,0.8683157428067051,0.04528878833061556,0.2850287114107661,0.3884459192205103,0.005129419516224476,2.0329357736243265,0.2850287114107661,False,True
0.1,0.25,0.1,0.5,0.5146370863175307,0.5292491068178816,0.6801494271163153,0.711234594227594,0.175,0.42349536305114444,0.5157308590975715,0.04528878833061556,0.16908105766344672,0.1936658740438935,0.0008566101881770649,0.6373284353123823,0.1690810576634467,False,True
0.1,0.25,0.1,1.0,0.5146370863175307,0.5146370863175307,0.5639906584187007,0.47536688641867175,0.175,0.29317772072658876,0.3117034174198443,0.04528878833061556,0.10231445401090297,0.10723321798811672,0.0,0.19880894076835942,0.10231445401090303,False,True
0.1,0.25,0.1,2.0,0.5146370863175307,0.5073201117871026,0.5250534573731668,0.35466124439244345,0.175,0.22919477097301705,0.2337107668272054,0.04528878833061556,0.07184065222345594,0.07310047344882445,-0.00010715658979632003,0.07101528574259097,0.07184065222345593,False,True
0.1,0.25,0.2,0.25,0.48964275146521696,0.45865966912109635,0.8661335080639948,0.9479149938275157,0.225,0.5430384435996352,0.8477942373374872,0.04550286939255091,0.23374926669924112,0.3499441503856907,0.0025714175219907487,2.0329357736243265,0.23374926669924112,False,True
0.1,0.25,0.2,0.5,0.48964275146521696,0.4792943875097487,0.6351693986294367,0.711234594227594,0.225,0.44503187171410963,0.524720569774105,0.04550286939255091,0.15294847020074248,0.17809034859466077,0.00042899835589016444,0.6373284353123823,0.15294847020074245,False,True
0.1,0.25,0.2,1.0,0.48964275146521696,0.48964275146521696,0.5392625051349307,0.47536688641867175,0.225,0.33483139992844835,0.3484950370013389,0.04550286939255091,0.09734535677370486,0.10228251245772083,1.1102230246251565e-16,0.19880894076835942,0.09734535677370497,False,True
0.1,0.25,0.2,2.0,0.48964275146521696,0.49482082008891626,0.5125718059691157,0.35466124439244345,0.225,0.2765296037862412,0.2792749933516655,0.04550286939255091,0.07017239399755276,0.0714330956501146,-5.3644931221175085e-05,0.07101528574259097,0.07017239399755282,False,True
0.1,0.25,0.4,0.25,0.4399327673024649,0.275730487268651,0.7440633238053411,0.9479149938275157,0.325,0.5510768682298608,0.8076834514700842,0.038448736489027205,0.1609454593889636,0.280868247277885,0.08323946610854688,2.0329357736243265,0.1609454593889636,False,True
0.1,0.25,0.4,0.5,0.4399327673024649,0.3815746830952848,0.5385380603036429,0.711234594227594,0.325,0.5187592416606838,0.56761167467472,0.038448736489027205,0.12875876566485012,0.1535529958610231,0.014329135597764275,0.6373284353123823,0.12875876566485012,False,True
0.1,0.25,0.4,1.0,0.4399327673024649,0.4399327673024649,0.48934511813214326,0.47536688641867175,0.325,0.4331563629051368,0.43688041793779675,0.038448736489027205,0.08746256747669619,0.09236285082734164,0.0,0.19880894076835942,0.08746256747669619,False,True
0.1,0.25,0.4,2.0,0.4399327673024649,0.4698572310957215,0.487577013554607,0.35466124439244345,0.325,0.3786972578289079,0.37789386494258537,0.038448736489027205,0.06310633325788173,0.06436407459263024,-0.0018138788955442964,0.07101528574259097,0.06310633325788192,False,False
0.1,0.25,0.6,0.25,0.3913991094054629,0.1460729411563266,0.5664044197326032,0.9479149938275157,0.425,0.6508209664207705,0.7970605901951462,0.021554602389159808,0.1369844091658249,0.23217856275389798,0.2509807290280822,2.0329357736243265,0.13698440916582494,False,True
0.1,0.25,0.6,0.5,0.3913991094054629,0.29258343020963,0.4389212132511902,0.711234594227594,0.425,0.6325453991370857,0.6488232230538794,0.021554602389159808,0.11628467148407207,0.1389279838505576,0.046097603194311054,0.6373284353123823,0.11628467148407207,False,True
0.1,0.25,0.6,1.0,0.3913991094054629,0.39139910940546296,0.4396393209514561,0.47536688641867175,0.425,0.5512187103418382,0.5452063825770391,0.021554602389159808,0.07781364235857927,0.08258205467650623,-5.551115123125783e-17,0.19880894076835942,0.07781364235857927,False,False
0.1,0.25,0.6,2.0,0.3913991094054629,0.44504355963791037,0.46264419450827304,0.35466124439244345,0.425,0.49081356688727773,0.48649544903027986,0.021554602389159808,0.05120134068034001,0.052449888916160814,-0.0060042252154158815,0.07101528574259097,0.0512013406803403,False,False
0.1,0.25,0.8,0.25,0.3449222455502547,0.07137616949424076,0.3698631579819867,0.9479149938275157,0.525,0.8105576056701723,0.854708306729931,-0.004854160748724995,0.15164772142197736,0.21231361251897274,0.461487717338794,2.0329357736243265,0.15164772142197736,False,True
0.1,0.25,0.8,0.5,0.3449222455502547,0.2170621088824433,0.34399497320833056,0.711234594227594,0.525,0.7807323938272359,0.7694651466194946,-0.004854160748724995,0.11509312999433388,0.13436566260891633,0.09184640576901426,0.6373284353123823,0.11509312999433391,False,False
0.1,0.25,0.8,1.0,0.3449222455502547,0.3449222455502547,0.39111542886052564,0.47536688641867175,0.525,0.6880268174835574,0.673030980559311,-0.004854160748724995,0.06857362628529011,0.07312522628706158,-5.551115123125783e-17,0.19880894076835942,0.06857362628529005,False,False
0.1,0.25,0.8,2.0,0.3449222455502547,0.4205009071558944,0.43789680538208187,0.35466124439244345,0.525,0.6127346492753453,0.6049875816066193,-0.004854160748724995,0.03475782551464446,0.035991129387409525,-0.012483079319372314,0.07101528574259097,0.034757825514644486,False,False
0.1,0.5,0.1,0.25,0.5146370863175307,0.5582987130495436,0.9490686625471814,0.9820137900379085,0.3,0.5924271638701146,0.9370916480594482,0.1702887883306156,0.37684186416769816,0.5413212126459754,0.005129419516224476,2.6907424323961484,0.37684186416769816,False,True
0.1,0.5,0.1,0.5,0.5146370863175307,0.5292491068178816,0.77447962288579,0.8807970779778825,0.3,0.5132361561258062,0.7047114265026372,0.1702887883306156,0.2959214907510807,0.36838757804022243,0.0008566101881770649,1.116650673002169,0.2959214907510807,False,True
0.1,0.5,0.1,1.0,0.5146370863175307,0.5146370863175307,0.6271745414799288,0.731058578630005,0.3,0.4247661482018281,0.495783874699249,0.1702887883306156,0.2375304529295557,0.2637865162513783,0.0,0.4615494282178484,0.2375304529295558,False,True
0.1,0.5,0.1,2.0,0.5146370863175307,0.5073201117871026,0.5574772460156563,0.6224593312018547,0.3,0.36505412630953976,0.3912591891135916,0.1702887883306156,0.2043851121021002,0.2145212160560137,-0.00010715658979632003,0.20164726424994672,0.20438511210210014,False,True
0.1,0.5,0.2,0.25,0.48964275146521696,0.45865966912109635,0.9258761233594298,0.9820137900379085,0.35,0.5586781861869217,0.9240478963339138,0.17050286939255094,0.30917661281372555,0.4977204684306571,0.0025714175219907487,2.6907424323961484,0.30917661281372555,False,True
0.1,0.5,0.2,0.5,0.48964275146521696,0.4792943875097487,0.7376482318300848,0.8807970779778825,0.35,0.5263022185078359,0.7021887608054733,0.17050286939255094,0.26781669936740665,0.34296380368030766,0.00042899835589016444,1.116650673002169,0.26781669936740676,False,True
0.1,0.5,0.2,1.0,0.48964275146521696,0.48964275146521696,0.6035106500494174,0.731058578630005,0.35,0.4600289836296029,0.520499508003314,0.17050286939255094,0.22599433196978494,0.2524617872504349,1.1102230246251565e-16,0.4615494282178484,0.22599433196978508,False,True
0.1,0.5,0.2,2.0,0.48964275146521696,0.49482082008891626,0.5451094609093166,0.6224593312018547,0.35,0.40904167271951686,0.43028657828755346,0.17050286939255094,0.19945123946724772,0.20960543307402976,-5.3644931221175085e-05,0.20164726424994672,0.19945123946724777,False,True
0.1,0.5,0.4,0.25,0.4399327673024649,0.275730487268651,0.8487721001366856,0.9820137900379085,0.45,0.5604789459242269,0.8939970668789876,0.16344873648902725,0.206289797026893,0.41240376868740153,0.08323946610854688,2.6907424323961484,0.206289797026893,False,True
0.1,0.5,0.4,0.5,0.4399327673024649,0.3815746830952848,0.6533462590303187,0.8807970779778825,0.45,0.5834599926625494,0.714126972249558,0.16344873648902725,0.2202073811383517,0.296589577146223,0.014329135597764275,1.116650673002169,0.2202073811383517,False,True
0.1,0.5,0.4,1.0,0.4399327673024649,0.4399327673024649,0.5548075180609188,0.731058578630005,0.45,0.5456435166359188,0.5836737883424886,0.16344873648902725,0.20305071720274842,0.22955010258170244,0.0,0.4615494282178484,0.20305071720274845,False,True
0.1,0.5,0.4,2.0,0.4399327673024649,0.4698572310957215,0.5202214152054269,0.6224593312018547,0.45,0.5045241253899095,0.5157281081034816,0.16344873648902725,0.1858630926859257,0.19601550173172677,-0.0018138788955442964,0.20164726424994672,0.1858630926859259,False,True
0.1,0.5,0.6,0.25,0.3913991094054629,0.1460729411563266,0.7160603524031395,0.9820137900379085,0.55,0.6558018778731127,0.8735449291174037,0.14655460238915985,0.16100634750557896,0.3380162002156265,0.2509807290280822,2.6907424323961484,0.161006347505579,False,True
0.1,0.5,0.6,0.5,0.3913991094054629,0.29258343020963,0.5581804682698515,0.8807970779778825,0.55,0.6821565722676097,0.7567354444745005,0.14655460238915985,0.18640554372358878,0.2584079018763533,0.046097603194311054,1.116650673002169,0.18640554372358878,False,True
0.1,0.5,0.6,1.0,0.3913991094054629,0.39139910940546296,0.5050284572006671,0.731058578630005,0.55,0.6512962109557298,0.6661883117684237,0.14655460238915985,0.18065003515106648,0.20666242918951108,-5.551115123125783e-17,0.4615494282178484,0.18065003515106648,False,True
0.1,0.5,0.6,2.0,0.3913991094054629,0.44504355963791037,0.49523259538528375,0.6224593312018547,0.55,0.6099953807051601,0.6111225928817121,0.14655460238915985,0.16747518211525325,0.17757532272916274,-0.0060042252154158815,0.20164726424994672,0.16747518211525353,False,True
0.1,0.5,0.8,0.25,0.3449222455502547,0.07137616949424076,0.5312100575371688,0.9820137900379085,0.65,0.812991447128035,0.8966875558785956,0.12014583925127503,0.16338565131471178,0.2862591677963784,0.461487717338794,2.6907424323961484,0.1633856513147118,False,True
0.1,0.5,0.8,0.5,0.3449222455502547,0.2170621088824433,0.45854061981348754,0.8807970779778825,0.65,0.8175379841374185,0.837048742215097,0.12014583925127503,0.16711447786793232,0.2303158634016645,0.09184640576901426,1.116650673002169,0.16711447786793235,False,True
0.1,0.5,0.8,1.0,0.3449222455502547,0.3449222455502547,0.45514950388170505,0.731058578630005,0.65,0.776220570129635,0.7686213462665472,0.12014583925127503,0.15919866521333637,0.18424249969157547,-5.551115123125783e-17,0.4615494282178484,0.15919866521333634,False,False
0.1,0.5,0.8,2.0,0.3449222455502547,0.4205009071558944,0.47026757075797154,0.6224593312018547,0.65,0.7253439877133157,0.7165083809735505,0.12014583925127503,0.1446195564464693,0.1546179789366299,-0.012483079319372314,0.20164726424994672,0.1446195564464693,False,False
0.1,0.75,0.1,0.25,0.5146370863175307,0.5582987130495436,0.9650548273875484,0.9939318344798832,0.425,0.5990809927441364,0.9626932322202182,0.29528878833061567,0.4317507982759164,0.6354957288203219,0.005129419516224476,3.084144264245584,0.4317507982759164,False,True
0.1,0.75,0.1,0.5,0.5146370863175307,0.5292491068178816,0.8258421750206135,0.9568354670200037,0.425,0.5534794056102194,0.807610865718603,0.29528878833061567,0.38130549397518,0.4976118734348906,0.0008566101881770649,1.4393115981663962,0.38130549397517993,False,True
0.1,0.75,0.1,1.0,0.5146370863175307,0.5146370863175307,0.6743638040951211,0.8907682274269642,0.425,0.5069586565154913,0.6332654700052035,0.29528878833061567,0.34451034508040923,0.39911609201896536,0.0,0.6694238605024406,0.34451034508040923,False,True
0.1,0.75,0.1,2.0,0.5146370863175307,0.5073201117871026,0.5857569134703628,0.8318243439635804,0.425,0.4712692079881266,0.52867116892258,0.29528878833061567,0.3215984910346029,0.34659905109178546,-0.00010715658979632003,0.317169373672736,0.32159849103460286,False,True
0.1,0.75,0.2,0.25,0.48964275146521696,0.45865966912109635,0.948748778007076,0.9939318344798832,0.475,0.5641445125072482,0.9532418577837053,0.29550286939255105,0.35428600132064936,0.5899700286234419,0.0025714175219907487,3.084144264245584,0.35428600132064936,False,True
0.1,0.75,0.2,0.5,0.48964275146521696,0.4792943875097487,0.795180781145827,0.9568354670200037,0.475,0.5627469916110073,0.8018210178638333,0.29550286939255105,0.3451414846173652,0.46674305319172005,0.00042899835589016444,1.4393115981663962,0.34514148461736527,False,True
0.1,0.75,0.2,1.0,0.48964275146521696,0.48964275146521696,0.6520333205425992,0.8907682274269642,0.475,0.5382296555020895,0.6504039010545288,0.29550286939255105,0.3277785409528827,0.38300424131009625,1.1102230246251565e-16,0.6694238605024406,0.3277785409528828,False,True
0.1,0.75,0.2,2.0,0.48964275146521696,0.49482082008891626,0.5735749292199435,0.8318243439635804,0.475,0.5126398400322003,0.5623986033683479,0.29550286939255105,0.31377672931322,0.33884573121354356,-5.3644931221175085e-05,0.317169373672736,0.31377672931322,False,True
0.1,0.75,0.4,0.25,0.4399327673024649,0.275730487268651,0.8926791790446192,0.9939318344798832,0.575,0.563765114125502,0.9301905824119667,0.2884487364890273,0.2334080167239492,0.4981450923118148,0.08323946610854688,3.084144264245584,0.2334080167239492,True,True
0.1,0.75,0.4,0.5,0.4399327673024649,0.3815746830952848,0.722408820022117,0.9568354670200037,0.575,0.6124743168643728,0.8022628526763853,0.2884487364890273,0.28176700127173737,0.4076780578431584,0.014329135597764275,1.4393115981663962,0.28176700127173737,False,True
0.1,0.75,0.4,1.0,0.4399327673024649,0.4399327673024649,0.6053933435843194,0.8907682274269642,0.575,0.6159050243960698,0.6971078181269595,0.2884487364890273,0.294501491449138,0.3501673726974167,0.0,0.6694238605024406,0.29450149144913795,False,True
0.1,0.75,0.4,2.0,0.4399327673024649,0.4698572310957215,0.5489556326022883,0.8318243439635804,0.575,0.6028957905744543,0.6370524059135954,0.2884487364890273,0.2944208896133832,0.3195335127958149,-0.0018138788955442964,0.317169373672736,0.2944208896133833,False,True
0.1,0.75,0.6,0.25,0.3913991094054629,0.1460729411563266,0.7889161476143787,0.9939318344798832,0.675,0.6575427816775838,0.9107791852805345,0.2715546023891599,0.1753726881642124,0.41214276219397383,0.2509807290280822,3.084144264245584,0.1753726881642124,True,True
0.1,0.75,0.6,0.5,0.3913991094054629,0.29258343020963,0.6356288321301812,0.9568354670200037,0.675,0.704404144961168,0.8268149111645526,0.2715546023891599,0.2336081638631699,0.35477213157320486,0.046097603194311054,1.4393115981663962,0.2336081638631699,False,True
0.1,0.75,0.6,1.0,0.3913991094054629,0.39139910940546296,0.5567516233292692,0.8907682274269642,0.675,0.7138064252583188,0.7618856826325364,0.2715546023891599,0.2620119028154222,0.31703241819711714,-5.551115123125783e-17,0.6694238605024406,0.26201190281542214,False,True
0.1,0.75,0.6,2.0,0.3913991094054629,0.44504355963791037,0.5240943021057313,0.8318243439635804,0.675,0.7031719312482752,0.7214978177607118,0.2715546023891599,0.2702999237040499,0.295331357359918,-0.0060042252154158815,0.317169373672736,0.2702999237040502,False,True
0.1,0.75,0.8,0.25,0.3449222455502547,0.07137616949424076,0.6267746279586512,0.9939318344798832,0.775,0.8138421114881652,0.9215515534054677,0.24514583925127512,0.17040553027206934,0.3432522509148873,0.461487717338794,3.084144264245584,0.17040553027206934,False,True
0.1,0.75,0.8,0.5,0.3449222455502547,0.2170621088824433,0.539030867833751,0.9568354670200037,0.775,0.834043037218925,0.8845391578949042,0.24514583925127512,0.20213320830298598,0.3107843472972657,0.09184640576901426,1.4393115981663962,0.202133208302986,False,True
0.1,0.75,0.8,1.0,0.3449222455502547,0.3449222455502547,0.5069967780549285,0.8907682274269642,0.775,0.8313079808287247,0.8460191988552279,0.24514583925127512,0.23089918118942235,0.28423822826659173,-5.551115123125783e-17,0.6694238605024406,0.2308991811894223,False,True
0.1,0.75,0.8,2.0,0.3449222455502547,0.4205009071558944,0.4991129791912904,0.8318243439635804,0.775,0.8133821655063267,0.8158839431264711,0.24514583925127512,0.24177386006416007,0.2666008995228385,-0.012483079319372314,0.317169373672736,0.24177386006416007,False,True
0.1,0.9,0.1,0.25,0.5146370863175307,0.5582987130495436,0.9705929430213597,0.99796906211513,0.5,0.6013349717371828,0.9715624347404542,0.3702887883306157,0.45663248420334934,0.6786321432290778,0.005129419516224476,3.2624121724162762,0.45663248420334934,False,True
0.1,0.9,0.1,0.5,0.5146370863175307,0.5292491068178816,0.84677982818599,0.985185515469262,0.5,0.568483643430233,0.8495572387017887,0.3702887883306157,0.4218256110205625,0.5616548783201984,0.0008566101881770649,1.5924346418272928,0.42182561102056243,False,True
0.1,0.9,0.1,1.0,0.5146370863175307,0.5146370863175307,0.6973481531849406,0.9607296994499495,0.5,0.542963424631886,0.7002282663028513,0.3702887883306157,0.39942867082302347,0.4723137622858372,0.0,0.7761365852607374,0.39942867082302363,False,True
0.1,0.9,0.1,2.0,0.5146370863175307,0.5073201117871026,0.6010538417125229,0.9368626738208133,0.5,0.5245572652332287,0.6029995250858138,0.3702887883306157,0.3859329092805695,0.42185205287694694,-0.00010715658979632003,0.3805755118793803,0.38593290928056934,False,True
0.1,0.9,0.2,0.25,0.48964275146521696,0.45865966912109635,0.9567552795616325,0.99796906211513,0.55,0.5659962259985971,0.963461113105495,0.37050286939255106,0.37472707626476925,0.6324361052137362,0.0025714175219907487,3.2624121724162762,0.37472707626476925,False,True
0.1,0.9,0.2,0.5,0.48964275146521696,0.4792943875097487,0.8189967011727431,0.985185515469262,0.55,0.5763350107183662,0.8430643469779455,0.37050286939255106,0.3818369923299042,0.5285492902712979,0.00042899835589016444,1.5924346418272928,0.38183699232990426,False,True
0.1,0.9,0.2,1.0,0.48964275146521696,0.48964275146521696,0.6758361712147526,0.9607296994499495,0.55,0.5724857831599808,0.7141286474056032,0.37050286939255106,0.3800296531198853,0.4538619354185529,1.1102230246251565e-16,0.7761365852607374,0.3800296531198855,False,True
0.1,0.9,0.2,2.0,0.48964275146521696,0.49482082008891626,0.5890060718347376,0.9368626738208133,0.55,0.5646149925529265,0.6340165889888388,0.37050286939255106,0.37652608392538583,0.4125621841037779,-5.3644931221175085e-05,0.3805755118793803,0.3765260839253857,False,True
0.1,0.9,0.4,0.25,0.4399327673024649,0.275730487268651,0.9086010806319125,0.99796906211513,0.65,0.5648783008685831,0.9433153360222584,0.3634487364890273,0.24569649102001623,0.5382923472735882,0.08323946610854688,3.2624121724162762,0.24569649102001623,True,True
0.1,0.9,0.4,0.5,0.4399327673024649,0.3815746830952848,0.7520479676756874,0.985185515469262,0.65,0.6232919776171346,0.840087577621908,0.3634487364890273,0.31098093970148344,0.46413513099503667,0.014329135597764275,1.5924346418272928,0.3109809397014834,True,True
0.1,0.9,0.4,1.0,0.4399327673024649,0.4399327673024649,0.6305790312514659,0.9607296994499495,0.65,0.6466833683876957,0.7535843906730748,0.3634487364890273,0.3414479157584416,0.4161200044134911,0.0,0.7761365852607374,0.3414479157584417,True,True
0.1,0.9,0.4,2.0,0.4399327673024649,0.4698572310957215,0.5646013973359462,0.9368626738208133,0.65,0.6522488094000929,0.7031134158167435,0.3634487364890273,0.35400455467787634,0.3901410543737127,-0.0018138788955442964,0.3805755118793803,0.35400455467787634,False,True
0.1,0.9,0.6,0.25,0.3913991094054629,0.1460729411563266,0.8170776649533862,0.99796906211513,0.75,0.6581325113923819,0.9251716319967195,0.3465546023891599,0.18188271757928212,0.4479412109680975,0.2509807290280822,3.2624121724162762,0.18188271757928215,True,True
0.1,0.9,0.6,0.5,0.3913991094054629,0.29258343020963,0.6703049892344791,0.985185515469262,0.75,0.7126988993830612,0.8581917727999009,0.3465546023891599,0.25600879654239195,0.4047746429433204,0.046097603194311054,1.5924346418272928,0.25600879654239195,True,True
0.1,0.9,0.6,1.0,0.3913991094054629,0.39139910940546296,0.5829029224278117,0.9607296994499495,0.75,0.7411892831008104,0.8102703960158817,0.3465546023891599,0.3037791682480496,0.3778437061729443,-5.551115123125783e-17,0.7761365852607374,0.30377916824804974,True,True
0.1,0.9,0.6,2.0,0.3913991094054629,0.44504355963791037,0.5398796233207047,0.9368626738208133,0.75,0.7499185634663591,0.7818652934531861,0.3465546023891599,0.3267369106048066,0.3627945118696517,-0.0060042252154158815,0.3805755118793803,0.32673691060480675,True,True
0.1,0.9,0.8,0.25,0.3449222455502547,0.07137616949424076,0.6674496073532468,0.99796906211513,0.8500000000000001,0.8141302733321454,0.9321343727768341,0.32014583925127515,0.1735865503793131,0.3721000124956547,0.461487717338794,3.2624121724162762,0.1735865503793131,True,True
0.1,0.9,0.8,0.5,0.3449222455502547,0.2170621088824433,0.5767790300269414,0.985185515469262,0.8500000000000001,0.8401967585222405,0.9068111219874002,0.32014583925127515,0.2187518136907523,0.3535026733161124,0.09184640576901426,1.5924346418272928,0.21875181369075233,True,True
0.1,0.9,0.8,1.0,0.3449222455502547,0.3449222455502547,0.5336245894810998,0.9607296994499495,0.8500000000000001,0.8554392488608942,0.8857693198863998,0.32014583925127515,0.26770677384184016,0.33976302589902874,-5.551115123125783e-17,0.7761365852607374,0.26770677384184016,False,True
0.1,0.9,0.8,2.0,0.3449222455502547,0.4205009071558944,0.5149600462757139,0.9368626738208133,0.8500000000000001,0.8575508784974333,0.8704788088441839,0.32014583925127515,0.295098537334452,0.3308995033806662,-0.012483079319372314,0.3805755118793803,0.2950985373344519,False,True
0.1,0.95,0.1,0.25,0.5146370863175307,0.5582987130495436,0.9720684736972646,0.9990369473702875,0.525,0.6019311707008218,0.9739254732276833,0.39528878833061565,0.46402962600027553,0.6915018064625313,0.005129419516224476,3.315409907313579,0.46402962600027553,False,True
0.1,0.95,0.1,0.5,0.5146370863175307,0.5292491068178816,0.8526834077217589,0.9929274673668681,0.525,0.572581064557068,0.8613844357227408,0.39528878833061565,0.4340617360126432,0.5813008576003206,0.0008566101881770649,1.6386742096771112,0.43406173601264314,False,True
0.1,0.95,0.1,1.0,0.5146370863175307,0.5146370863175307,0.7043051537235255,0.981005693354874,0.525,0.5533982030573084,0.7204968502896056,0.39528878833061565,0.4165053881722771,0.49556888893880535,0.0,0.8093186426819106,0.41650538817227717,False,True
0.1,0.95,0.1,2.0,0.5146370863175307,0.5073201117871026,0.6059048144624068,0.9690648656695329,0.525,0.5408940848017108,0.6265705861892948,0.39528878833061565,0.4065020843572425,0.4463200496165982,-0.00010715658979632003,0.4008478947386122,0.4065020843572424,False,True
0.1,0.95,0.2,0.25,0.48964275146521696,0.45865966912109635,0.9588957256720437,0.9990369473702875,0.575,0.566486021896387,0.9661931134874064,0.395502869392551,0.38080405715281035,0.6451268654126336,0.0025714175219907487,3.315409907313579,0.38080405715281035,True,True
0.1,0.95,0.2,0.5,0.48964275146521696,0.4792943875097487,0.8257504823844174,0.9929274673668681,0.575,0.5800456848112593,0.8547602386740457,0.395502869392551,0.3929181750055514,0.5475627779586104,0.00042899835589016444,1.6386742096771112,0.3929181750055514,False,True
0.1,0.95,0.2,1.0,0.48964275146521696,0.48964275146521696,0.6830629224852252,0.981005693354874,0.575,0.5824137766042801,0.7334760313805797,0.395502869392551,0.39627700701486546,0.4764077072841765,1.1102230246251565e-16,0.8093186426819106,0.39627700701486557,False,True
0.1,0.95,0.2,2.0,0.48964275146521696,0.49482082008891626,0.5939045616699508,0.9690648656695329,0.575,0.5805493075321705,0.6567511319412235,0.395502869392551,0.3965884781485091,0.43654266272571907,-5.3644931221175085e-05,0.4008478947386122,0.39658847814850906,False,True
0.1,0.95,0.4,0.25,0.4399327673024649,0.275730487268651,0.9129080115007546,0.9990369473702875,0.675,0.5651727493903347,0.9468656284392913,0.3884487364890273,0.24934976383685825,0.550359536310294,0.08323946610854688,3.315409907313579,0.24934976383685825,True,True
0.1,0.95,0.4,0.5,0.4399327673024649,0.3815746830952848,0.7605695107870529,0.9929274673668681,0.675,0.6262461104590026,0.8509625537874251,0.3884487364890273,0.3198028639258622,0.48162121480316616,0.014329135597764275,1.6386742096771112,0.3198028639258622,True,True
0.1,0.95,0.4,1.0,0.4399327673024649,0.4399327673024649,0.6382747116507972,0.981005693354874,0.675,0.655603442496097,0.7708412413935537,0.3884487364890273,0.3560457901045277,0.43717178313806215,0.0,0.8093186426819106,0.3560457901045277,True,True
0.1,0.95,0.4,2.0,0.4399327673024649,0.4698572310957215,0.5695782013086287,0.9690648656695329,0.675,0.6673792420973454,0.724126942615989,0.3884487364890273,0.3730548060337785,0.4131336231690923,-0.0018138788955442964,0.4008478947386122,0.37305480603377855,True,True
0.1,0.95,0.6,0.25,0.3913991094054629,0.1460729411563266,0.8248660965837004,0.9990369473702875,0.7749999999999999,0.6582885005324203,0.9291520491700045,0.37155460238915994,0.1838181013320502,0.4588189160659881,0.2509807290280822,3.315409907313579,0.1838181013320502,True,True
0.1,0.95,0.6,0.5,0.3913991094054629,0.29258343020963,0.6804421241879712,0.9929274673668681,0.7749999999999999,0.7149640662257807,0.8673644005469114,0.37155460238915994,0.26277326222884745,0.42038945041805553,0.046097603194311054,1.6386742096771112,0.2627732622288474,True,True
0.1,0.95,0.6,1.0,0.3913991094054629,0.39139910940546296,0.5909475121136715,0.981005693354874,0.7749999999999999,0.7491252890575086,0.8251543665892072,0.37155460238915994,0.31676659597093787,0.39731922076201515,-5.551115123125783e-17,0.8093186426819106,0.31676659597093787,True,True
0.1,0.95,0.6,2.0,0.3913991094054629,0.44504355963791037,0.5449112380021055,0.9690648656695329,0.7749999999999999,0.7642499415548561,0.8011075928550659,0.37155460238915994,0.34478109746483687,0.3847858367553052,-0.0060042252154158815,0.4008478947386122,0.34478109746483704,True,True
0.1,0.95,0.8,0.25,0.3449222455502547,0.07137616949424076,0.6791068380145626,0.9990369473702875,0.875,0.814206494891118,0.9351673519767068,0.34514583925127507,0.17453224420652325,0.38102080410071115,0.461487717338794,3.315409907313579,0.17453224420652327,True,True
0.1,0.95,0.8,0.5,0.3449222455502547,0.2170621088824433,0.5880244115836165,0.9929274673668681,0.875,0.8418772429280013,0.9134460604767201,0.34514583925127507,0.22377024274639956,0.3669678403735975,0.09184640576901426,1.6386742096771112,0.22377024274639956,True,True
0.1,0.95,0.8,1.0,0.3449222455502547,0.3449222455502547,0.5418726283833253,0.981005693354874,0.875,0.862432890209344,0.8980820308105518,0.34514583925127507,0.2791520035995288,0.35760668825648295,-5.551115123125783e-17,0.8093186426819106,0.27915200359952874,True,True
0.1,0.95,0.8,2.0,0.3449222455502547,0.4205009071558944,0.5200218964798164,0.9690648656695329,0.875,0.8710919293822279,0.887917432073576,0.34514583925127507,0.31214764809948925,0.3518810657053886,-0.012483079319372314,0.4008478947386122,0.3121476480994892,True,True
0.1,0.99,0.1,0.25,0.5146370863175307,0.5582987130495436,0.9731464002695045,0.9998150277676352,0.545,0.60236557198531,0.9756517551804784,0.41528878833061567,0.4696774359679063,0.7013408429003092,0.005129419516224476,3.3558743385266205,0.4696774359679063,False,True
0.1,0.99,0.1,0.5,0.5146370863175307,0.5292491068178816,0.8570885160167376,0.998634843137919,0.545,0.5756016880861707,0.8702096041460128,0.41528878833061567,0.4434589208130626,0.5964801148014458,0.0008566101881770649,1.6741855962032797,0.44345892081306265,False,True
0.1,0.99,0.1,1.0,0.5146370863175307,0.5146370863175307,0.7096446287550238,0.9962978032414466,0.545,0.5612680899329814,0.7360529218352196,0.41528878833061567,0.42977016399958756,0.513791295898086,0.0,0.8350936522565722,0.42977016399958756,False,True
0.1,0.99,0.1,2.0,0.5146370863175307,0.5073201117871026,0.6097014721985029,0.9939107340081471,0.545,0.553498893504704,0.6450186905388117,0.41528878833061567,0.42266237204305296,0.4656811807489749,-0.00010715658979632003,0.4167750059553189,0.42266237204305285,False,True
0.1,0.99,0.2,0.25,0.48964275146521696,0.45865966912109635,0.9604613342807562,0.9998150277676352,0.595,0.566842895993984,0.968191408747503,0.41550286939255104,0.38544390781064714,0.6548351259766783,0.0025714175219907487,3.3558743385266205,0.38544390781064714,True,True
0.1,0.99,0.2,0.5,0.48964275146521696,0.4792943875097487,0.8308011398696199,0.998634843137919,0.595,0.582781197985733,0.8635067380185781,0.41550286939255104,0.4014283791328921,0.5622695634379737,0.00042899835589016444,1.6741855962032797,0.4014283791328922,True,True
0.1,0.99,0.2,1.0,0.48964275146521696,0.48964275146521696,0.688616390687125,0.9962978032414466,0.595,0.5899014473648498,0.7483437191802114,0.41550286939255104,0.4088975536220452,0.49408534527581477,1.1102230246251565e-16,0.8350936522565722,0.4088975536220453,True,True
0.1,0.99,0.2,2.0,0.48964275146521696,0.49482082008891626,0.5977400755614041,0.9939107340081471,0.595,0.5928435604793048,0.6745522621350396,0.41550286939255104,0.41235061061630546,0.4555221504712238,-5.3644931221175085e-05,0.4167750059553189,0.4123506106163054,True,True
0.1,0.99,0.4,0.25,0.4399327673024649,0.275730487268651,0.9160719214023084,0.9998150277676352,0.6950000000000001,0.5653872898774295,0.9494737049730766,0.4084487364890273,0.2521390831707135,0.5596107048650111,0.08323946610854688,3.3558743385266205,0.2521390831707135,True,True
0.1,0.99,0.4,0.5,0.4399327673024649,0.3815746830952848,0.7669763031337856,0.998634843137919,0.6950000000000001,0.628423900560147,0.8591387389169948,0.4084487364890273,0.3265779869558605,0.49518270985875,0.014329135597764275,1.6741855962032797,0.32657798695586054,True,True
0.1,0.99,0.4,1.0,0.4399327673024649,0.4399327673024649,0.6442041874359726,0.9962978032414466,0.6950000000000001,0.6623309427163903,0.7841375418070116,0.4084487364890273,0.3673850613939562,0.4536998288211762,0.0,0.8350936522565722,0.36738506139395616,True,True
0.1,0.99,0.4,2.0,0.4399327673024649,0.4698572310957215,0.5734784693120157,0.9939107340081471,0.6950000000000001,0.6790532529990956,0.7405950186469679,0.4084487364890273,0.38802174278504925,0.43133923747911784,-0.0018138788955442964,0.4167750059553189,0.3880217427850493,True,True
0.1,0.99,0.6,0.25,0.3913991094054629,0.1460729411563266,0.8306350470248044,0.9998150277676352,0.7949999999999999,0.6584021570245169,0.9321003743909931,0.39155460238915996,0.18529579095192694,0.4671926590829721,0.2509807290280822,3.3558743385266205,0.18529579095192694,True,True
0.1,0.99,0.6,0.5,0.3913991094054629,0.29258343020963,0.6881137785680587,0.998634843137919,0.7949999999999999,0.7166339498063701,0.8743061281805187,0.39155460238915996,0.2679682838695105,0.4325394283993567,0.046097603194311054,1.6741855962032797,0.26796828386951055,True,True
0.1,0.99,0.6,1.0,0.3913991094054629,0.39139910940546296,0.5971631531573491,0.9962978032414466,0.7949999999999999,0.7551106072480436,0.836654445772993,0.39155460238915996,0.3268549117633778,0.41263106738144645,-5.551115123125783e-17,0.8350936522565722,0.32685491176337766,True,True
0.1,0.99,0.6,2.0,0.3913991094054629,0.44504355963791037,0.548857983951897,0.9939107340081471,0.7949999999999999,0.7753074352425678,0.8162010513247235,0.39155460238915996,0.3589576140061009,0.40220643644558995,-0.0060042252154158815,0.4167750059553189,0.3589576140061011,True,True
0.1,0.99,0.8,0.25,0.3449222455502547,0.07137616949424076,0.6878602425665964,0.9998150277676352,0.895,0.8142620312894392,0.9374448134686968,0.3651458392512751,0.1752542932317108,0.38793510685538085,0.461487717338794,3.3558743385266205,0.17525429323171082,True,True
0.1,0.99,0.8,0.5,0.3449222455502547,0.2170621088824433,0.5965994000431816,0.998634843137919,0.895,0.8431160979490502,0.9185054282437539,0.3651458392512751,0.22762433097075432,0.37748483207765926,0.09184640576901426,1.6741855962032797,0.22762433097075438,True,True
0.1,0.99,0.8,1.0,0.3449222455502547,0.3449222455502547,0.5482639372475296,0.9962978032414466,0.895,0.8677074790906218,0.9076230064781963,0.3651458392512751,0.2880423777811005,0.371655860359464,-5.551115123125783e-17,0.8350936522565722,0.2880423777811003,True,True
0.1,0.99,0.8,2.0,0.3449222455502547,0.4205009071558944,0.5239959381874145,0.9939107340081471,0.895,0.8815396395576911,0.9016084369912092,0.3651458392512751,0.3255423775294852,0.36850926126619943,-0.012483079319372314,0.4167750059553189,0.32554237752948517,True,True
0.25,0.01,0.1,0.25,0.5639906584187006,0.7368181883866353,0.5072918806229637,0.3554609871366469,0.055,0.28822830174548575,0.22959328459034836,-0.18194442965750113,-0.1607683656818419,-0.13327164224364213,0.09398528754131619,-1.0003264874372537,-0.16076836568184183,False,False
0.25,0.01,0.1,0.5,0.5639906584187006,0.6259188643755489,0.46553785987754853,0.06945315965638049,0.055,0.08088015638186047,0.08577928932041022,-0.18194442965750113,-0.1961815086839559,-0.17027082826224496,0.016246525048444815,-0.652815509601245,-0.1961815086839559,False,True
0.25,0.01,0.1,1.0,0.5639906584187006,0.5639906584187006,0.4792711039909036,0.02672363098939524,0.055,0.058672812395177354,0.06488075372784263,-0.18194442965750113,-0.19194697685053855,-0.177565884408466,1.1102230246251565e-16,-0.3403371562726119,-0.19194697685053846,False,True
0.25,0.01,0.1,2.0,0.5639906584187006,0.5321274278928654,0.48911828384525413,0.016380946025790093,0.055,0.05550400788586899,0.059100391823370776,-0.18194442965750113,-0.18740695465754445,-0.18000440916081023,-0.002060093426417886,-0.17222074844975893,-0.18740695465754456,False,True
0.25,0.01,0.2,0.25,0.5392625051349307,0.6523751906386361,0.40834038062925715,0.3554609871366469,0.10500000000000001,0.3014188911201406,0.26348099866037844,-0.17677964306516977,-0.1540556052330244,-0.12386049402156771,0.0363657620106585,-1.0003264874372537,-0.15405560523302428,False,False
0.25,0.01,0.2,0.5,0.5392625051349307,0.5780437784993206,0.4162789878084341,0.06945315965638049,0.10500000000000001,0.12453821113662664,0.14565609344016883,-0.17677964306516977,-0.18560434983794302,-0.15918716877115652,0.006147244156977205,-0.652815509601245,-0.18560434983794302,False,True
0.25,0.01,0.2,1.0,0.5392625051349307,0.5392625051349307,0.45438638977565604,0.02672363098939524,0.10500000000000001,0.10655855116665662,0.12126557625183694,-0.17677964306516977,-0.1835310674820671,-0.16908259628694886,0.0,-0.3403371562726119,-0.18353106748206707,False,True
0.25,0.01,0.2,2.0,0.5392625051349307,0.5196616086760818,0.47663359804077976,0.016380946025790093,0.10500000000000001,0.1045802270281818,0.11248098963542823,-0.17677964306516977,-0.18053814348186606,-0.1731270384908794,-0.0007725605541324398,-0.17222074844975893,-0.18053814348186598,True,True
0.25,0.01,0.4,0.25,0.48934511813214326,0.45747698725203634,0.23670491667132124,0.3554609871366469,0.20500000000000002,0.37962442658009354,0.3894573966715571,-0.1739141143383143,-0.1137263027497768,-0.0846732640948328,0.002721136742099728,-1.0003264874372537,-0.11372630274977677,False,True
0.25,0.01,0.4,0.5,0.48934511813214326,0.4786999087641664,0.32342687920121876,0.06945315965638049,0.20500000000000002,0.24176725768522592,0.29309226699783963,-0.1739141143383143,-0.15602436096520853,-0.1301303294702343,0.0004540029555317737,-0.652815509601245,-0.15602436096520853,False,True
0.25,0.01,0.4,1.0,0.48934511813214326,0.48934511813214326,0.405412423768382,0.02672363098939524,0.20500000000000002,0.2173390311105681,0.24866912250394976,-0.1739141143383143,-0.16654232594097895,-0.15217403193222723,0.0,-0.3403371562726119,-0.16654232594097898,False,True
0.25,0.01,0.4,2.0,0.48934511813214326,0.4946719541229459,0.4517670198565695,0.016380946025790093,0.20500000000000002,0.21023441293178177,0.2266935632258747,-0.1739141143383143,-0.17049909419721576,-0.16309860318611588,-5.677292244932186e-05,-0.17222074844975893,-0.17049909419721573,False,True
0.25,0.01,0.6,0.25,0.439639320951456,0.2747800712688125,0.12229972064117729,0.3554609871366469,0.305,0.5328055526174027,0.5700929470409426,-0.18102745228734635,-0.04771161326617735,-0.026701719652576103,0.08402333044538018,-1.0003264874372537,-0.047711613266177316,False,True
0.25,0.01,0.6,0.5,0.439639320951456,0.3810127204296652,0.2426753523890278,0.06945315965638049,0.305,0.3978549050453142,0.4712493585607268,-0.18102745228734635,-0.1171312709553217,-0.09361941421806284,0.014468471341205269,-0.652815509601245,-0.11713127095532168,False,True
0.25,0.01,0.6,1.0,0.439639320951456,0.439639320951456,0.35825106131529544,0.02672363098939524,0.305,0.34796516641066133,0.39462313237497193,-0.18102745228734635,-0.14962559627824065,-0.13561651983195108,0.0,-0.3403371562726119,-0.14962559627824068,False,True
0.25,0.01,0.6,2.0,0.439639320951456,0.46970889244914393,0.42713897027148806,0.016380946025790093,0.305,0.3258689405455567,0.350713558254636,-0.18102745228734635,-0.1654507200417226,-0.15809756801201014,-0.0018317430097624099,-0.17222074844975893,-0.1654507200417226,False,True
0.25,0.01,0.8,0.25,0.3911154288605256,0.1454796725156018,0.058920950998603915,0.3554609871366469,0.405,0.7353286099882305,0.7738073386061106,-0.19797938703578633,0.02665577236454833,0.038915852226734,0.2521502592592473,-1.0003264874372537,0.02665577236454834,False,True
0.25,0.01,0.8,0.5,0.3911154288605256,0.2920906269437221,0.1768163833197766,0.06945315965638049,0.405,0.586614115392277,0.6708273498447509,-0.19797938703578633,-0.0721740242350414,-0.05226497898960962,0.04633324300793035,-0.652815509601245,-0.07217402423504138,False,True
0.25,0.01,0.8,1.0,0.3911154288605256,0.3911154288605256,0.3136816138888081,0.02672363098939524,0.405,0.49755968130670736,0.5574374205866759,-0.19797938703578633,-0.1331111128327343,-0.11971292836486191,0.0,-0.3403371562726119,-0.13311111283273433,False,True
0.25,0.01,0.8,2.0,0.3911154288605256,0.4448964806766318,0.40286691527107765,0.016380946025790093,0.405,0.45137064069572247,0.48430580897777,-0.19797938703578633,-0.16531323527471936,-0.1580432122775673,-0.006036212752566383,-0.17222074844975893,-0.16531323527471925,False,True
0.25,0.05,0.1,0.25,0.5639906584187006,0.7368181883866353,0.7115425470321862,0.7418413371607367,0.07500000000000001,0.5729203712784295,0.5566974198338949,-0.16194442965750114,0.00017446755963964992,0.000570695358619087,0.09398528754131619,-0.12660846158945,0.00017446755963968635,False,False
0.25,0.05,0.1,0.5,0.5639906584187006,0.6259188643755489,0.5192946911682137,0.2800045621650739,0.07500000000000001,0.21266825113278096,0.1934754135183816,-0.16194442965750114,-0.1288061689158986,-0.11726758984609369,0.016246525048444815,-0.4375309300726361,-0.12880616891589863,False,False
0.25,0.05,0.1,1.0,0.5639906584187006,0.5639906584187006,0.4956056413673557,0.12516099799833535,0.07500000000000001,0.11419056782755277,0.11246993255040774,-0.16194442965750114,-0.15507030685360518,-0.1456947509507698,1.1102230246251565e-16,-0.2749519066297773,-0.15507030685360507,False,False
0.25,0.05,0.1,2.0,0.5639906584187006,0.5321274278928654,0.4954804030999678,0.07984616815180759,0.07500000000000001,0.08927559329643606,0.09001417127184866,-0.16194442965750114,-0.16031649768910528,-0.15494159929610063,-0.002060093426417886,-0.1467658897557494,-0.1603164976891053,False,True
0.25,0.05,0.2,0.25,0.5392625051349307,0.6523751906386361,0.6231376914358968,0.7418413371607367,0.125,0.5534838456261292,0.5376417599628809,-0.15677964306516978,-0.011557614313805897,-0.011097591325276868,0.0363657620106585,-0.12660846158945,-0.011557614313805845,False,False
0.25,0.05,0.2,0.5,0.5392625051349307,0.5780437784993206,0.46934278232297105,0.2800045621650739,0.125,0.24624613941108314,0.2375495638050869,-0.15677964306516978,-0.12338239393626568,-0.11153372970042211,0.006147244156977205,-0.4375309300726361,-0.1233823939362657,False,False
0.25,0.05,0.2,1.0,0.5392625051349307,0.5392625051349307,0.4706393452720425,0.12516099799833535,0.125,0.15964213229878424,0.1647778210971235,-0.15677964306516978,-0.14827125396079932,-0.13884151117531596,0.0,-0.2749519066297773,-0.14827125396079927,False,True
0.25,0.05,0.2,2.0,0.5392625051349307,0.5196616086760818,0.482986850443893,0.07984616815180759,0.125,0.13756066645317291,0.14196727918687643,-0.15677964306516978,-0.1540823178467635,-0.14870006327975183,-0.0007725605541324398,-0.1467658897557494,-0.1540823178467633,False,True
0.25,0.05,0.4,0.25,0.48934511813214326,0.45747698725203634,0.4262635363130532,0.7418413371607367,0.225,0.5563845450425015,0.5457144972361183,-0.1539141143383143,-0.013799830206614261,-0.013304631831254812,0.002721136742099728,-0.12660846158945,-0.013799830206614254,False,False
0.25,0.05,0.4,0.5,0.48934511813214326,0.4786999087641664,0.37220173127542633,0.2800045621650739,0.225,0.34255819485630473,0.3553374902926878,-0.1539141143383143,-0.10449600667586999,-0.09271950848612012,0.0004540029555317737,-0.4375309300726361,-0.10449600667587,False,True
0.25,0.05,0.4,1.0,0.48934511813214326,0.48934511813214326,0.421266148466953,0.12516099799833535,0.225,0.26550887609817503,0.2842196321782576,-0.1539141143383143,-0.1345463732304064,-0.1251487186085803,0.0,-0.2749519066297773,-0.1345463732304064,False,True
0.25,0.05,0.4,2.0,0.48934511813214326,0.4946719541229459,0.45807892454283045,0.07984616815180759,0.225,0.24162887837970567,0.25334427701871387,-0.1539141143383143,-0.14531548481303758,-0.13993866469139593,-5.677292244932186e-05,-0.1467658897557494,-0.14531548481303744,False,True
0.25,0.05,0.6,0.25,0.439639320951456,0.2747800712688125,0.2502813376510413,0.7418413371607367,0.325,0.6389751727338908,0.6355002395988014,-0.16102745228734638,0.012308462086649074,0.012700067496109227,0.08402333044538018,-0.12660846158945,0.0123084620866491,False,False
0.25,0.05,0.6,0.5,0.439639320951456,0.3810127204296652,0.28439120056192035,0.2800045621650739,0.325,0.4780776677054329,0.508996113259788,-0.16102745228734638,-0.07611818929894573,-0.06529022714952665,0.014468471341205269,-0.4375309300726361,-0.07611818929894572,False,True
0.25,0.05,0.6,1.0,0.439639320951456,0.439639320951456,0.3734187788865662,0.12516099799833535,0.325,0.391242103598721,0.42268619970482263,-0.16102745228734638,-0.12087966952502344,-0.11169776243755725,0.0,-0.2749519066297773,-0.12087966952502344,False,True
0.25,0.05,0.6,2.0,0.439639320951456,0.46970889244914393,0.4333787878464929,0.07984616815180759,0.325,0.3556791197394073,0.3745763628599218,-0.16102745228734638,-0.14153797307249735,-0.13619330406724858,-0.0018317430097624099,-0.1467658897557494,-0.14153797307249724,False,True
0.25,0.05,0.8,0.25,0.3911154288605256,0.1454796725156018,0.13043564476592875,0.7418413371607367,0.42500000000000004,0.7915390967761987,0.7924140373138365,-0.1779793870357863,0.05843282543237749,0.058674551288344444,0.2521502592592473,-0.12660846158945,0.05843282543237749,False,True
0.25,0.05,0.8,0.5,0.3911154288605256,0.2920906269437221,0.21035566553020332,0.2800045621650739,0.42500000000000004,0.6481142065549212,0.6906160136015648,-0.1779793870357863,-0.040732720332127895,-0.031466655101903024,0.04633324300793035,-0.4375309300726361,-0.04073272033212788,False,True
0.25,0.05,0.8,1.0,0.3911154288605256,0.3911154288605256,0.32792657151981736,0.12516099799833535,0.42500000000000004,0.5360600543203099,0.578702359745739,-0.1779793870357863,-0.10753793287752454,-0.09873889173906894,0.0,-0.2749519066297773,-0.10753793287752454,False,True
0.25,0.05,0.8,2.0,0.3911154288605256,0.4448964806766318,0.40900531332345513,0.07984616815180759,0.42500000000000004,0.47960609466494836,0.5054532563638434,-0.1779793870357863,-0.14266368117654785,-0.13737724413273755,-0.006036212752566383,-0.1467658897557494,-0.14266368117654762,False,True
0.25,0.1,0.1,0.25,0.5639906584187006,0.7368181883866353,0.8099983246226026,0.8584864497582141,0.1,0.658866611826658,0.7143727535530991,-0.13694442965750114,0.10095492548744465,0.1049493724737003,0.09398528754131619,0.4205032113646482,0.10095492548744465,False,True
0.25,0.1,0.1,0.5,0.5639906584187006,0.6259188643755489,0.5729821400370643,0.45085306037928385,0.1,0.3196055491152872,0.3010325373746754,-0.13694442965750114,-0.06095293397007771,-0.05805329992890891,0.016246525048444815,-0.2207193309733979,-0.06095293397007766,False,False
0.25,0.1,0.1,1.0,0.5639906584187006,0.5639906584187006,0.5146370863175307,0.23196931668407397,0.1,0.17442946180771687,0.16791630462160734,-0.13694442965750114,-0.11212638540347131,-0.10723321798811661,1.1102230246251565e-16,-0.19880894076835914,-0.11212638540347121,False,False
0.25,0.1,0.1,2.0,0.5639906584187006,0.5321274278928654,0.5032136366157297,0.15482809896025468,0.1,0.1291755352759758,0.12759024706651687,-0.13694442965750114,-0.12739525998379492,-0.12404839548930371,-0.002060093426417886,-0.1158322862806637,-0.12739525998379497,False,False
0.25,0.1,0.2,0.25,0.5392625051349307,0.6523751906386361,0.7407747627273882,0.8584864497582141,0.15000000000000002,0.6295802231939736,0.6877901435788413,-0.1317796430651698,0.07767290617220737,0.0824480501005693,0.0363657620106585,0.4205032113646482,0.07767290617220739,False,True
0.25,0.1,0.2,0.5,0.5392625051349307,0.5780437784993206,0.523489872618193,0.45085306037928385,0.15000000000000002,0.3450040508697595,0.3313190366238352,-0.1317796430651698,-0.06071909595336397,-0.057720082131723346,0.006147244156977205,-0.2207193309733979,-0.06071909595336393,False,False
0.25,0.1,0.2,1.0,0.5392625051349307,0.5392625051349307,0.489642751465217,0.23196931668407397,0.15000000000000002,0.21723985380250566,0.21565354418365285,-0.1317796430651698,-0.10721020744196746,-0.10228251245772074,0.0,-0.19880894076835914,-0.10721020744196741,False,False
0.25,0.1,0.2,2.0,0.5392625051349307,0.5196616086760818,0.49071474847105406,0.15482809896025468,0.15000000000000002,0.1765258972387292,0.17783348194332205,-0.1317796430651698,-0.12193230555874131,-0.11857999652849535,-0.0007725605541324398,-0.1158322862806637,-0.12193230555874116,False,True
0.25,0.1,0.4,0.25,0.48934511813214326,0.45747698725203634,0.5621763259828625,0.8584864497582141,0.25,0.6097469997312699,0.6577502278379991,-0.12891411433831432,0.04877291975175132,0.05428384562074258,0.002721136742099728,0.4205032113646482,0.048772919751751305,False,True
0.25,0.1,0.4,0.5,0.48934511813214326,0.4786999087641664,0.42409840416054984,0.45085306037928385,0.25,0.42434335536394185,0.4215667017535344,-0.12891411433831432,-0.05260216032196087,-0.04957846789945397,0.0004540029555317737,-0.2207193309733979,-0.05260216032196083,False,False
0.25,0.1,0.4,1.0,0.48934511813214326,0.48934511813214326,0.43993276730246494,0.23196931668407397,0.25,0.3177750054229434,0.32607779649710056,-0.12891411433831432,-0.09728618460601898,-0.09236285082734144,0.0,-0.19880894076835914,-0.09728618460601898,False,True
0.25,0.1,0.4,2.0,0.48934511813214326,0.4946719541229459,0.4657673204343499,0.15482809896025468,0.25,0.2787203366166317,0.28580694060692224,-0.12891411433831432,-0.11471151265486754,-0.11136086465661538,-5.677292244932186e-05,-0.1158322862806637,-0.11471151265486745,False,True
0.25,0.1,0.6,0.25,0.439639320951456,0.2747800712688125,0.36586424412453794,0.8584864497582141,0.35,0.6710269250865843,0.6945709495572243,-0.13602745228734636,0.04989230820823067,0.054558807942685944,0.08402333044538018,0.4205032113646482,0.049892308208230686,False,True
0.25,0.1,0.6,0.5,0.439639320951456,0.3810127204296652,0.33048964772983314,0.45085306037928385,0.35,0.5431731187913519,0.5507084804647668,-0.13602745228734636,-0.034814200702192426,-0.03199671692650253,0.014468471341205269,-0.2207193309733979,-0.03481420070219237,False,True
0.25,0.1,0.6,1.0,0.439639320951456,0.439639320951456,0.39139910940546296,0.23196931668407397,0.35,0.43819924029768587,0.45595311831626256,-0.13602745228734636,-0.08740422771847965,-0.08258205467650623,0.0,-0.19880894076835914,-0.08740422771847965,False,True
0.25,0.1,0.6,2.0,0.439639320951456,0.46970889244914393,0.4409899719225307,0.15482809896025468,0.35,0.3908987994131413,0.40368365585978305,-0.13602745228734636,-0.11247839581701032,-0.10914608006272083,-0.0018317430097624099,-0.1158322862806637,-0.11247839581701023,False,True
0.25,0.1,0.8,0.25,0.3911154288605256,0.1454796725156018,0.2058702556265356,0.8584864497582141,0.45,0.8085085895574252,0.8120406203624121,-0.15297938703578634,0.0783312321850838,0.08136092409232479,0.2521502592592473,0.4205032113646482,0.0783312321850838,False,True
0.25,0.1,0.8,0.5,0.3911154288605256,0.2920906269437221,0.24862272693830623,0.45085306037928385,0.45,0.6980174515107032,0.7131941357693334,-0.15297938703578634,-0.009068402377344218,-0.0066292811034255736,0.04633324300793035,-0.2207193309733979,-0.009068402377344173,False,True
0.25,0.1,0.8,1.0,0.3911154288605256,0.3911154288605256,0.34492224555025475,0.23196931668407397,0.45,0.5778344356889542,0.6040735811692253,-0.15297938703578634,-0.07775724412992362,-0.07312522628706136,0.0,-0.19880894076835914,-0.07775724412992362,False,True
0.25,0.1,0.8,2.0,0.3911154288605256,0.4448964806766318,0.41650308975928907,0.15482809896025468,0.45,0.5129652917959652,0.5312839097910719,-0.15297938703578634,-0.11513917853512366,-0.11184150318200381,-0.006036212752566383,-0.1158322862806637,-0.11513917853512352,False,True
0.25,0.25,0.1,0.25,0.5639906584187006,0.7368181883866353,0.9061235482327102,0.9479149938275155,0.175,0.724759189657855,0.868315742806705,-0.061944429657501125,0.25148629177038545,0.2812127012323935,0.09398528754131619,1.2377000105508893,0.25148629177038545,False,True
0.25,0.25,0.1,0.5,0.5639906584187006,0.6259188643755489,0.6801494271163152,0.7112345942275939,0.175,0.48258326308598504,0.5157308590975713,-0.061944429657501125,0.08314294132327109,0.08643265605577677,0.016246525048444815,0.23971055377566364,0.08314294132327107,False,True
0.25,0.25,0.1,1.0,0.5639906584187006,0.5639906584187006,0.5639906584187007,0.4753668864186717,0.175,0.31170341741984425,0.31170341741984425,-0.061944429657501125,2.976535498763359e-17,-7.981184257610649e-17,1.1102230246251565e-16,2.220446049250313e-16,2.3625338539250433e-16,False,False
0.25,0.25,0.1,2.0,0.5639906584187006,0.5321274278928654,0.5250534573731668,0.3546612443924434,0.175,0.23551223296254728,0.23371076682720537,-0.061944429657501125,-0.03433351445944407,-0.03413274453929219,-0.002060093426417886,-0.028389184641588572,-0.034333514459444096,False,False
0.25,0.25,0.2,0.25,0.5392625051349307,0.6523751906386361,0.8661335080639948,0.9479149938275155,0.225,0.6879211866797198,0.847794237337487,-0.05677964306516978,0.21095263558680918,0.24766163792796997,0.0363657620106585,1.2377000105508893,0.2109526355868092,False,True
0.25,0.25,0.2,0.5,0.5392625051349307,0.5780437784993206,0.6351693986294368,0.7112345942275939,0.225,0.4955159765468854,0.524720569774105,-0.05677964306516978,0.07235521920381323,0.07580783613693994,0.006147244156977205,0.23971055377566364,0.07235521920381321,False,True
0.25,0.25,0.2,1.0,0.5392625051349307,0.5392625051349307,0.5392625051349308,0.4753668864186717,0.225,0.3484950370013388,0.3484950370013389,-0.05677964306516978,-2.9085860797070995e-17,-8.379626538209342e-17,0.0,2.220446049250313e-16,1.1974032990356835e-16,False,False
0.25,0.25,0.2,2.0,0.5392625051349307,0.5196616086760818,0.5125718059691157,0.3546612443924434,0.225,0.2803715110608218,0.2792749933516655,-0.05677964306516978,-0.031050659827965534,-0.03084941680760594,-0.0007725605541324398,-0.028389184641588572,-0.031050659827965343,False,False
0.25,0.25,0.4,0.25,0.48934511813214326,0.45747698725203634,0.7440633238053411,0.9479149938275155,0.325,0.6506585006464298,0.8076834514700841,-0.05391411433831429,0.14223510217268356,0.18850539645054343,0.002721136742099728,1.2377000105508893,0.1422351021726835,False,True
0.25,0.25,0.4,0.5,0.48934511813214326,0.4786999087641664,0.5385380603036429,0.7112345942275939,0.325,0.5489879718610016,0.5676116746747198,-0.05391411433831429,0.057601711588874886,0.061190145033681524,0.0004540029555317737,0.23971055377566364,0.057601711588874886,False,True
0.25,0.25,0.4,1.0,0.48934511813214326,0.48934511813214326,0.4893451181321434,0.4753668864186717,0.325,0.43688041793779675,0.43688041793779675,-0.05391411433831429,2.5825837600762962e-17,-8.452836275543852e-17,0.0,2.220446049250313e-16,1.0865644342764453e-16,False,False
0.25,0.25,0.4,2.0,0.48934511813214326,0.4946719541229459,0.487577013554607,0.3546612443924434,0.325,0.37757218916610735,0.37789386494258537,-0.05391411433831429,-0.02820021273012224,-0.02799877623471123,-5.677292244932186e-05,-0.028389184641588572,-0.028200212730122128,False,True
0.25,0.25,0.6,0.25,0.439639320951456,0.2747800712688125,0.5664044197326032,0.9479149938275155,0.425,0.6956001067994131,0.7970605901951462,-0.06102745228734635,0.10602965688849086,0.14959650807739172,0.08402333044538018,1.2377000105508893,0.10602965688849088,False,True
0.25,0.25,0.6,0.5,0.439639320951456,0.3810127204296652,0.4389212132511902,0.7112345942275939,0.425,0.6423817953525455,0.6488232230538794,-0.06102745228734635,0.0529006207754862,0.056345929174051304,0.014468471341205269,0.23971055377566364,0.052900620775486226,False,True
0.25,0.25,0.6,1.0,0.439639320951456,0.439639320951456,0.4396393209514561,0.4753668864186717,0.425,0.5452063825770391,0.5452063825770391,-0.06102745228734635,2.32025482325052e-17,-2.560722143258235e-17,0.0,2.220446049250313e-16,9.761953933017509e-17,False,False
0.25,0.25,0.6,2.0,0.439639320951456,0.46970889244914393,0.46264419450827304,0.3546612443924434,0.425,0.48476220482872334,0.48649544903027986,-0.06102745228734635,-0.03033279097059454,-0.030132165760345324,-0.0018317430097624099,-0.028389184641588572,-0.03033279097059445,False,True
0.25,0.25,0.8,0.25,0.3911154288605256,0.1454796725156018,0.36986315798198655,0.9479149938275155,0.525,0.8215186248621742,0.854708306729931,-0.07797938703578632,0.10805261286668688,0.13918838623191132,0.2521502592592473,1.2377000105508893,0.10805261286668688,False,True
0.25,0.25,0.8,0.5,0.3911154288605256,0.2920906269437221,0.3439949732083304,0.7112345942275939,0.525,0.7740724569770241,0.7694651466194946,-0.07797938703578632,0.058175224472645365,0.06124043632185499,0.04633324300793035,0.23971055377566364,0.058175224472645386,False,False
0.25,0.25,0.8,1.0,0.3911154288605256,0.3911154288605256,0.39111542886052564,0.4753668864186717,0.525,0.6730309805593111,0.6730309805593111,-0.07797938703578632,2.064163547285464e-17,8.466305846012763e-17,0.0,2.220446049250313e-16,8.684507088141959e-17,False,False
0.25,0.25,0.8,2.0,0.3911154288605256,0.4448964806766318,0.43789680538208187,0.3546612443924434,0.525,0.6018703549212875,0.6049875816066193,-0.07797938703578632,-0.03733292217777662,-0.037134096899651754,-0.006036212752566383,-0.028389184641588572,-0.03733292217777645,False,True
0.25,0.5,0.1,0.25,0.5639906584187006,0.7368181883866353,0.9490686625471814,0.9820137900379085,0.3,0.7498838029077618,0.9370916480594482,0.06305557034249887,0.3726572694266152,0.43408799465785847,0.09398528754131619,1.8955066693227105,0.3726572694266152,False,True
0.25,0.5,0.1,0.5,0.5639906584187006,0.6259188643755489,0.77447962288579,0.8807970779778823,0.3,0.5887156203556629,0.7047114265026371,0.06305557034249887,0.23315135666564019,0.2611543600521057,0.016246525048444815,0.7190327914654504,0.23315135666564019,False,True
0.25,0.5,0.1,1.0,0.5639906584187006,0.5639906584187006,0.6271745414799288,0.7310585786300049,0.3,0.45591114326230575,0.49578387469924895,0.06305557034249887,0.14818318050988769,0.15655329826326156,1.1102230246251565e-16,0.26274048744948914,0.14818318050988782,False,True
0.25,0.5,0.1,2.0,0.5639906584187006,0.5321274278928654,0.5574772460156563,0.6224593312018546,0.3,0.37801494009106956,0.3912591891135916,0.06305557034249887,0.10469220298790649,0.10728799806789696,-0.002060093426417886,0.10224279386576718,0.10469220298790646,False,True
0.25,0.5,0.2,0.25,0.5392625051349307,0.6523751906386361,0.9258761233594298,0.9820137900379085,0.35,0.7101663953580228,0.9240478963339138,0.0682203569348302,0.318236821691717,0.39543795597293624,0.0363657620106585,1.8955066693227105,0.31823682169171696,False,True
0.25,0.5,0.2,0.5,0.5392625051349307,0.5780437784993206,0.7376482318300848,0.8807970779778823,0.35,0.5935305153456317,0.7021887608054732,0.0682203569348302,0.21088983790029012,0.24068129122258697,0.006147244156977205,0.7190327914654504,0.21088983790029012,False,True
0.25,0.5,0.2,1.0,0.5392625051349307,0.5392625051349307,0.6035106500494174,0.7310585786300049,0.35,0.486379979485412,0.5204995080033139,0.0682203569348302,0.14168609346238423,0.1501792747927141,0.0,0.26274048744948914,0.14168609346238434,False,True
0.25,0.5,0.2,2.0,0.5392625051349307,0.5196616086760818,0.5451094609093166,0.6224593312018546,0.35,0.41953589565257743,0.4302865782875534,0.0682203569348302,0.10471818836337811,0.10732292061630913,-0.0007725605541324398,0.10224279386576718,0.10471818836337832,False,True
0.25,0.5,0.4,0.25,0.48934511813214326,0.45747698725203634,0.8487721001366854,0.9820137900379085,0.45,0.6662579152056816,0.8939970668789874,0.0710858856616857,0.21746795428499885,0.32004091786005984,0.002721136742099728,1.8955066693227105,0.21746795428499882,False,True
0.25,0.5,0.4,0.5,0.48934511813214326,0.4786999087641664,0.6533462590303187,0.8807970779778823,0.45,0.6301575173620901,0.7141269722495579,0.0710858856616857,0.1723274673142434,0.20422672631888145,0.0004540029555317737,0.7190327914654504,0.1723274673142434,False,True
0.25,0.5,0.4,1.0,0.48934511813214326,0.48934511813214326,0.5548075180609188,0.7310585786300049,0.45,0.5620018992683592,0.5836737883424885,0.0710858856616857,0.12857077486906715,0.13718725175436092,0.0,0.26274048744948914,0.12857077486906718,False,True
0.25,0.5,0.4,2.0,0.48934511813214326,0.4946719541229459,0.520221415205427,0.6224593312018546,0.45,0.510044392078505,0.5157281081034817,0.0710858856616857,0.1010397394282384,0.103652650904385,-5.677292244932186e-05,0.10224279386576718,0.10103973942823855,False,True
0.25,0.5,0.6,0.25,0.439639320951456,0.2747800712688125,0.7160603524031393,0.9820137900379085,0.55,0.7049697764522855,0.8735449291174036,0.06397254771265364,0.15121769703309598,0.25543414553912014,0.08402333044538018,1.8955066693227105,0.151217697033096,False,True
0.25,0.5,0.6,0.5,0.439639320951456,0.3810127204296652,0.5581804682698515,0.8807970779778823,0.55,0.7069872585690538,0.7567354444745004,0.06397254771265364,0.1442145556477963,0.17582584719984706,0.014468471341205269,0.7190327914654504,0.14421455564779637,False,True
0.25,0.5,0.6,1.0,0.439639320951456,0.439639320951456,0.5050284572006671,0.7310585786300049,0.55,0.6576185045137584,0.6661883117684237,0.06397254771265364,0.11551104948874794,0.12408037451300485,0.0,0.26274048744948914,0.11551104948874796,False,True
0.25,0.5,0.6,2.0,0.439639320951456,0.46970889244914393,0.4952325953852838,0.6224593312018546,0.55,0.6105493475839716,0.6111225928817121,0.06397254771265364,0.09238521291566631,0.09499326805265644,-0.0018317430097624099,0.10224279386576718,0.09238521291566644,False,True
0.25,0.5,0.8,0.25,0.3911154288605256,0.1454796725156018,0.5312100575371683,0.9820137900379085,0.65,0.8264793065680385,0.8966875558785954,0.047020612964213684,0.1319769871908636,0.21313394150931697,0.2521502592592473,1.8955066693227105,0.13197698719086357,False,True
0.25,0.5,0.8,0.5,0.3911154288605256,0.2920906269437221,0.4585406198134874,0.8807970779778823,0.65,0.8236000691617805,0.8370487422150967,0.047020612964213684,0.12817799093008417,0.15719063711460315,0.04633324300793035,0.7190327914654504,0.1281779909300842,False,True
0.25,0.5,0.8,1.0,0.3911154288605256,0.3911154288605256,0.455149503881705,0.7310585786300049,0.65,0.7730359464146201,0.7686213462665472,0.047020612964213684,0.10276185842783046,0.11111727340451415,0.0,0.26274048744948914,0.10276185842783048,False,False
0.25,0.5,0.8,2.0,0.3911154288605256,0.4448964806766318,0.47026757075797154,0.6224593312018546,0.65,0.7210127812747297,0.7165083809735506,0.047020612964213684,0.07890249282571932,0.08149275264956832,-0.006036212752566383,0.10224279386576718,0.0789024928257195,False,False
0.25,0.75,0.1,0.25,0.5639906584187006,0.7368181883866353,0.9650548273875484,0.9939318344798832,0.425,0.758665234822609,0.9626932322202182,0.18805557034249887,0.4451236756894363,0.5282625108322049,0.09398528754131619,2.288908501172146,0.4451236756894364,False,True
0.25,0.75,0.1,0.5,0.5639906584187006,0.6259188643755489,0.8258421750206136,0.9568354670200037,0.425,0.6363094824738538,0.8076108657186031,0.18805557034249887,0.33413113659421867,0.3903786554467738,0.016246525048444815,1.0416937166296776,0.33413113659421867,False,True
0.25,0.75,0.1,1.0,0.5639906584187006,0.5639906584187006,0.6743638040951212,0.890768227426964,0.425,0.5459858932431222,0.6332654700052035,0.18805557034249887,0.26542241844248843,0.2918828740308484,1.1102230246251565e-16,0.4706149197340814,0.2654224184424886,False,True
0.25,0.75,0.1,2.0,0.5639906584187006,0.5321274278928654,0.5857569134703628,0.8318243439635804,0.425,0.48942380582272366,0.52867116892258,0.18805557034249887,0.22763716889172037,0.23936583310366846,-0.002060093426417886,0.2177649032885563,0.22763716889172034,False,True
0.25,0.75,0.2,0.25,0.5392625051349307,0.6523751906386361,0.948748778007076,0.9939318344798832,0.475,0.7179414318728959,0.9532418577837053,0.1932203569348302,0.382398220454308,0.4876875161657209,0.0363657620106585,2.288908501172146,0.38239822045430805,False,True
0.25,0.75,0.2,0.5,0.5392625051349307,0.5780437784993206,0.795180781145827,0.9568354670200037,0.475,0.637484033058541,0.8018210178638333,0.1932203569348302,0.30414590807829833,0.3644605407339993,0.006147244156977205,1.0416937166296776,0.30414590807829833,False,True
0.25,0.75,0.2,1.0,0.5392625051349307,0.5392625051349307,0.6520333205425992,0.890768227426964,0.475,0.5725054047898801,0.6504039010545286,0.1932203569348302,0.25378498056967497,0.28072172885237545,0.0,0.4706149197340814,0.253784980569675,False,True
0.25,0.75,0.2,2.0,0.5392625051349307,0.5196616086760818,0.5735749292199435,0.8318243439635804,0.475,0.5283348549848242,0.5623986033683479,0.1932203569348302,0.22478299880398003,0.2365632187558226,-0.0007725605541324398,0.2177649032885563,0.2247829988039802,False,True
0.25,0.75,0.4,0.25,0.48934511813214326,0.45747698725203634,0.8926791790446192,0.9939318344798832,0.575,0.6717101462709321,0.9301905824119668,0.19608588566168567,0.2624610254884767,0.40578224148447306,0.002721136742099728,2.288908501172146,0.2624610254884768,False,True
0.25,0.75,0.4,0.5,0.48934511813214326,0.4786999087641664,0.722408820022117,0.9568354670200037,0.575,0.6665570872591278,0.8022628526763853,0.19608588566168567,0.24955634503318191,0.31531520701581683,0.0004540029555317737,1.0416937166296776,0.24955634503318191,False,True
0.25,0.75,0.4,1.0,0.48934511813214326,0.48934511813214326,0.6053933435843194,0.890768227426964,0.575,0.6401550362257502,0.6971078181269594,0.19608588566168567,0.23029311349202314,0.257804521870075,0.0,0.4706149197340814,0.23029311349202317,False,True
0.25,0.75,0.4,2.0,0.48934511813214326,0.4946719541229459,0.5489556326022883,0.8318243439635804,0.575,0.6136113920663235,0.6370524059135954,0.19608588566168567,0.2153308346533902,0.22717066196847324,-5.677292244932186e-05,0.2177649032885563,0.2153308346533903,False,True
0.25,0.75,0.6,0.25,0.439639320951456,0.2747800712688125,0.7889161476143786,0.9939318344798832,0.675,0.7082446175534363,0.9107791852805345,0.1889725477126536,0.17824244288131327,0.3295607075174674,0.08402333044538018,2.288908501172146,0.17824244288131333,False,True
0.25,0.75,0.6,0.5,0.439639320951456,0.3810127204296652,0.6356288321301811,0.9568354670200037,0.675,0.7359588520350816,0.8268149111645526,0.1889725477126536,0.20568351408438373,0.2721900768966986,0.014468471341205269,1.0416937166296776,0.2056835140843838,False,True
0.25,0.75,0.6,1.0,0.439639320951456,0.439639320951456,0.5567516233292692,0.890768227426964,0.675,0.727833146060249,0.7618856826325364,0.1889725477126536,0.2069008237415155,0.23445036352061077,0.0,0.4706149197340814,0.20690082374151553,False,True
0.25,0.75,0.6,2.0,0.439639320951456,0.46970889244914393,0.5240943021057312,0.8318243439635804,0.675,0.7088899558458828,0.7214978177607116,0.1889725477126536,0.20090873705640053,0.21274930268341186,-0.0018317430097624099,0.2177649032885563,0.2009087370564006,False,True
0.25,0.75,0.8,0.25,0.3911154288605256,0.1454796725156018,0.6267746279586508,0.9939318344798832,0.775,0.8282131397704833,0.9215515534054675,0.17202061296421367,0.146284979606987,0.2701270246278257,0.2521502592592473,2.288908501172146,0.146284979606987,False,True
0.25,0.75,0.8,0.5,0.3911154288605256,0.2920906269437221,0.5390308678337509,0.9568354670200037,0.775,0.8458101698888845,0.8845391578949042,0.17202061296421367,0.1753011068908144,0.23765912101020423,0.04633324300793035,1.0416937166296776,0.17530110689081443,False,True
0.25,0.75,0.8,1.0,0.3911154288605256,0.3911154288605256,0.5069967780549285,0.890768227426964,0.775,0.8355008541970068,0.8460191988552278,0.17202061296421367,0.18406475615995704,0.2111130019795302,0.0,0.4706149197340814,0.18406475615995707,False,True
0.25,0.75,0.8,2.0,0.3911154288605256,0.4448964806766318,0.49911297919129033,0.8318243439635804,0.775,0.8141585386292396,0.815883943126471,0.17202061296421367,0.18169325267079864,0.19347567323577708,-0.006036212752566383,0.2177649032885563,0.18169325267079878,False,True
0.25,0.9,0.1,0.25,0.5639906584187006,0.7368181883866353,0.9705929430213597,0.99796906211513,0.5,0.761639937574916,0.9715624347404542,0.2630555703424989,0.4779614349758875,0.571398925240961,0.09398528754131619,2.4671764093428386,0.4779614349758875,False,True
0.25,0.9,0.1,0.5,0.5639906584187006,0.6259188643755489,0.84677982818599,0.985185515469262,0.5,0.6540543126042053,0.8495572387017887,0.2630555703424989,0.38205243739319666,0.4544216603320816,0.016246525048444815,1.194816760290574,0.38205243739319666,False,True
0.25,0.9,0.1,1.0,0.5639906584187006,0.5639906584187006,0.6973481531849405,0.9607296994499495,0.5,0.5854435099133072,0.7002282663028512,0.2630555703424989,0.3256073983405736,0.3650805442977204,1.1102230246251565e-16,0.5773276444923778,0.3256073983405738,False,True
0.25,0.9,0.1,2.0,0.5639906584187006,0.5321274278928654,0.6010538417125229,0.9368626738208133,0.5,0.5453175821198154,0.6029995250858138,0.2630555703424989,0.2951174593647629,0.3146188348888302,-0.002060093426417886,0.28117104149520056,0.2951174593647626,False,True
0.25,0.9,0.2,0.25,0.5392625051349307,0.6523751906386361,0.9567552795616325,0.99796906211513,0.55,0.7205752190210916,0.963461113105495,0.2682203569348302,0.41147261059870965,0.5301535927560153,0.0363657620106585,2.4671764093428386,0.41147261059870965,False,True
0.25,0.9,0.2,0.5,0.5392625051349307,0.5780437784993206,0.8189967011727429,0.985185515469262,0.55,0.653871602184789,0.8430643469779453,0.2682203569348302,0.3484018194448288,0.4262667778135771,0.006147244156977205,1.194816760290574,0.3484018194448288,False,True
0.25,0.9,0.2,1.0,0.5392625051349307,0.5392625051349307,0.6758361712147525,0.9607296994499495,0.55,0.6102330034559227,0.7141286474056033,0.2682203569348302,0.31133115185260823,0.3515794229608321,0.0,0.5773276444923778,0.31133115185260835,False,True
0.25,0.9,0.2,2.0,0.5392625051349307,0.5196616086760818,0.5890060718347376,0.9368626738208133,0.55,0.5829192424510828,0.6340165889888388,0.2682203569348302,0.29068247036478573,0.31027967164605696,-0.0007725605541324398,0.28117104149520056,0.2906824703647857,False,True
0.25,0.9,0.4,0.25,0.48934511813214326,0.45747698725203634,0.9086010806319125,0.99796906211513,0.65,0.6735570850063555,0.9433153360222584,0.2710858856616857,0.28284939187688957,0.4459294964462464,0.002721136742099728,2.4671764093428386,0.28284939187688957,False,True
0.25,0.9,0.4,0.5,0.48934511813214326,0.4786999087641664,0.7520479676756874,0.985185515469262,0.65,0.6801282528652475,0.840087577621908,0.2710858856616857,0.2862063385482632,0.37177228016769504,0.0004540029555317737,1.194816760290574,0.2862063385482632,False,True
0.25,0.9,0.4,1.0,0.48934511813214326,0.48934511813214326,0.6305790312514659,0.9607296994499495,0.65,0.6743903410175367,0.7535843906730748,0.2710858856616857,0.2825124643950746,0.3237571535861494,0.0,0.5773276444923778,0.28251246439507466,False,True
0.25,0.9,0.4,2.0,0.48934511813214326,0.4946719541229459,0.5646013973359462,0.9368626738208133,0.65,0.6655709079546115,0.7031134158167435,0.2710858856616857,0.278061311233531,0.2977782035463712,-5.677292244932186e-05,0.28117104149520056,0.2780613112335309,False,True
0.25,0.9,0.6,0.25,0.439639320951456,0.2747800712688125,0.8170776649533861,0.99796906211513,0.75,0.7093539672507778,0.9251716319967195,0.2639725477126536,0.19048856000933453,0.3653591562915911,0.08402333044538018,2.4671764093428386,0.19048856000933456,True,True
0.25,0.9,0.6,0.5,0.439639320951456,0.3810127204296652,0.6703049892344791,0.985185515469262,0.75,0.7467605811190463,0.858191772799901,0.2639725477126536,0.234854427797238,0.322192588266814,0.014468471341205269,1.194816760290574,0.23485442779723803,True,True
0.25,0.9,0.6,1.0,0.439639320951456,0.439639320951456,0.5829029224278117,0.9607296994499495,0.75,0.7585909601131986,0.8102703960158817,0.2639725477126536,0.2538159335911325,0.295261651496438,0.0,0.5773276444923778,0.2538159335911326,False,True
0.25,0.9,0.6,2.0,0.439639320951456,0.46970889244914393,0.5398796233207046,0.9368626738208133,0.75,0.7582273934278314,0.781865293453186,0.2639725477126536,0.26047359095944117,0.28021245719314564,-0.0018317430097624099,0.28117104149520056,0.2604735909594411,False,True
0.25,0.9,0.8,0.25,0.3911154288605256,0.1454796725156018,0.6674496073532464,0.99796906211513,0.8500000000000001,0.8288004743247299,0.932134372776834,0.24702061296421368,0.15276856883216544,0.2989747862085932,0.2521502592592473,2.4671764093428386,0.15276856883216544,True,True
0.25,0.9,0.8,0.5,0.3911154288605256,0.2920906269437221,0.5767790300269412,0.985185515469262,0.8500000000000001,0.8540909533143132,0.9068111219874001,0.24702061296421368,0.19766400980203552,0.28037744702905093,0.04633324300793035,1.194816760290574,0.19766400980203552,False,True
0.25,0.9,0.8,1.0,0.3911154288605256,0.3911154288605256,0.5336245894810998,0.9607296994499495,0.8500000000000001,0.8628638653309904,0.8857693198863998,0.24702061296421368,0.22580174926867336,0.2666377996119671,0.0,0.5773276444923778,0.2258017492686734,False,True
0.25,0.9,0.8,2.0,0.3911154288605256,0.4448964806766318,0.5149600462757138,0.9368626738208133,0.8500000000000001,0.8608897219188737,0.8704788088441839,0.24702061296421368,0.23811158815366312,0.2577742770936048,-0.006036212752566383,0.28117104149520056,0.2381115881536631,False,True
0.25,0.95,0.1,0.25,0.5639906584187006,0.7368181883866353,0.9720684736972646,0.9990369473702875,0.525,0.762426774854026,0.9739254732276833,0.28805557034249885,0.487723858729794,0.5842685884744147,0.09398528754131619,2.5201741442401415,0.487723858729794,False,True
0.25,0.95,0.1,0.5,0.5639906584187006,0.6259188643755489,0.8526834077217589,0.9929274673668681,0.525,0.6589001463440051,0.8613844357227408,0.28805557034249885,0.396523546292084,0.4740676396122036,0.016246525048444815,1.2410563281403924,0.39652354629208386,False,True
0.25,0.95,0.1,1.0,0.5639906584187006,0.5639906584187006,0.7043051537235255,0.981005693354874,0.525,0.5968789810658391,0.7204968502896056,0.28805557034249885,0.34432176875322834,0.38833567095068844,1.1102230246251565e-16,0.6105097019135511,0.34432176875322845,False,True
0.25,0.95,0.1,2.0,0.5639906584187006,0.5321274278928654,0.6059048144624067,0.9690648656695329,0.525,0.5624532516407871,0.6265705861892947,0.28805557034249885,0.31669244126104784,0.3390868316284816,-0.002060093426417886,0.3014434243544325,0.3166924412610477,False,True
0.25,0.95,0.2,0.25,0.5392625051349307,0.6523751906386361,0.9588957256720435,0.9990369473702875,0.575,0.7212718808680051,0.9661931134874062,0.2932203569348302,0.4201162124504706,0.5428443529549128,0.0363657620106585,2.5201741442401415,0.4201162124504706,False,True
0.25,0.95,0.2,0.5,0.5392625051349307,0.5780437784993206,0.8257504823844174,0.9929274673668681,0.575,0.6583467893126412,0.8547602386740457,0.2932203569348302,0.36176606670287126,0.44528026550088945,0.006147244156977205,1.2410563281403924,0.3617660667028712,False,True
0.25,0.95,0.2,1.0,0.5392625051349307,0.5392625051349307,0.6830629224852252,0.981005693354874,0.575,0.6211670867231929,0.7334760313805797,0.2932203569348302,0.3292249912630813,0.3741251948264557,0.0,0.6105097019135511,0.32922499126308136,False,True
0.25,0.95,0.2,2.0,0.5392625051349307,0.5196616086760818,0.5939045616699508,0.9690648656695329,0.575,0.5996534852700842,0.6567511319412235,0.2932203569348302,0.31175202854143746,0.33426015026799827,-0.0007725605541324398,0.3014434243544325,0.3117520285414375,False,True
0.25,0.95,0.4,0.25,0.48934511813214326,0.45747698725203634,0.9129080115007546,0.9990369473702875,0.675,0.6740456179356158,0.9468656284392913,0.29608588566168564,0.2889107028998896,0.45799668548295236,0.002721136742099728,2.5201741442401415,0.2889107028998896,True,True
0.25,0.95,0.4,0.5,0.48934511813214326,0.4786999087641664,0.7605695107870529,0.9929274673668681,0.675,0.683834324532288,0.8509625537874251,0.29608588566168564,0.2972737770037645,0.3892583639758245,0.0004540029555317737,1.2410563281403924,0.29727377700376445,False,True
0.25,0.95,0.4,1.0,0.48934511813214326,0.48934511813214326,0.6382747116507972,0.981005693354874,0.675,0.6843122996501886,0.7708412413935537,0.29608588566168564,0.29874994220370626,0.3448089323107205,0.0,0.6105097019135511,0.29874994220370626,False,True
0.25,0.95,0.4,2.0,0.48934511813214326,0.4946719541229459,0.5695782013086287,0.9690648656695329,0.675,0.6815004291234595,0.724126942615989,0.29608588566168564,0.2981176697209405,0.32077077234175067,-5.677292244932186e-05,0.3014434243544325,0.2981176697209405,False,True
0.25,0.95,0.6,0.25,0.439639320951456,0.2747800712688125,0.8248660965837002,0.9990369473702875,0.7749999999999999,0.7096474008372969,0.9291520491700045,0.28897254771265357,0.19412924035237616,0.37623686138948187,0.08402333044538018,2.5201741442401415,0.1941292403523762,True,True
0.25,0.95,0.6,0.5,0.439639320951456,0.3810127204296652,0.6804421241879712,0.9929274673668681,0.7749999999999999,0.7497103632729889,0.8673644005469114,0.28897254771265357,0.24366335956621374,0.33780739574154917,0.014468471341205269,1.2410563281403924,0.24366335956621374,True,True
0.25,0.95,0.6,1.0,0.439639320951456,0.439639320951456,0.5909475121136714,0.981005693354874,0.7749999999999999,0.7675050843051754,0.8251543665892072,0.28897254771265357,0.26840407078354944,0.31473716608550895,0.0,0.6105097019135511,0.26840407078354944,True,True
0.25,0.95,0.6,2.0,0.439639320951456,0.46970889244914393,0.5449112380021055,0.9690648656695329,0.7749999999999999,0.7733530492955283,0.8011075928550659,0.28897254771265357,0.27951782795967084,0.3022037820787987,-0.0018317430097624099,0.3014434243544325,0.27951782795967084,True,True
0.25,0.95,0.8,0.25,0.3911154288605256,0.1454796725156018,0.6791068380145624,0.9990369473702875,0.875,0.8289558299219345,0.9351673519767068,0.27202061296421365,0.1546960921113975,0.30789557781364973,0.2521502592592473,2.5201741442401415,0.1546960921113975,True,True
0.25,0.95,0.8,0.5,0.3911154288605256,0.2920906269437221,0.5880244115836163,0.9929274673668681,0.875,0.8563523048978531,0.91344606047672,0.27202061296421365,0.20441708198346564,0.29384261408653595,0.04633324300793035,1.2410563281403924,0.20441708198346564,True,True
0.25,0.95,0.8,1.0,0.3911154288605256,0.3911154288605256,0.5418726283833252,0.981005693354874,0.875,0.8707941193826884,0.8980820308105517,0.27202061296421365,0.2387797638874302,0.2844814619694215,0.0,0.6105097019135511,0.2387797638874302,True,True
0.25,0.95,0.8,2.0,0.3911154288605256,0.4448964806766318,0.5200218964798163,0.9690648656695329,0.875,0.8752163637424427,0.8879174320735759,0.27202061296421365,0.25614981173166623,0.27875583941832727,-0.006036212752566383,0.3014434243544325,0.2561498117316663,False,True
0.25,0.99,0.1,0.25,0.5639906584187006,0.7368181883866353,0.9731464002695045,0.9998150277676352,0.545,0.7630000786428188,0.9756517551804784,0.30805557034249886,0.49517759095491626,0.5941076249121924,0.09398528754131619,2.560638575453183,0.49517759095491626,False,True
0.25,0.99,0.1,0.5,0.5639906584187006,0.6259188643755489,0.8570885160167376,0.998634843137919,0.545,0.6624725005051857,0.8702096041460128,0.30805557034249886,0.4076371696555141,0.48924689681332895,0.016246525048444815,1.2765677146665608,0.4076371696555141,False,True
0.25,0.99,0.1,1.0,0.5639906584187006,0.5639906584187006,0.7096446287550238,0.9962978032414466,0.545,0.6055035881893783,0.7360529218352196,0.30805557034249886,0.3588586333739901,0.40655807790996906,1.1102230246251565e-16,0.6362847114882128,0.35885863337399015,False,True
0.25,0.99,0.1,2.0,0.5639906584187006,0.5321274278928654,0.6097014721985028,0.9939107340081471,0.545,0.5756744196535786,0.6450186905388116,0.30805557034249886,0.3336429467120673,0.35844796276085816,-0.002060093426417886,0.3173705355711392,0.33364294671206707,False,True
0.25,0.99,0.2,0.25,0.5392625051349307,0.6523751906386361,0.9604613342807562,0.9998150277676352,0.595,0.721779481215557,0.968191408747503,0.3132203569348302,0.42671571020714366,0.5525526135189575,0.0363657620106585,2.560638575453183,0.42671571020714366,False,True
0.25,0.99,0.2,0.5,0.5392625051349307,0.5780437784993206,0.8308011398696199,0.998634843137919,0.595,0.661645902368655,0.8635067380185781,0.3132203569348302,0.37202963472653927,0.45998705098025294,0.006147244156977205,1.2765677146665608,0.3720296347265393,False,True
0.25,0.99,0.2,1.0,0.5392625051349307,0.5392625051349307,0.688616390687125,0.9962978032414466,0.595,0.6294135482094246,0.7483437191802114,0.3132203569348302,0.34312448749619023,0.3918028328180939,0.0,0.6362847114882128,0.34312448749619023,False,True
0.25,0.99,0.2,2.0,0.5392625051349307,0.5196616086760818,0.5977400755614041,0.9939107340081471,0.595,0.6125649291798827,0.6745522621350396,0.3132203569348302,0.32830544501431075,0.3532396380135029,-0.0007725605541324398,0.3173705355711392,0.3283054450143108,False,True
0.25,0.99,0.4,0.25,0.48934511813214326,0.45747698725203634,0.9160719214023084,0.9998150277676352,0.6950000000000001,0.6744015718116343,0.9494737049730766,0.31608588566168566,0.29353858942044203,0.46724785403766955,0.002721136742099728,2.560638575453183,0.29353858942044203,True,True
0.25,0.99,0.4,0.5,0.48934511813214326,0.4786999087641664,0.7669763031337856,0.998634843137919,0.6950000000000001,0.686566444793173,0.8591387389169948,0.31608588566168566,0.30577342574884736,0.4028198590314085,0.0004540029555317737,1.2765677146665608,0.3057734257488474,True,True
0.25,0.99,0.4,1.0,0.48934511813214326,0.48934511813214326,0.6442041874359726,0.9962978032414466,0.6950000000000001,0.6917954189691232,0.7841375418070116,0.31608588566168566,0.3113628173088762,0.3613369779938345,0.0,0.6362847114882128,0.31136281730887616,True,True
0.25,0.99,0.4,2.0,0.48934511813214326,0.4946719541229459,0.5734784693120157,0.9939107340081471,0.6950000000000001,0.6937909833664033,0.7405950186469679,0.31608588566168566,0.313875060179144,0.3389763866517762,-5.677292244932186e-05,0.3173705355711392,0.313875060179144,True,True
0.25,0.99,0.6,0.25,0.439639320951456,0.2747800712688125,0.8306350470248043,0.9998150277676352,0.7949999999999999,0.709861201824333,0.9321003743909931,0.3089725477126536,0.19690894517551907,0.3846106044064659,0.08402333044538018,2.560638575453183,0.1969089451755191,True,True
0.25,0.99,0.6,0.5,0.439639320951456,0.3810127204296652,0.6881137785680587,0.998634843137919,0.7949999999999999,0.7518849460420314,0.8743061281805187,0.3089725477126536,0.25042850455949606,0.3499573737228504,0.014468471341205269,1.2765677146665608,0.2504285045594961,True,True
0.25,0.99,0.6,1.0,0.439639320951456,0.439639320951456,0.5971631531573491,0.9962978032414466,0.7949999999999999,0.7742280971116233,0.836654445772993,0.3089725477126536,0.279735778490471,0.3300490127049401,0.0,0.6362847114882128,0.279735778490471,True,True
0.25,0.99,0.6,2.0,0.439639320951456,0.46970889244914393,0.548857983951897,0.9939107340081471,0.7949999999999999,0.7850233745947961,0.8162010513247235,0.3089725477126536,0.29448003949869805,0.3196243817690836,-0.0018317430097624099,0.3173705355711392,0.29448003949869805,True,True
0.25,0.99,0.8,0.25,0.3911154288605256,0.1454796725156018,0.6878602425665961,0.9998150277676352,0.895,0.8290690248033314,0.9374448134686967,0.29202061296421367,0.15616778016174837,0.31480988056831943,0.2521502592592473,2.560638575453183,0.15616778016174837,True,True
0.25,0.99,0.8,0.5,0.3911154288605256,0.2920906269437221,0.5965994000431815,0.998634843137919,0.895,0.8580193758650227,0.9185054282437539,0.29202061296421367,0.2096033535605003,0.30435960579059784,0.04633324300793035,1.2765677146665608,0.20960335356050033,True,True
0.25,0.99,0.8,1.0,0.3911154288605256,0.3911154288605256,0.5482639372475296,0.9962978032414466,0.895,0.8767750994991574,0.9076230064781965,0.29202061296421367,0.24886076781110816,0.29853063407240243,0.0,0.6362847114882128,0.2488607678111081,True,True
0.25,0.99,0.8,2.0,0.3911154288605256,0.4448964806766318,0.5239959381874145,0.9939107340081471,0.895,0.8862702031256471,0.9016084369912092,0.29202061296421367,0.27032164318698243,0.2953840349791379,-0.006036212752566383,0.3173705355711392,0.2703216431869825,True,True
0.5,0.01,0.1,0.25,0.6271745414799288,0.8889892429044391,0.5072918806229635,0.3554609871366471,0.055,0.32710206954622856,0.22959328459034836,-0.33849772792076277,-0.3731458188612066,-0.28982494050690366,0.33099007935153346,-2.0512884372352107,-0.3731458188612067,False,False
0.5,0.01,0.1,0.5,0.6271745414799288,0.738894192056775,0.46553785987754837,0.06945315965638049,0.055,0.07742911708441397,0.08577928932041023,-0.33849772792076277,-0.40397475296426455,-0.3268241265255065,0.06268692298960182,-1.1782964845002235,-0.40397475296426455,False,True
0.5,0.01,0.1,1.0,0.6271745414799288,0.6271745414799288,0.4792711039909036,0.02672363098939525,0.055,0.05404292686445991,0.06488075372784263,-0.33849772792076277,-0.3782349446782046,-0.3341191826717277,0.0,-0.6030776437221012,-0.3782349446782046,True,True
0.5,0.01,0.1,2.0,0.6271745414799288,0.5646503659242663,0.48911828384525413,0.016380946025790093,0.055,0.052784470575221405,0.059100391823370776,-0.33849772792076277,-0.35942599021236654,-0.3365577074240719,-0.008290230283538813,-0.3035909921745036,-0.35942599021236665,True,True
0.5,0.01,0.2,0.25,0.6035106500494174,0.8429651720238033,0.4083403806292569,0.3554609871366471,0.10500000000000001,0.331048197764634,0.2634809986603785,-0.32695891785788395,-0.37471497459094594,-0.27403976881428177,0.23030481200063424,-2.0512884372352107,-0.37471497459094594,False,False
0.5,0.01,0.2,0.5,0.6035106500494174,0.6985134467879541,0.41627898780843386,0.06945315965638049,0.10500000000000001,0.10881127658430159,0.14565609344016883,-0.32695891785788395,-0.3905455457821158,-0.30936644356387055,0.0419648471621486,-1.1782964845002235,-0.39054554578211587,False,True
0.5,0.01,0.2,1.0,0.6035106500494174,0.6035106500494174,0.454386389775656,0.02672363098939525,0.10500000000000001,0.09542586590020721,0.12126557625183697,-0.32695891785788395,-0.36396378079299624,-0.3192618710796631,0.0,-0.6030776437221012,-0.36396378079299624,True,True
0.5,0.01,0.2,2.0,0.6035106500494174,0.5523220662494688,0.4766335980407797,0.016380946025790093,0.10500000000000001,0.09858314470619163,0.11248098963542823,-0.32695891785788395,-0.3462508812100254,-0.3233063132835935,-0.005445436512464652,-0.3035909921745036,-0.34625088121002556,True,True
0.5,0.01,0.4,0.25,0.5548075180609188,0.7069171267217096,0.23670491667132118,0.3554609871366471,0.20500000000000002,0.3685146089996173,0.3894573966715572,-0.3111013660926752,-0.3450859267634393,-0.22186051584919372,0.06974722107402415,-2.0512884372352107,-0.3450859267634392,False,True
0.5,0.01,0.4,0.5,0.5548075180609188,0.6083135988253536,0.32342687920121865,0.06945315965638049,0.20500000000000002,0.19892386197022327,0.2930922669978397,-0.3111013660926752,-0.35241496567569586,-0.26731758122459515,0.011943843618201777,-1.1782964845002235,-0.35241496567569586,True,True
0.5,0.01,0.4,1.0,0.5548075180609188,0.5548075180609188,0.405412423768382,0.02672363098939525,0.20500000000000002,0.19290346415843473,0.2486691225039498,-0.3111013660926752,-0.334592010711486,-0.2893612836865883,0.0,-0.6030776437221012,-0.334592010711486,True,True
0.5,0.01,0.4,2.0,0.5548075180609188,0.5274865744811537,0.4517670198565695,0.016380946025790093,0.20500000000000002,0.19764609931344318,0.2266935632258747,-0.3111013660926752,-0.3232978349124852,-0.3002858549404768,-0.0015087449507790174,-0.3035909921745036,-0.32329783491248526,True,True
0.5,0.01,0.6,0.25,0.5050284572006671,0.5201036630492726,0.12229972064117725,0.3554609871366471,0.305,0.472814363651317,0.5700929470409428,-0.30510782680035126,-0.2665689887120214,-0.15078209416558103,0.0006066753285653981,-2.0512884372352107,-0.2665689887120214,False,True
0.5,0.01,0.6,0.5,0.5050284572006671,0.5100558973325199,0.24267535238902774,0.06945315965638049,0.305,0.3293914552716019,0.47124935856072686,-0.30510782680035126,-0.30044796715634936,-0.21769978873106777,0.00010113641281639385,-1.1782964845002235,-0.3004479671563493,False,True
0.5,0.01,0.6,1.0,0.5050284572006671,0.5050284572006671,0.3582510613152954,0.02672363098939525,0.305,0.3104791198089739,0.39462313237497193,-0.30510782680035126,-0.30457137198118633,-0.2596968943449559,0.0,-0.6030776437221012,-0.30457137198118633,False,True
0.5,0.01,0.6,2.0,0.5050284572006671,0.5025142921767789,0.42713897027148806,0.016380946025790093,0.305,0.3067230841912686,0.350713558254636,-0.30510782680035126,-0.30514291142853195,-0.28217794252501505,-1.26431704493557e-05,-0.3035909921745036,-0.3051429114285321,False,True
0.5,0.01,0.8,0.25,0.45514950388170505,0.3274938517565746,0.058920950998603915,0.3554609871366471,0.405,0.6544162064213151,0.7738073386061106,-0.3090966604403005,-0.15614353712912563,-0.07220142117778014,0.047210202857381256,-2.0512884372352107,-0.1561435371291256,False,True
0.5,0.01,0.8,0.5,0.45514950388170505,0.4110150048828337,0.1768163833197766,0.06945315965638049,0.405,0.49973428684902843,0.670827349844751,-0.3090966604403005,-0.23814173296635174,-0.16338225239412385,0.008014069397581647,-1.1782964845002235,-0.23814173296635177,False,True
0.5,0.01,0.8,1.0,0.45514950388170505,0.45514950388170505,0.31368161388880816,0.02672363098939525,0.405,0.448043644281377,0.557437420586676,-0.3090966604403005,-0.27449049034226203,-0.2308302017693763,0.0,-0.6030776437221012,-0.27449049034226203,False,True
0.5,0.01,0.8,2.0,0.45514950388170505,0.47752945965088006,0.40286691527107765,0.016380946025790093,0.405,0.42579881658356183,0.48430580897777,-0.3090966604403005,-0.29196494877682333,-0.26916048568208145,-0.0010088319404464308,-0.3035909921745036,-0.29196494877682333,False,True
0.5,0.05,0.1,0.25,0.6271745414799288,0.8889892429044391,0.7115425470321863,0.7418413371607367,0.07500000000000001,0.6705900443872962,0.556697419833895,-0.31849772792076275,-0.17896433728360647,-0.15598260290464247,0.33099007935153346,-1.1775704113874064,-0.17896433728360642,False,False
0.5,0.05,0.1,0.5,0.6271745414799288,0.738894192056775,0.5192946911682137,0.2800045621650741,0.07500000000000001,0.23300432552749595,0.19347541351838168,-0.31849772792076275,-0.3244384902377277,-0.27382088810935545,0.06268692298960182,-0.9630119049716146,-0.32443849023772764,False,False
0.5,0.05,0.1,1.0,0.6271745414799288,0.6271745414799288,0.4956056413673557,0.12516099799833535,0.07500000000000001,0.1157803373827834,0.11246993255040774,-0.31849772792076275,-0.33722698071390916,-0.3022480492140314,0.0,-0.5376923940792665,-0.33722698071390916,False,False
0.5,0.05,0.1,2.0,0.6271745414799288,0.5646503659242663,0.4954804030999678,0.07984616815180759,0.07500000000000001,0.08862013147214204,0.09001417127184866,-0.31849772792076275,-0.3306797996601207,-0.3114948975593623,-0.008290230283538813,-0.27813613348049404,-0.3306797996601207,False,True
0.5,0.05,0.2,0.25,0.6035106500494174,0.8429651720238033,0.6231376914358968,0.7418413371607367,0.125,0.656753375989308,0.5376417599628809,-0.30695891785788393,-0.1905865081011729,-0.16127686611799097,0.23030481200063424,-1.1775704113874064,-0.19058650810117286,False,False
0.5,0.05,0.2,0.5,0.6035106500494174,0.6985134467879541,0.469342782322971,0.2800045621650741,0.125,0.25588426247668705,0.237549563805087,-0.30695891785788393,-0.3153559589387039,-0.2617130044931365,0.0419648471621486,-0.9630119049716146,-0.31535595893870383,False,False
0.5,0.05,0.2,1.0,0.6035106500494174,0.6035106500494174,0.47063934527204243,0.12516099799833535,0.125,0.15483386525292575,0.16477782109712347,-0.30695891785788393,-0.32450308627740565,-0.28902078596803005,0.0,-0.5376923940792665,-0.32450308627740565,False,True
0.5,0.05,0.2,2.0,0.6035106500494174,0.5523220662494688,0.48298685044389295,0.07984616815180759,0.125,0.13363638732581512,0.1419672791868764,-0.30695891785788393,-0.3181323209100983,-0.2988793380724659,-0.005445436512464652,-0.27813613348049404,-0.31813232091009835,False,True
0.5,0.05,0.4,0.25,0.5548075180609188,0.7069171267217096,0.42626353631305314,0.7418413371607367,0.225,0.6416534958603751,0.5457144972361183,-0.29110136609267523,-0.19067436766411566,-0.15049188358561566,0.06974722107402415,-1.1775704113874064,-0.19067436766411563,False,False
0.5,0.05,0.4,0.5,0.5548075180609188,0.6083135988253536,0.37220173127542616,0.2800045621650741,0.225,0.32700514336801223,0.35533749029268785,-0.29110136609267523,-0.2869346970033704,-0.22990676024048107,0.011943843618201777,-0.9630119049716146,-0.2869346970033703,False,True
0.5,0.05,0.4,1.0,0.5548075180609188,0.5548075180609188,0.421266148466953,0.12516099799833535,0.225,0.24751725543311653,0.28421963217825763,-0.29110136609267523,-0.2983157826393513,-0.2623359703629413,0.0,-0.5376923940792665,-0.2983157826393513,False,True
0.5,0.05,0.4,2.0,0.5548075180609188,0.5274865744811537,0.4580789245428304,0.07984616815180759,0.225,0.23112315193138167,0.25334427701871387,-0.29110136609267523,-0.2964436424796755,-0.27712591644575674,-0.0015087449507790174,-0.27813613348049404,-0.2964436424796754,False,True
0.5,0.05,0.6,0.25,0.5050284572006671,0.5201036630492726,0.25028133765104144,0.7418413371607367,0.325,0.6737721990291061,0.6355002395988015,-0.28510782680035124,-0.15296300228311588,-0.11138030701689564,0.0006066753285653981,-1.1775704113874064,-0.15296300228311585,False,False
0.5,0.05,0.6,0.5,0.5050284572006671,0.5100558973325199,0.2843912005619203,0.2800045621650741,0.325,0.43678443981279425,0.5089961132597881,-0.28510782680035124,-0.24554438245968996,-0.18937060166253156,0.00010113641281639385,-0.9630119049716146,-0.24554438245968996,False,True
0.5,0.05,0.6,1.0,0.5050284572006671,0.5050284572006671,0.37341877888656605,0.12516099799833535,0.325,0.36019279140039484,0.42268619970482263,-0.28510782680035124,-0.2715499602303851,-0.23577813695056193,0.0,-0.5376923940792665,-0.2715499602303851,False,True
0.5,0.05,0.6,2.0,0.5050284572006671,0.5025142921767789,0.4333787878464929,0.07984616815180759,0.325,0.3386152653657663,0.3745763628599218,-0.28510782680035124,-0.2795600508303718,-0.26027367858025346,-1.26431704493557e-05,-0.27813613348049404,-0.27956005083037183,False,True
0.5,0.05,0.8,0.25,0.45514950388170505,0.3274938517565746,0.1304356447659288,0.7418413371607367,0.42500000000000004,0.7809533954937578,0.7924140373138365,-0.28909666044030047,-0.08460921672061367,-0.05244272211616971,0.047210202857381256,-1.1775704113874064,-0.08460921672061361,False,True
0.5,0.05,0.8,0.5,0.45514950388170505,0.4110150048828337,0.21035566553020338,0.2800045621650741,0.42500000000000004,0.5862740725792266,0.6906160136015648,-0.28909666044030047,-0.1938991367132768,-0.14258392850641724,0.008014069397581647,-0.9630119049716146,-0.1938991367132768,False,True
0.5,0.05,0.8,1.0,0.45514950388170505,0.45514950388170505,0.32792657151981736,0.12516099799833535,0.42500000000000004,0.4928473630389174,0.5787023597457389,-0.28909666044030047,-0.2447304264061444,-0.20985616514358296,0.0,-0.5376923940792665,-0.2447304264061444,False,True
0.5,0.05,0.8,2.0,0.45514950388170505,0.47752945965088006,0.40900531332345513,0.07984616815180759,0.42500000000000004,0.456105329812022,0.5054532563638433,-0.28909666044030047,-0.26765405894154365,-0.24849451753725144,-0.0010088319404464308,-0.27813613348049404,-0.2676540589415436,False,True
0.5,0.1,0.1,0.25,0.6271745414799288,0.8889892429044391,0.8099983246226027,0.8584864497582141,0.1,0.7742862947238307,0.7143727535530993,-0.2934977279207628,-0.057370239302695254,-0.051603925789561265,0.33099007935153346,-0.6304587384333081,-0.05737023930269524,False,False
0.5,0.1,0.1,0.5,0.6271745414799288,0.738894192056775,0.5729821400370642,0.4508530603792839,0.1,0.35924328857959786,0.3010325373746754,-0.2934977279207628,-0.244338074565243,-0.21460659819217037,0.06268692298960182,-0.7462003058723763,-0.244338074565243,False,False
0.5,0.1,0.1,1.0,0.6271745414799288,0.6271745414799288,0.5146370863175307,0.23196931668407397,0.1,0.18276779568075363,0.16791630462160734,-0.2934977279207628,-0.2894720510128523,-0.2637865162513783,0.0,-0.46154942821784845,-0.2894720510128524,False,False
0.5,0.1,0.1,2.0,0.6271745414799288,0.5646503659242663,0.5032136366157297,0.1548280989602547,0.1,0.1309587061408397,0.12759024706651687,-0.2934977279207628,-0.29574645861699406,-0.2806016937525654,-0.008290230283538813,-0.24720253000540834,-0.2957464586169941,False,False
0.5,0.1,0.2,0.25,0.6035106500494174,0.8429651720238033,0.7407747627273882,0.8584864497582141,0.15000000000000002,0.7550811433957765,0.6877901435788413,-0.28195891785788396,-0.07528748672417737,-0.0677312246921448,0.23030481200063424,-0.6304587384333081,-0.07528748672417734,False,False
0.5,0.1,0.2,0.5,0.6035106500494174,0.6985134467879541,0.523489872618193,0.4508530603792839,0.15000000000000002,0.37522423584284037,0.3313190366238352,-0.28195891785788396,-0.2396330502434953,-0.20789935692443753,0.0419648471621486,-0.7462003058723763,-0.23963305024349532,False,False
0.5,0.1,0.2,1.0,0.6035106500494174,0.6035106500494174,0.48964275146521696,0.23196931668407397,0.15000000000000002,0.21929382309364118,0.21565354418365285,-0.28195891785788396,-0.2785499954536905,-0.25246178725043483,0.0,-0.46154942821784845,-0.2785499954536906,False,False
0.5,0.1,0.2,2.0,0.6035106500494174,0.5523220662494688,0.490714748471054,0.1548280989602547,0.15000000000000002,0.17505056228131133,0.17783348194332205,-0.28195891785788396,-0.28396169733429605,-0.26875927132120947,-0.005445436512464652,-0.24720253000540834,-0.2839616973342962,False,True
0.5,0.1,0.4,0.25,0.5548075180609188,0.7069171267217096,0.5621763259828625,0.8584864497582141,0.25,0.7241119237039141,0.6577502278379991,-0.26610136609267526,-0.09398371470396101,-0.0829034061336183,0.06974722107402415,-0.6304587384333081,-0.09398371470396098,False,False
0.5,0.1,0.4,0.5,0.5548075180609188,0.6083135988253536,0.4240984041605498,0.4508530603792839,0.25,0.43093460817060525,0.4215667017535344,-0.26610136609267526,-0.22098997494580158,-0.1867657196538149,0.011943843618201777,-0.7462003058723763,-0.22098997494580155,False,False
0.5,0.1,0.4,1.0,0.5548075180609188,0.5548075180609188,0.4399327673024648,0.23196931668407397,0.25,0.30677531363141086,0.32607779649710056,-0.26610136609267526,-0.2560710927319806,-0.22955010258170228,0.0,-0.46154942821784845,-0.25607109273198064,False,True
0.5,0.1,0.4,2.0,0.5548075180609188,0.5274865744811537,0.4657673204343498,0.1548280989602547,0.25,0.2706751137615123,0.28580694060692224,-0.26610136609267526,-0.26380952141281294,-0.24854811641097618,-0.0015087449507790174,-0.24720253000540834,-0.2638095214128129,False,True
0.5,0.1,0.6,0.25,0.5050284572006671,0.5201036630492726,0.36586424412453794,0.8584864497582141,0.35,0.734439749367849,0.6945709495572243,-0.26010782680035127,-0.08182430598300537,-0.06952156657031891,0.0006066753285653981,-0.6304587384333081,-0.08182430598300534,False,False
0.5,0.1,0.6,0.5,0.5050284572006671,0.5100558973325199,0.3304896477298331,0.4508530603792839,0.35,0.5239267238773564,0.5507084804647668,-0.26010782680035127,-0.1902513650943596,-0.15607709143950743,0.00010113641281639385,-0.7462003058723763,-0.19025136509435966,False,True
0.5,0.1,0.6,1.0,0.5050284572006671,0.5050284572006671,0.3913991094054629,0.23196931668407397,0.35,0.41413403180245056,0.4559531183162625,-0.26010782680035127,-0.23309559565470997,-0.206662429189511,0.0,-0.46154942821784845,-0.23309559565471002,False,True
0.5,0.1,0.6,2.0,0.5050284572006671,0.5025142921767789,0.4409899719225307,0.1548280989602547,0.35,0.37629475725202133,0.40368365585978305,-0.26010782680035127,-0.24847089512085213,-0.23322645457572577,-1.26431704493557e-05,-0.24720253000540834,-0.24847089512085216,False,True
0.5,0.1,0.8,0.25,0.45514950388170505,0.3274938517565746,0.20587025562653566,0.8584864497582141,0.45,0.819153952706885,0.8120406203624121,-0.2640966604403005,-0.03981528944143343,-0.02975634931218931,0.047210202857381256,-0.6304587384333081,-0.03981528944143341,False,False
0.5,0.1,0.8,0.5,0.45514950388170505,0.4110150048828337,0.24862272693830617,0.4508530603792839,0.45,0.6564953689069648,0.7131941357693335,-0.2640966604403005,-0.14934272648206254,-0.11774655450793974,0.008014069397581647,-0.7462003058723763,-0.14934272648206257,False,True
0.5,0.1,0.8,1.0,0.45514950388170505,0.45514950388170505,0.3449222455502547,0.23196931668407397,0.45,0.5414611162991704,0.6040735811692253,-0.2640966604403005,-0.2100739932702383,-0.1842424996915754,0.0,-0.46154942821784845,-0.21007399327023835,False,True
0.5,0.1,0.8,2.0,0.45514950388170505,0.47752945965088006,0.41650308975928907,0.1548280989602547,0.45,0.49191141071455946,0.531283909791072,-0.2640966604403005,-0.2381106450365191,-0.22295877658651803,-0.0010088319404464308,-0.24720253000540834,-0.23811064503651908,False,True
0.5,0.25,0.1,0.25,0.6271745414799288,0.8889892429044391,0.9061235482327102,0.9479149938275157,0.175,0.8537873084100454,0.8683157428067051,-0.21849772792076277,0.12424955165043158,0.12465940296913193,0.33099007935153346,0.18673806075293276,0.12424955165043158,False,True
0.5,0.25,0.1,0.5,0.6271745414799288,0.738894192056775,0.6801494271163153,0.7112345942275939,0.175,0.5516376916589487,0.5157308590975714,-0.21849772792076277,-0.07423359072001703,-0.07012064220748489,0.06268692298960182,-0.2857704211233145,-0.074233590720017,False,False
0.5,0.25,0.1,1.0,0.6271745414799288,0.6271745414799288,0.5639906584187007,0.47536688641867175,0.175,0.33542055487637895,0.3117034174198443,-0.21849772792076277,-0.16478414474434622,-0.1565532982632616,0.0,-0.26274048744948897,-0.16478414474434622,False,False
0.5,0.25,0.1,2.0,0.6271745414799288,0.5646503659242663,0.5250534573731668,0.3546612443924434,0.175,0.2437945648329222,0.23371076682720537,-0.21849772792076277,-0.19699689994088088,-0.19068604280255377,-0.008290230283538813,-0.15975942836633317,-0.19699689994088088,False,False
0.5,0.25,0.2,0.25,0.6035106500494174,0.8429651720238033,0.8661335080639948,0.9479149938275157,0.225,0.8304662914309935,0.8477942373374872,-0.20695891785788395,0.0969296233766554,0.0974823631352558,0.23030481200063424,0.18673806075293276,0.0969296233766554,False,True
0.5,0.25,0.2,0.5,0.6035106500494174,0.6985134467879541,0.6351693986294368,0.7112345942275939,0.225,0.5571042385311578,0.524720569774105,-0.20695891785788395,-0.07882481734337149,-0.0743714386557742,0.0419648471621486,-0.2857704211233145,-0.0788248173433715,False,False
0.5,0.25,0.2,1.0,0.6035106500494174,0.6035106500494174,0.5392625051349307,0.47536688641867175,0.225,0.3661868486246167,0.3484950370013389,-0.20695891785788395,-0.15856668237494187,-0.15017927479271403,0.0,-0.26274048744948897,-0.15856668237494187,False,False
0.5,0.25,0.2,2.0,0.6035106500494174,0.5523220662494688,0.5125718059691157,0.3546612443924434,0.225,0.2854228180715484,0.2792749933516655,-0.20695891785788395,-0.18736818818118348,-0.1810286916003201,-0.005445436512464652,-0.15975942836633317,-0.18736818818118356,False,False
0.5,0.25,0.4,0.25,0.5548075180609188,0.7069171267217096,0.744063323805341,0.9479149938275157,0.325,0.7873304931242906,0.8076834514700841,-0.19110136609267525,0.05043888860776784,0.05131814469618252,0.06974722107402415,0.18673806075293276,0.05043888860776785,False,True
0.5,0.25,0.4,0.5,0.5548075180609188,0.6083135988253536,0.5385380603036428,0.7112345942275939,0.325,0.5893282360935364,0.5676116746747197,-0.19110136609267525,-0.0809470948465793,-0.07599710672067932,0.011943843618201777,-0.2857704211233145,-0.08094709484657928,False,False
0.5,0.25,0.4,1.0,0.5548075180609188,0.5548075180609188,0.48934511813214326,0.47536688641867175,0.325,0.44181411519792246,0.43688041793779675,-0.19110136609267525,-0.14577039773596695,-0.1371872517543608,0.0,-0.26274048744948897,-0.14577039773596695,False,False
0.5,0.25,0.4,2.0,0.5548075180609188,0.5274865744811537,0.487577013554607,0.3546612443924434,0.325,0.37608441511333174,0.37789386494258537,-0.19110136609267525,-0.17155939712160675,-0.16518602798907212,-0.0015087449507790174,-0.15975942836633317,-0.1715593971216067,False,True
0.5,0.25,0.6,0.25,0.5050284572006671,0.5201036630492726,0.5664044197326031,0.9479149938275157,0.425,0.7809518627194559,0.7970605901951462,-0.18510782680035126,0.024432456189220825,0.025516133564386825,0.0006066753285653981,0.18673806075293276,0.02443245618922083,False,True
0.5,0.25,0.6,0.5,0.5050284572006671,0.5100558973325199,0.4389212132511902,0.7112345942275939,0.425,0.6567358607731741,0.6488232230538794,-0.18510782680035126,-0.07282887608216394,-0.06773444533895358,0.00010113641281639385,-0.2857704211233145,-0.07282887608216394,False,False
0.5,0.25,0.6,1.0,0.5050284572006671,0.5050284572006671,0.4396393209514561,0.47536688641867175,0.425,0.5370567309319063,0.5452063825770391,-0.18510782680035126,-0.13269142302076667,-0.12408037451300485,0.0,-0.26274048744948897,-0.13269142302076667,False,True
0.5,0.25,0.6,2.0,0.5050284572006671,0.5025142921767789,0.46264419450827304,0.3546612443924434,0.425,0.47671376888233696,0.48649544903027986,-0.18510782680035126,-0.16058807846904816,-0.15421254027335024,-1.26431704493557e-05,-0.15975942836633317,-0.16058807846904816,False,True
0.5,0.25,0.8,0.25,0.45514950388170505,0.3274938517565746,0.3698631579819866,0.9479149938275157,0.525,0.8484412510611232,0.854708306729931,-0.18909666044030046,0.027091442410728087,0.028071112827397195,0.047210202857381256,0.18673806075293276,0.027091442410728108,False,True
0.5,0.25,0.8,0.5,0.45514950388170505,0.4110150048828337,0.34399497320833056,0.7112345942275939,0.525,0.7635160863130277,0.7694651466194946,-0.18909666044030046,-0.05472093081789346,-0.049876837082659164,0.008014069397581647,-0.2857704211233145,-0.05472093081789346,False,True
0.5,0.25,0.8,1.0,0.45514950388170505,0.45514950388170505,0.3911154288605256,0.47536688641867175,0.525,0.6522433994098853,0.6730309805593111,-0.18909666044030046,-0.11958620251227225,-0.11111727340451406,0.0,-0.26274048744948897,-0.11958620251227225,False,True
0.5,0.25,0.8,2.0,0.45514950388170505,0.47752945965088006,0.43789680538208187,0.3546612443924434,0.525,0.5873376246731282,0.6049875816066193,-0.18909666044030046,-0.15459733088471003,-0.1482513703041659,-0.0010088319404464308,-0.15975942836633317,-0.15459733088470998,False,True
0.5,0.5,0.1,0.25,0.6271745414799288,0.8889892429044391,0.9490686625471814,0.9820137900379085,0.3,0.8841007714370752,0.9370916480594482,-0.09349772792076273,0.27044531254019666,0.27753469639459694,0.33099007935153346,0.8445447195247544,0.27044531254019666,False,True
0.5,0.5,0.1,0.5,0.6271745414799288,0.738894192056775,0.77447962288579,0.8807970779778825,0.3,0.6769264260927582,0.7047114265026372,-0.09349772792076273,0.10285061805630313,0.10460106178884408,0.06268692298960182,0.19355181656647208,0.10285061805630316,False,True
0.5,0.5,0.1,1.0,0.6271745414799288,0.6271745414799288,0.6271745414799288,0.7310585786300049,0.3,0.49578387469924895,0.49578387469924895,-0.09349772792076273,1.872648843023039e-17,6.011842925177181e-17,0.0,5.551115123125783e-17,3.481518082048711e-17,False,False
0.5,0.5,0.1,2.0,0.6271745414799288,0.5646503659242663,0.5574772460156564,0.6224593312018546,0.3,0.3950068525436746,0.3912591891135916,-0.09349772792076273,-0.049474111009702254,-0.04926530019536474,-0.008290230283538813,-0.029127449858977306,-0.049474111009702136,False,False
0.5,0.5,0.2,0.25,0.6035106500494174,0.8429651720238033,0.9258761233594298,0.9820137900379085,0.35,0.8592103890442919,0.9240478963339138,-0.08195891785788392,0.23555664919415334,0.24525868118022207,0.23030481200063424,0.8445447195247544,0.23555664919415334,False,True
0.5,0.5,0.2,0.5,0.6035106500494174,0.6985134467879541,0.7376482318300848,0.8807970779778825,0.35,0.6755459135014983,0.7021887608054733,-0.08195891785788392,0.08858169684203246,0.09050201642987278,0.0419648471621486,0.19355181656647208,0.08858169684203242,False,True
0.5,0.5,0.2,1.0,0.6035106500494174,0.6035106500494174,0.6035106500494174,0.7310585786300049,0.35,0.5204995080033139,0.5204995080033139,-0.08195891785788392,1.8019920226677308e-17,1.8019920226677308e-17,0.0,5.551115123125783e-17,3.350157096456793e-17,False,False
0.5,0.5,0.2,2.0,0.6035106500494174,0.5523220662494688,0.5451094609093166,0.6224593312018546,0.35,0.43333361071577703,0.4302865782875534,-0.08195891785788392,-0.04306633960630561,-0.042856354176405,-0.005445436512464652,-0.029127449858977306,-0.04306633960630559,False,False
0.5,0.5,0.4,0.25,0.5548075180609188,0.7069171267217096,0.8487721001366854,0.9820137900379085,0.45,0.8114355161660105,0.8939970668789874,-0.06610136609267521,0.1666925868971139,0.18285366610569895,0.06974722107402415,0.8445447195247544,0.16669258689711391,False,True
0.5,0.5,0.4,0.5,0.5548075180609188,0.6083135988253536,0.6533462590303187,0.8807970779778825,0.45,0.6924754008094399,0.714126972249558,-0.06610136609267521,0.06484202285646853,0.06703947456452047,0.011943843618201777,0.19355181656647208,0.06484202285646855,False,True
0.5,0.5,0.4,1.0,0.5548075180609188,0.5548075180609188,0.5548075180609188,0.7310585786300049,0.45,0.5836737883424885,0.5836737883424885,-0.06610136609267521,1.6565717963386317e-17,1.6565717963386317e-17,0.0,5.551115123125783e-17,3.079800403931847e-17,False,False
0.5,0.5,0.4,2.0,0.5548075180609188,0.5274865744811537,0.520221415205427,0.6224593312018546,0.45,0.5173443105770347,0.5157281081034817,-0.06610136609267521,-0.033746167400525225,-0.03353460084997578,-0.0015087449507790174,-0.029127449858977306,-0.03374616740052504,False,False
0.5,0.5,0.6,0.25,0.5050284572006671,0.5201036630492726,0.7160603524031393,0.9820137900379085,0.55,0.798686771534052,0.8735449291174036,-0.06010782680035126,0.10996436939057765,0.13135377102611528,0.0006066753285653981,0.8445447195247544,0.10996436939057767,False,True
0.5,0.5,0.6,0.5,0.5050284572006671,0.5100558973325199,0.5581804682698513,0.8807970779778825,0.55,0.7432222055763584,0.7567354444745005,-0.06010782680035126,0.049411690945983806,0.051745472686842174,0.00010113641281639385,0.19355181656647208,0.0494116909459838,False,True
0.5,0.5,0.6,1.0,0.5050284572006671,0.5050284572006671,0.5050284572006671,0.7310585786300049,0.55,0.6661883117684237,0.6661883117684237,-0.06010782680035126,1.507939008236682e-17,1.507939008236682e-17,0.0,5.551115123125783e-17,2.8034711063755054e-17,False,False
0.5,0.5,0.6,2.0,0.5050284572006671,0.5025142921767789,0.49523259538528386,0.6224593312018546,0.55,0.6112861349216638,0.6111225928817121,-0.06010782680035126,-0.029299206038496006,-0.029087106460348552,-1.26431704493557e-05,-0.029127449858977306,-0.02929920603849591,False,False
0.5,0.5,0.8,0.25,0.45514950388170505,0.3274938517565746,0.5312100575371685,0.9820137900379085,0.65,0.8596083971723272,0.8966875558785954,-0.06409666044030043,0.08094835150880472,0.10201666810480287,0.047210202857381256,0.8445447195247544,0.08094835150880476,False,True
0.5,0.5,0.8,0.5,0.45514950388170505,0.4110150048828337,0.4585406198134874,0.8807970779778825,0.65,0.833208811399598,0.837048742215097,-0.06409666044030043,0.043783385114365754,0.04607336371008903,0.008014069397581647,0.19355181656647208,0.04378338511436575,False,True
0.5,0.5,0.8,1.0,0.45514950388170505,0.45514950388170505,0.45514950388170505,0.7310585786300049,0.65,0.7686213462665472,0.7686213462665472,-0.06409666044030043,1.3590079562785666e-17,1.3590079562785666e-17,0.0,5.551115123125783e-17,2.52658729428093e-17,False,False
0.5,0.5,0.8,2.0,0.45514950388170505,0.47752945965088006,0.47026757075797154,0.6224593312018546,0.65,0.7152191003627659,0.7165083809735504,-0.06409666044030043,-0.02983609466522409,-0.029624520754945566,-0.0010088319404464308,-0.029127449858977306,-0.029836094665223932,False,True
0.5,0.75,0.1,0.25,0.6271745414799288,0.8889892429044391,0.9650548273875484,0.9939318344798832,0.425,0.8946957847424478,0.9626932322202182,0.03150227207923728,0.357877811703459,0.3717092125689435,0.33099007935153346,1.2379465513741899,0.357877811703459,False,True
0.5,0.75,0.1,0.5,0.6271745414799288,0.738894192056775,0.8258421750206135,0.9568354670200037,0.425,0.733110750129335,0.807610865718603,0.03150227207923728,0.2220567598600598,0.23382535718351233,0.06268692298960182,0.5162127417306993,0.22205675986005974,False,True
0.5,0.75,0.1,1.0,0.6271745414799288,0.6271745414799288,0.6743638040951212,0.890768227426964,0.425,0.5959497004534022,0.6332654700052035,0.03150227207923728,0.1303735517534896,0.13532957576758683,0.0,0.20787443228459232,0.1303735517534897,False,True
0.5,0.75,0.1,2.0,0.6271745414799288,0.5646503659242663,0.5857569134703628,0.8318243439635804,0.425,0.5132248836113218,0.52867116892258,0.03150227207923728,0.08098509170613985,0.082812534840407,-0.008290230283538813,0.08639465956381176,0.08098509170613982,False,True
0.5,0.75,0.2,0.25,0.6035106500494174,0.8429651720238033,0.948748778007076,0.9939318344798832,0.475,0.8692568854275085,0.9532418577837053,0.04304108214211609,0.31846265990901307,0.337508241373007,0.23030481200063424,1.2379465513741899,0.3184626599090131,False,True
0.5,0.75,0.2,0.5,0.6035106500494174,0.6985134467879541,0.795180781145827,0.9568354670200037,0.475,0.7286597507195137,0.8018210178638333,0.04304108214211609,0.2012731943321597,0.21428126594128521,0.0419648471621486,0.5162127417306993,0.20127319433215968,False,True
0.5,0.75,0.2,1.0,0.6035106500494174,0.6035106500494174,0.6520333205425992,0.890768227426964,0.475,0.6168859819679309,0.6504039010545286,0.04304108214211609,0.12545443375672782,0.13054245405966133,0.0,0.20787443228459232,0.1254544337567279,False,True
0.5,0.75,0.2,2.0,0.6035106500494174,0.5523220662494688,0.5735749292199435,0.8318243439635804,0.475,0.5489705271646798,0.5623986033683479,0.04304108214211609,0.0845444807414787,0.08638394396310847,-0.005445436512464652,0.08639465956381176,0.08454448074147858,False,True
0.5,0.75,0.4,0.25,0.5548075180609188,0.7069171267217096,0.8926791790446192,0.9939318344798832,0.575,0.819860585899073,0.9301905824119668,0.05889863390732482,0.23621821005162888,0.2685949897301123,0.06974722107402415,1.2379465513741899,0.23621821005162896,False,True
0.5,0.75,0.4,0.5,0.5548075180609188,0.6083135988253536,0.722408820022117,0.9568354670200037,0.575,0.738730586896535,0.8022628526763853,0.05889863390732482,0.16298153714995317,0.17812795526145594,0.011943843618201777,0.5162127417306993,0.16298153714995314,False,True
0.5,0.75,0.4,1.0,0.5548075180609188,0.5548075180609188,0.6053933435843194,0.890768227426964,0.575,0.6722819022019104,0.6971078181269594,0.05889863390732482,0.1153302978441371,0.12061727011571405,0.0,0.20787443228459232,0.11533029784413719,False,True
0.5,0.75,0.4,2.0,0.5548075180609188,0.5274865744811537,0.5489556326022883,0.8318243439635804,0.575,0.6277815439749204,0.6370524059135954,0.05889863390732482,0.08812655615200295,0.08998341021411241,-0.0015087449507790174,0.08639465956381176,0.08812655615200297,False,True
0.5,0.75,0.6,0.25,0.5050284572006671,0.5201036630492726,0.7889161476143787,0.9939318344798832,0.675,0.804885390104707,0.9107791852805346,0.06489217319964877,0.161116802839374,0.2054803330044626,0.0006066753285653981,1.2379465513741899,0.16111680283937402,False,True
0.5,0.75,0.6,0.5,0.5050284572006671,0.5100558973325199,0.6356288321301811,0.9568354670200037,0.675,0.7820060343309567,0.8268149111645526,0.06489217319964877,0.13169924480537434,0.14810970238369378,0.00010113641281639385,0.5162127417306993,0.1316992448053743,False,True
0.5,0.75,0.6,1.0,0.5050284572006671,0.5050284572006671,0.5567516233292692,0.890768227426964,0.675,0.7468462293004123,0.7618856826325364,0.06489217319964877,0.10498250382815213,0.11036998900760586,0.0,0.20787443228459232,0.1049825038281522,False,True
0.5,0.75,0.6,2.0,0.5050284572006671,0.5025142921767789,0.5240943021057313,0.8318243439635804,0.675,0.7164950461162047,0.7214978177607118,0.06489217319964877,0.08680381605622663,0.08866892817040681,-1.26431704493557e-05,0.08639465956381176,0.08680381605622658,False,True
0.5,0.75,0.8,0.25,0.45514950388170505,0.3274938517565746,0.6267746279586509,0.9939318344798832,0.775,0.8635114834520355,0.9215515534054675,0.060903339559699586,0.11315752180892072,0.15900975122331173,0.047210202857381256,1.2379465513741899,0.11315752180892076,False,True
0.5,0.75,0.8,0.5,0.45514950388170505,0.4110150048828337,0.539030867833751,0.9568354670200037,0.775,0.8644617302430282,0.8845391578949042,0.060903339559699586,0.11009262598030303,0.12654184760569015,0.008014069397581647,0.5162127417306993,0.110092625980303,False,True
0.5,0.75,0.8,1.0,0.45514950388170505,0.45514950388170505,0.5069967780549286,0.890768227426964,0.775,0.8413131136816046,0.8460191988552279,0.060903339559699586,0.09461394472402322,0.09999572857501601,0.0,0.20787443228459232,0.09461394472402329,False,True
0.5,0.75,0.8,2.0,0.45514950388170505,0.47752945965088006,0.4991129791912904,0.8318243439635804,0.775,0.8151970617766724,0.8158839431264711,0.060903339559699586,0.08049432631556463,0.08235839983126292,-0.0010088319404464308,0.08639465956381176,0.08049432631556466,False,True
0.5,0.9,0.1,0.25,0.6271745414799288,0.8889892429044391,0.9705929430213597,0.99796906211513,0.5,0.8982848366813387,0.9715624347404542,0.10650227207923729,0.3974973748831645,0.41484562697769944,0.33099007935153346,1.4162144595448822,0.39749737488316444,False,True
0.5,0.9,0.1,0.5,0.6271745414799288,0.738894192056775,0.84677982818599,0.985185515469262,0.5,0.7540584362730203,0.8495572387017887,0.10650227207923729,0.27862762367560595,0.29786836206882017,0.06268692298960182,0.6693357853915958,0.278627623675606,False,True
0.5,0.9,0.1,1.0,0.6271745414799288,0.6271745414799288,0.6973481531849406,0.9607296994499495,0.5,0.639827754590679,0.7002282663028513,0.10650227207923729,0.19730105597384806,0.20852724603445885,0.0,0.3145871570428888,0.19730105597384814,False,True
0.5,0.9,0.1,2.0,0.6271745414799288,0.5646503659242663,0.6010538417125229,0.9368626738208133,0.5,0.5725348150012821,0.6029995250858138,0.10650227207923729,0.15258968998659264,0.15806553662556866,-0.008290230283538813,0.14980079777045605,0.15258968998659245,False,True
0.5,0.9,0.2,0.25,0.6035106500494174,0.8429651720238033,0.9567552795616325,0.99796906211513,0.55,0.8726601277155536,0.963461113105495,0.1180410821421161,0.356031069378371,0.3799743179633012,0.23030481200063424,1.4162144595448822,0.35603106937837087,False,True
0.5,0.9,0.2,0.5,0.6035106500494174,0.6985134467879541,0.8189967011727429,0.985185515469262,0.55,0.7484626407784107,0.8430643469779453,0.1180410821421161,0.2547524468372774,0.27608750302086305,0.0419648471621486,0.6693357853915958,0.25475244683727727,False,True
0.5,0.9,0.2,1.0,0.6035106500494174,0.6035106500494174,0.6758361712147525,0.9607296994499495,0.55,0.659108475426937,0.7141286474056032,0.1180410821421161,0.18985669964415192,0.20140014816811808,0.0,0.3145871570428888,0.18985669964415197,False,True
0.5,0.9,0.2,2.0,0.6035106500494174,0.5523220662494688,0.5890060718347376,0.9368626738208133,0.55,0.6069855145468199,0.6340165889888388,0.1180410821421161,0.1545856992758652,0.16010039685334299,-0.005445436512464652,0.14980079777045605,0.1545856992758649,False,True
0.5,0.9,0.4,0.25,0.5548075180609188,0.7069171267217096,0.9086010806319125,0.99796906211513,0.65,0.8227145712589031,0.9433153360222584,0.13389863390732482,0.2677233694093078,0.3087422446918855,0.06974722107402415,1.4162144595448822,0.2677233694093078,False,True
0.5,0.9,0.4,0.5,0.5548075180609188,0.6083135988253536,0.7520479676756874,0.985185515469262,0.65,0.7559763068955765,0.840087577621908,0.13389863390732482,0.20955495202617896,0.23458502841333417,0.011943843618201777,0.6693357853915958,0.209554952026179,False,True
0.5,0.9,0.4,1.0,0.5548075180609188,0.5548075180609188,0.6305790312514657,0.9607296994499495,0.65,0.7110970528548713,0.7535843906730747,0.13389863390732482,0.17453531981280557,0.18656990183178868,0.0,0.3145871570428888,0.17453531981280562,False,True
0.5,0.9,0.4,2.0,0.5548075180609188,0.5274865744811537,0.5646013973359462,0.9368626738208133,0.65,0.6831878527805337,0.7031134158167435,0.13389863390732482,0.1550183294394059,0.16059095179201027,-0.0015087449507790174,0.14980079777045605,0.15501832943940577,False,True
0.5,0.9,0.6,0.25,0.5050284572006671,0.5201036630492726,0.8170776649533861,0.99796906211513,0.75,0.8069851669863626,0.9251716319967194,0.1398921731996488,0.18429625085030113,0.24127878177858633,0.0006066753285653981,1.4162144595448822,0.1842962508503011,False,True
0.5,0.9,0.6,0.5,0.5050284572006671,0.5100558973325199,0.6703049892344791,0.985185515469262,0.75,0.7964661437321636,0.858191772799901,0.1398921731996488,0.1707499005237469,0.19811221375380922,0.00010113641281639385,0.6693357853915958,0.17074990052374686,False,True
0.5,0.9,0.6,1.0,0.5050284572006671,0.5050284572006671,0.5829029224278117,0.9607296994499495,0.75,0.7821787635796683,0.8102703960158817,0.1398921731996488,0.15887546657651408,0.17118127698343313,0.0,0.3145871570428888,0.15887546657651413,False,True
0.5,0.9,0.6,2.0,0.5050284572006671,0.5025142921767789,0.5398796233207047,0.9368626738208133,0.75,0.7692783080958432,0.7818652934531861,0.1398921731996488,0.1505287973773765,0.15613208268014067,-1.26431704493557e-05,0.14980079777045605,0.15052879737737632,False,True
0.5,0.9,0.8,0.25,0.45514950388170505,0.3274938517565746,0.6674496073532465,0.99796906211513,0.8500000000000001,0.8648336506807206,0.9321343727768341,0.1359033395596996,0.12775293278177258,0.18785751280407917,0.047210202857381256,1.4162144595448822,0.12775293278177258,False,True
0.5,0.9,0.8,0.5,0.45514950388170505,0.4110150048828337,0.5767790300269413,0.985185515469262,0.8500000000000001,0.8761140255448288,0.9068111219874002,0.1359033395596996,0.1415605602492819,0.16926017362453685,0.008014069397581647,0.6693357853915958,0.14156056024928185,False,True
0.5,0.9,0.8,1.0,0.45514950388170505,0.45514950388170505,0.5336245894810998,0.9607296994499495,0.8500000000000001,0.8731560429637001,0.8857693198863998,0.1359033395596996,0.14318418845562683,0.15552052620745313,0.0,0.3145871570428888,0.1431841884556269,False,True
0.5,0.9,0.8,2.0,0.45514950388170505,0.47752945965088006,0.5149600462757139,0.9368626738208133,0.8500000000000001,0.8653559586760278,0.870478808844184,0.1359033395596996,0.14105092414830056,0.1466570036890906,-0.0010088319404464308,0.14980079777045605,0.14105092414830042,False,True
0.5,0.95,0.1,0.25,0.6271745414799288,0.8889892429044391,0.9720684736972646,0.9990369473702875,0.525,0.8992341751858299,0.9739254732276833,0.13150227207923726,0.40927597893866535,0.4277152902111531,0.33099007935153346,1.4692121944421852,0.4092759789386653,False,True
0.5,0.95,0.1,0.5,0.6271745414799288,0.738894192056775,0.8526834077217589,0.9929274673668681,0.525,0.7597789195653443,0.8613844357227408,0.13150227207923726,0.29571069773932895,0.31751434134894196,0.06268692298960182,0.7155753532414143,0.295710697739329,False,True
0.5,0.95,0.1,1.0,0.6271745414799288,0.6271745414799288,0.7043051537235255,0.981005693354874,0.525,0.6525443417710498,0.7204968502896056,0.13150227207923726,0.2181119976223332,0.231782372687427,0.0,0.3477692144640621,0.2181119976223332,False,True
0.5,0.95,0.1,2.0,0.6271745414799288,0.5646503659242663,0.6059048144624068,0.9690648656695329,0.525,0.590717794412225,0.6265705861892948,0.13150227207923726,0.17548330678583685,0.18253353336521982,-0.008290230283538813,0.17007318062968796,0.17548330678583668,False,True
0.5,0.95,0.2,0.25,0.6035106500494174,0.8429651720238033,0.9588957256720435,0.9990369473702875,0.575,0.8735603177933691,0.9661931134874062,0.14304108214211608,0.3671998805570151,0.39266507816219876,0.23030481200063424,1.4692121944421852,0.3671998805570151,False,True
0.5,0.95,0.2,0.5,0.6035106500494174,0.6985134467879541,0.8257504823844174,0.9929274673668681,0.575,0.753870498283274,0.8547602386740457,0.14304108214211608,0.27090192679565844,0.2951009907081753,0.0419648471621486,0.7155753532414143,0.2709019267956584,False,True
0.5,0.95,0.2,1.0,0.6035106500494174,0.6035106500494174,0.6830629224852252,0.981005693354874,0.575,0.671345253688896,0.7334760313805797,0.14304108214211608,0.2098824246883814,0.22394592003374164,0.0,0.3477692144640621,0.2098824246883814,False,True
0.5,0.95,0.2,2.0,0.6035106500494174,0.5523220662494688,0.5939045616699508,0.9690648656695329,0.575,0.6247714956864665,0.6567511319412235,0.14304108214211608,0.1769794680530877,0.1840808754752841,-0.005445436512464652,0.17007318062968796,0.17697946805308748,False,True
0.5,0.95,0.4,0.25,0.5548075180609188,0.7069171267217096,0.9129080115007546,0.9990369473702875,0.675,0.8234694776351476,0.9468656284392913,0.15889863390732478,0.2770896210283978,0.3208094337285915,0.06974722107402415,1.4692121944421852,0.2770896210283979,False,True
0.5,0.95,0.4,0.5,0.5548075180609188,0.6083135988253536,0.7605695107870529,0.9929274673668681,0.675,0.760685841516342,0.8509625537874251,0.15889863390732478,0.22361903098960503,0.2520711122214635,0.011943843618201777,0.7155753532414143,0.22361903098960512,False,True
0.5,0.95,0.4,1.0,0.5548075180609188,0.5548075180609188,0.6382747116507971,0.981005693354874,0.675,0.7223463267094808,0.7708412413935536,0.15889863390732478,0.19294497473480168,0.2076216805563597,0.0,0.3477692144640621,0.19294497473480168,False,True
0.5,0.95,0.4,2.0,0.5548075180609188,0.5274865744811537,0.5695782013086287,0.9690648656695329,0.675,0.7001740766495997,0.724126942615989,0.15889863390732478,0.17640514902137924,0.18358352058738975,-0.0015087449507790174,0.17007318062968796,0.17640514902137916,False,True
0.5,0.95,0.6,0.25,0.5050284572006671,0.5201036630492726,0.8248660965837002,0.9990369473702875,0.7749999999999999,0.8075405780192864,0.9291520491700044,0.16489217319964877,0.1911873298636515,0.25215648687647707,0.0006066753285653981,1.4692121944421852,0.1911873298636515,False,True
0.5,0.95,0.6,0.5,0.5050284572006671,0.5100558973325199,0.6804421241879712,0.9929274673668681,0.7749999999999999,0.8004149719544023,0.8673644005469114,0.16489217319964877,0.18254228265970043,0.21372702122854428,0.00010113641281639385,0.7155753532414143,0.18254228265970043,False,True
0.5,0.95,0.6,1.0,0.5050284572006671,0.5050284572006671,0.5909475121136715,0.981005693354874,0.7749999999999999,0.7924187174996824,0.8251543665892072,0.16489217319964877,0.17563334984267323,0.19065679157250398,0.0,0.3477692144640621,0.17563334984267323,False,True
0.5,0.95,0.6,2.0,0.5050284572006671,0.5025142921767789,0.5449112380021055,0.9690648656695329,0.7749999999999999,0.7854603697392433,0.8011075928550659,0.16489217319964877,0.17090312162386365,0.178123407565794,-1.26431704493557e-05,0.17007318062968796,0.1709031216238635,False,True
0.5,0.95,0.8,0.25,0.45514950388170505,0.3274938517565746,0.6791068380145624,0.9990369473702875,0.875,0.8651833765361662,0.9351673519767068,0.16090333955969957,0.13209204086574547,0.19677830440913568,0.047210202857381256,1.4692121944421852,0.13209204086574547,True,True
0.5,0.95,0.8,0.5,0.45514950388170505,0.4110150048828337,0.5880244115836164,0.9929274673668681,0.875,0.879296083941826,0.9134460604767201,0.16090333955969957,0.15106313835206853,0.18272534068202184,0.008014069397581647,0.7155753532414143,0.1510631383520685,False,True
0.5,0.95,0.8,1.0,0.45514950388170505,0.45514950388170505,0.5418726283833253,0.981005693354874,0.875,0.8823846515302349,0.8980820308105519,0.16090333955969957,0.15828698542864816,0.17336418856490732,0.0,0.3477692144640621,0.15828698542864816,False,True
0.5,0.95,0.8,2.0,0.45514950388170505,0.47752945965088006,0.5200218964798164,0.9690648656695329,0.875,0.8807334539491207,0.887917432073576,0.16090333955969957,0.16041224421351005,0.167638566013813,-0.0010088319404464308,0.17007318062968796,0.16041224421350997,False,True
0.5,0.99,0.1,0.25,0.6271745414799288,0.8889892429044391,0.9731464002695045,0.9998150277676352,0.545,0.899925880289187,0.9756517551804784,0.15150227207923728,0.41826908995582546,0.4375543266489308,0.33099007935153346,1.5096766256552265,0.4182690899558254,False,True
0.5,0.99,0.1,0.5,0.6271745414799288,0.738894192056775,0.8570885160167376,0.998634843137919,0.545,0.7639960663744594,0.8702096041460128,0.15150227207923728,0.3088302763673634,0.33269359855006747,0.06268692298960182,0.7510867397675824,0.3088302763673635,False,True
0.5,0.99,0.1,1.0,0.6271745414799288,0.6271745414799288,0.7096446287550238,0.9962978032414466,0.545,0.6621351637774217,0.7360529218352196,0.15150227207923728,0.23427742743396238,0.25000477964670753,0.0,0.3735442240387237,0.23427742743396238,False,True
0.5,0.99,0.1,2.0,0.6271745414799288,0.5646503659242663,0.6097014721985029,0.9939107340081471,0.545,0.6047470230613298,0.6450186905388117,0.15150227207923728,0.19346980513909667,0.20189466449759652,-0.008290230283538813,0.18600029184639466,0.1934698051390965,False,True
0.5,0.99,0.2,0.25,0.6035106500494174,0.8429651720238033,0.9604613342807562,0.9998150277676352,0.595,0.8742162124693676,0.968191408747503,0.1630410821421161,0.3757274071116018,0.40237333872624326,0.23030481200063424,1.5096766256552265,0.3757274071116018,False,True
0.5,0.99,0.2,0.5,0.6035106500494174,0.6985134467879541,0.8308011398696199,0.998634843137919,0.595,0.7578571770052248,0.8635067380185781,0.1630410821421161,0.28330451729696493,0.30980777618753885,0.0419648471621486,0.7510867397675824,0.2833045172969649,False,True
0.5,0.99,0.2,1.0,0.6035106500494174,0.6035106500494174,0.688616390687125,0.9962978032414466,0.595,0.6805742048671686,0.7483437191802114,0.1630410821421161,0.2254379174718154,0.24162355802537977,0.0,0.3735442240387237,0.2254379174718154,False,True
0.5,0.99,0.2,2.0,0.6035106500494174,0.5523220662494688,0.5977400755614041,0.9939107340081471,0.595,0.6384944170250122,0.6745522621350396,0.1630410821421161,0.19457325800628078,0.2030603632207888,-0.005445436512464652,0.18600029184639466,0.19457325800628053,False,True
0.5,0.99,0.4,0.25,0.5548075180609188,0.7069171267217096,0.9160719214023084,0.9998150277676352,0.6950000000000001,0.824019515993999,0.9494737049730766,0.1788986339073248,0.28424087089028566,0.3300606022833085,0.06974722107402415,1.5096766256552265,0.28424087089028577,False,True
0.5,0.99,0.4,0.5,0.5548075180609188,0.6083135988253536,0.7669763031337855,0.998634843137919,0.6950000000000001,0.7641577158114786,0.8591387389169947,0.1788986339073248,0.23442006065811083,0.2656326072770475,0.011943843618201777,0.7510867397675824,0.23442006065811086,False,True
0.5,0.99,0.4,1.0,0.5548075180609188,0.5548075180609188,0.6442041874359726,0.9962978032414466,0.6950000000000001,0.730830504241565,0.7841375418070116,0.1788986339073248,0.20724514382491613,0.22414972623947368,0.0,0.3735442240387237,0.20724514382491613,False,True
0.5,0.99,0.4,2.0,0.5548075180609188,0.5274865744811537,0.5734784693120157,0.9939107340081471,0.6950000000000001,0.7132799386295451,0.7405950186469679,0.1788986339073248,0.1932078236955412,0.2017891348974154,-0.0015087449507790174,0.18600029184639466,0.19320782369554113,False,True
0.5,0.99,0.6,0.25,0.5050284572006671,0.5201036630492726,0.8306350470248043,0.9998150277676352,0.7949999999999999,0.8079452604840938,0.9321003743909931,0.1848921731996488,0.19644875458792851,0.2605302298934609,0.0006066753285653981,1.5096766256552265,0.19644875458792851,False,True
0.5,0.99,0.6,0.5,0.5050284572006671,0.5100558973325199,0.6881137785680587,0.998634843137919,0.7949999999999999,0.8033260526247195,0.8743061281805188,0.1848921731996488,0.19159867871976377,0.22587699920984552,0.00010113641281639385,0.7510867397675824,0.19159867871976374,False,True
0.5,0.99,0.6,1.0,0.5050284572006671,0.5050284572006671,0.5971631531573491,0.9962978032414466,0.7949999999999999,0.8001416681630413,0.836654445772993,0.1848921731996488,0.18865046316249703,0.2059686381919352,0.0,0.3735442240387237,0.18865046316249703,False,True
0.5,0.99,0.6,2.0,0.5050284572006671,0.5025142921767789,0.548857983951897,0.9939107340081471,0.7949999999999999,0.7979457736809394,0.8162010513247235,0.1848921731996488,0.18691032366283206,0.19554400725607884,-1.26431704493557e-05,0.18600029184639466,0.18691032366283192,False,True
0.5,0.99,0.8,0.25,0.45514950388170505,0.3274938517565746,0.6878602425665962,0.9998150277676352,0.895,0.8654381930824698,0.9374448134686967,0.1809033395596996,0.13540500397501992,0.20369260716380527,0.047210202857381256,1.5096766256552265,0.13540500397501995,True,True
0.5,0.99,0.8,0.5,0.45514950388170505,0.4110150048828337,0.5965994000431815,0.998634843137919,0.895,0.8816419010222326,0.9185054282437539,0.1809033395596996,0.1583609947052931,0.19324233238608374,0.008014069397581647,0.7510867397675824,0.15836099470529308,True,True
0.5,0.99,0.8,1.0,0.45514950388170505,0.45514950388170505,0.5482639372475296,0.9962978032414466,0.895,0.8893448477584129,0.9076230064781964,0.1809033395596996,0.1700184682491016,0.1874133606678884,0.0,0.3735442240387237,0.1700184682491016,True,True
0.5,0.99,0.8,2.0,0.45514950388170505,0.47752945965088006,0.5239959381874145,0.9939107340081471,0.895,0.8925980880314162,0.9016084369912092,0.1809033395596996,0.1756235738397369,0.1842667615746239,-0.0010088319404464308,0.18600029184639466,0.1756235738397368,True,True
0.75,0.01,0.1,0.25,0.6743638040951212,0.9484342980454387,0.5072918806229637,0.3554609871366469,0.055,0.34228796201294054,0.22959328459034836,-0.47382730368834947,-0.5444227877826011,-0.42515451627449047,0.5564421229892225,-2.882786166373579,-0.5444227877826011,False,False
0.75,0.01,0.1,0.5,0.6743638040951212,0.8109167308269601,0.46553785987754853,0.06945315965638049,0.055,0.07522905609145897,0.0857792893204102,-0.47382730368834947,-0.5889360239403684,-0.46215370229309327,0.11476599537654789,-1.5940453490694075,-0.5889360239403684,False,True
0.75,0.01,0.1,1.0,0.6743638040951212,0.6743638040951211,0.4792711039909036,0.02672363098939524,0.055,0.05058506904373073,0.06488075372784263,-0.47382730368834947,-0.5468767269147093,-0.4694487584393144,1.6653345369377348e-16,-0.8109520760066932,-0.5468767269147093,True,True
0.75,0.01,0.1,2.0,0.6743638040951212,0.5900070374379769,0.4891182838452542,0.01638094602579008,0.055,0.05066416969131012,0.05910039182337077,-0.47382730368834947,-0.5127801187031124,-0.4718872831916587,-0.015945548490154615,-0.4075282083167996,-0.5127801187031125,True,True
0.75,0.01,0.2,0.25,0.6520333205425992,0.924975724367173,0.4083403806292573,0.3554609871366469,0.10500000000000001,0.34379763918755574,0.26348099866037844,-0.45750137191754525,-0.5549290869885609,-0.40458222287394313,0.4467908744828236,-2.882786166373579,-0.5549290869885609,False,False
0.75,0.01,0.2,0.5,0.6520333205425992,0.7783329449734686,0.41627898780843414,0.06945315965638049,0.10500000000000001,0.0983910932983694,0.1456560934401688,-0.45750137191754525,-0.5761345801804759,-0.439908897623532,0.08842885060150124,-1.5940453490694075,-0.5761345801804759,True,True
0.75,0.01,0.2,1.0,0.6520333205425992,0.6520333205425992,0.4543863897756561,0.02672363098939524,0.10500000000000001,0.08701803374245062,0.12126557625183693,-0.45750137191754525,-0.5287677749195584,-0.44980432513932433,-5.551115123125783e-17,-0.8109520760066932,-0.5287677749195585,True,True
0.75,0.01,0.2,2.0,0.6520333205425992,0.577859965212778,0.47663359804077976,0.01638094602579008,0.10500000000000001,0.09389389985805985,0.11248098963542819,-0.45750137191754525,-0.49494783759411437,-0.45384876734325463,-0.011979682515885659,-0.4075282083167996,-0.4949478375941145,True,True
0.75,0.01,0.4,0.25,0.6053933435843194,0.8470897828589441,0.2367049166713211,0.3554609871366469,0.20500000000000002,0.3622714572648305,0.38945739667155715,-0.43171863620838924,-0.5510240217976238,-0.34247778596490774,0.23788262051166814,-2.882786166373579,-0.5510240217976238,False,True
0.75,0.01,0.4,0.5,0.6053933435843194,0.701819633485712,0.32342687920121865,0.06945315965638049,0.20500000000000002,0.1680157376601808,0.2930922669978397,-0.43171863620838924,-0.5376300284044228,-0.3879348513403092,0.043472265834649915,-1.5940453490694075,-0.5376300284044228,True,True
0.75,0.01,0.4,1.0,0.6053933435843194,0.6053933435843194,0.405412423768382,0.02672363098939524,0.20500000000000002,0.17402097088365578,0.2486691225039498,-0.43171863620838924,-0.49094498878033715,-0.4099785538023023,0.0,-0.8109520760066932,-0.4909449887803371,True,True
0.75,0.01,0.4,2.0,0.6053933435843194,0.553295390002344,0.4517670198565695,0.01638094602579008,0.20500000000000002,0.18774534591900927,0.2266935632258747,-0.43171863620838924,-0.46226449412908016,-0.42090312505619076,-0.00564876810694015,-0.4075282083167996,-0.4622644941290805,True,True
0.75,0.01,0.6,0.25,0.5567516233292691,0.7134002043460539,0.12229972064117722,0.3554609871366469,0.305,0.42554581825270166,0.5700929470409427,-0.4154778158079572,-0.49549255184486435,-0.26115208317318694,0.07461003279743134,-2.882786166373579,-0.49549255184486435,False,True
0.75,0.01,0.6,0.5,0.5567516233292691,0.6120595844881248,0.2426753523890278,0.06945315965638049,0.305,0.27527372134779665,0.4712493585607268,-0.4154778158079572,-0.48142501338123433,-0.32806977773867363,0.012800707244180975,-1.5940453490694075,-0.48142501338123433,True,True
0.75,0.01,0.6,1.0,0.5567516233292691,0.5567516233292691,0.3582510613152954,0.02672363098939524,0.305,0.2808274509370367,0.39462313237497193,-0.4154778158079572,-0.4514988847589672,-0.3700668833525619,0.0,-0.8109520760066932,-0.4514988847589672,True,True
0.75,0.01,0.6,2.0,0.5567516233292691,0.5284677964476018,0.42713897027148806,0.01638094602579008,0.305,0.29157612458141535,0.350713558254636,-0.4154778158079572,-0.43396748735907814,-0.3925479315326209,-0.0016182094401208102,-0.4075282083167996,-0.43396748735907825,True,True
0.75,0.01,0.8,0.25,0.5069967780549285,0.5279597411789451,0.05892095099860397,0.3554609871366469,0.405,0.5653012978247204,0.7738073386061106,-0.4090923890153165,-0.38020519299313416,-0.17219714975279632,0.0011742663003014853,-2.882786166373579,-0.38020519299313416,False,True
0.75,0.01,0.8,0.5,0.5069967780549285,0.513990816433603,0.17681638331977662,0.06945315965638049,0.405,0.424505633088794,0.6708273498447509,-0.4090923890153165,-0.40956443497896533,-0.2633779809691399,0.0001958004424420512,-1.5940453490694075,-0.4095644349789653,False,True
0.75,0.01,0.8,1.0,0.5069967780549285,0.5069967780549285,0.31368161388880816,0.02672363098939524,0.405,0.40795137236560947,0.5574374205866759,-0.4090923890153165,-0.4111500896923489,-0.3308259303443922,0.0,-0.8109520760066932,-0.4111500896923489,False,True
0.75,0.01,0.8,2.0,0.5069967780549285,0.5034985603075307,0.40286691527107765,0.01638094602579008,0.405,0.4054489344944362,0.48430580897777,-0.4090923890153165,-0.410428690842847,-0.36915621425709744,-2.4479249207454146e-05,-0.4075282083167996,-0.410428690842847,False,True
0.75,0.05,0.1,0.25,0.6743638040951212,0.9484342980454387,0.7115425470321863,0.7418413371607366,0.07500000000000001,0.708744338066589,0.5566974198338949,-0.45382730368834945,-0.33725675214894896,-0.29131217867222925,0.5564421229892225,-2.009068140525775,-0.33725675214894896,False,False
0.75,0.05,0.1,0.5,0.6743638040951212,0.8109167308269601,0.5192946911682138,0.28000456216507397,0.07500000000000001,0.24596871108484009,0.19347541351838166,-0.45382730368834945,-0.5016470902259702,-0.40915046387694215,0.11476599537654789,-1.3787607695407986,-0.5016470902259702,False,False
0.75,0.05,0.1,1.0,0.6743638040951212,0.6743638040951211,0.4956056413673558,0.12516099799833535,0.07500000000000001,0.11696766632498715,0.11246993255040776,-0.45382730368834945,-0.5027832812338582,-0.43757762498161823,1.6653345369377348e-16,-0.7455668263638585,-0.5027832812338582,False,False
0.75,0.05,0.1,2.0,0.6743638040951212,0.5900070374379769,0.4954804030999678,0.07984616815180759,0.07500000000000001,0.08810909737822485,0.09001417127184866,-0.45382730368834945,-0.48274302717020284,-0.44682447332694875,-0.015945548490154615,-0.38207334962279005,-0.4827430271702026,False,True
0.75,0.05,0.2,0.25,0.6520333205425992,0.924975724367173,0.6231376914358971,0.7418413371607366,0.125,0.70119008333233,0.537641759962881,-0.43750137191754523,-0.35288709602575363,-0.29181932017765233,0.4467908744828236,-2.009068140525775,-0.35288709602575363,False,False
0.75,0.05,0.2,0.5,0.6520333205425992,0.7783329449734686,0.4693427823229711,0.28000456216507397,0.125,0.262270186481255,0.2375495638050869,-0.43750137191754523,-0.4923530397845373,-0.39225545855279764,0.08842885060150124,-1.3787607695407986,-0.4923530397845372,False,False
0.75,0.05,0.2,1.0,0.6520333205425992,0.6520333205425992,0.4706393452720426,0.12516099799833535,0.125,0.15120247701876036,0.16477782109712347,-0.43750137191754523,-0.4861344134804342,-0.4195632400276913,-5.551115123125783e-17,-0.7455668263638585,-0.48613441348043424,False,True
0.75,0.05,0.2,2.0,0.6520333205425992,0.577859965212778,0.482986850443893,0.07984616815180759,0.125,0.13056791090802156,0.14196727918687643,-0.43750137191754523,-0.4655291500752815,-0.4294217921321273,-0.011979682515885659,-0.38207334962279005,-0.46552915007528145,False,True
0.75,0.05,0.4,0.25,0.6053933435843194,0.8470897828589441,0.42626353631305297,0.7418413371607366,0.225,0.6895703040676994,0.5457144972361183,-0.4117186362083892,-0.3659946185987833,-0.27110915370132965,0.23788262051166814,-2.009068140525775,-0.3659946185987833,False,False
0.75,0.05,0.4,0.5,0.6053933435843194,0.701819633485712,0.3722017312754262,0.28000456216507397,0.225,0.31578484579873467,0.35533749029268774,-0.4117186362083892,-0.46208455605447585,-0.35052403035619495,0.043472265834649915,-1.3787607695407986,-0.46208455605447574,False,True
0.75,0.05,0.4,1.0,0.6053933435843194,0.6053933435843194,0.421266148466953,0.12516099799833535,0.225,0.23361429763083483,0.28421963217825763,-0.4117186362083892,-0.4513611938779661,-0.3829532404786553,0.0,-0.7455668263638585,-0.451361193877966,False,True
0.75,0.05,0.4,2.0,0.6053933435843194,0.553295390002344,0.4580789245428304,0.07984616815180759,0.225,0.2228603607468095,0.25334427701871387,-0.4117186362083892,-0.4340963821919673,-0.39774318656147073,-0.00564876810694015,-0.38207334962279005,-0.4340963821919674,True,True
0.75,0.05,0.6,0.25,0.5567516233292691,0.7134002043460539,0.25028133765104127,0.7418413371607366,0.325,0.7011896389151872,0.6355002395988015,-0.39547781580795716,-0.3396648972997008,-0.22175029602450155,0.07461003279743134,-2.009068140525775,-0.3396648972997008,False,False
0.75,0.05,0.6,0.5,0.5567516233292691,0.6120595844881248,0.28439120056192024,0.28000456216507397,0.325,0.4041437252806595,0.508996113259788,-0.39547781580795716,-0.4155415182347438,-0.2997405906701374,0.012800707244180975,-1.3787607695407986,-0.4155415182347437,False,True
0.75,0.05,0.6,1.0,0.5567516233292691,0.5567516233292691,0.3734187788865662,0.12516099799833535,0.325,0.33563261481552314,0.42268619970482263,-0.39547781580795716,-0.4150955408785295,-0.346148125958168,0.0,-0.7455668263638585,-0.4150955408785295,False,True
0.75,0.05,0.6,2.0,0.5567516233292691,0.5284677964476018,0.4333787878464929,0.07984616815180759,0.325,0.3251154506694094,0.3745763628599218,-0.39547781580795716,-0.4070633411932617,-0.3706436675878594,-0.0016182094401208102,-0.38207334962279005,-0.40706334119326165,False,True
0.75,0.05,0.8,0.25,0.5069967780549285,0.5279597411789451,0.13043564476592884,0.7418413371607366,0.42500000000000004,0.7692945674200691,0.7924140373138365,-0.3890923890153165,-0.2648832072956378,-0.15243845069118586,0.0011742663003014853,-2.009068140525775,-0.2648832072956378,False,True
0.75,0.05,0.8,0.5,0.5069967780549285,0.513990816433603,0.21035566553020343,0.28000456216507397,0.42500000000000004,0.5327271203654775,0.6906160136015647,-0.3890923890153165,-0.354237286580228,-0.24257965708143325,0.0001958004424420512,-1.3787607695407986,-0.3542372865802279,False,True
0.75,0.05,0.8,1.0,0.5069967780549285,0.5069967780549285,0.32792657151981747,0.12516099799833535,0.42500000000000004,0.4578588002793526,0.5787023597457389,-0.3890923890153165,-0.3779999787911146,-0.3098518937185991,0.0,-0.7455668263638585,-0.3779999787911146,False,True
0.75,0.05,0.8,2.0,0.5069967780549285,0.5034985603075307,0.40900531332345513,0.07984616815180759,0.42500000000000004,0.43740358246448363,0.5054532563638433,-0.3890923890153165,-0.38479572143231633,-0.34849024611226753,-2.4479249207454146e-05,-0.38207334962279005,-0.38479572143231616,False,True
0.75,0.1,0.1,0.25,0.6743638040951212,0.9484342980454387,0.8099983246226026,0.8584864497582141,0.1,0.8193745635534087,0.7143727535530991,-0.4288273036883495,-0.2075318832762776,-0.18693350155714814,0.5564421229892225,-1.4619564675716772,-0.2075318832762776,False,False
0.75,0.1,0.1,0.5,0.6743638040951212,0.8109167308269601,0.5729821400370643,0.45085306037928385,0.1,0.3845126167234029,0.3010325373746754,-0.4288273036883495,-0.4137390136525104,-0.34993617395975724,0.11476599537654789,-1.1619491704415605,-0.41373901365251037,False,False
0.75,0.1,0.1,1.0,0.6743638040951212,0.6743638040951211,0.5146370863175307,0.23196931668407397,0.1,0.18899533042290587,0.16791630462160734,-0.4288273036883495,-0.4514352211204672,-0.399116092018965,1.6653345369377348e-16,-0.6694238605024405,-0.45143522112046724,False,False
0.75,0.1,0.1,2.0,0.6743638040951212,0.5900070374379769,0.5032136366157297,0.15482809896025468,0.1,0.1323489642358961,0.12759024706651687,-0.4288273036883495,-0.4462409396829699,-0.415931269520152,-0.015945548490154615,-0.3511397461477044,-0.4462409396829698,False,False
0.75,0.1,0.2,0.25,0.6520333205425992,0.924975724367173,0.7407747627273883,0.8584864497582141,0.15000000000000002,0.8090839808510722,0.6877901435788414,-0.41250137191754527,-0.22637084202564056,-0.19827367875180615,0.4467908744828236,-1.4619564675716772,-0.2263708420256405,False,False
0.75,0.1,0.2,0.5,0.6520333205425992,0.7783329449734686,0.5234898726181931,0.45085306037928385,0.15000000000000002,0.39524720124061535,0.3313190366238352,-0.41250137191754527,-0.4079772345688788,-0.3384418109840989,0.08842885060150124,-1.1619491704415605,-0.4079772345688787,False,False
0.75,0.1,0.2,1.0,0.6520333205425992,0.6520333205425992,0.4896427514652171,0.23196931668407397,0.15000000000000002,0.22084505971299465,0.21565354418365285,-0.41250137191754527,-0.4364866626138519,-0.38300424131009614,-5.551115123125783e-17,-0.6694238605024405,-0.436486662613852,False,False
0.75,0.1,0.2,2.0,0.6520333205425992,0.577859965212778,0.49071474847105406,0.15482809896025468,0.15000000000000002,0.17389696683657774,0.17783348194332205,-0.41250137191754527,-0.4297785680192437,-0.39930172538087083,-0.011979682515885659,-0.3511397461477044,-0.42977856801924363,False,True
0.75,0.1,0.4,0.25,0.6053933435843194,0.8470897828589441,0.5621763259828624,0.8584864497582141,0.25,0.7883791871694537,0.6577502278379991,-0.3867186362083892,-0.25013144153821326,-0.20352067624933246,0.23788262051166814,-1.4619564675716772,-0.25013144153821326,False,False
0.75,0.1,0.4,0.5,0.6053933435843194,0.701819633485712,0.4240984041605498,0.45085306037928385,0.25,0.4356896761970157,0.4215667017535344,-0.3867186362083892,-0.38600323754683663,-0.30738298976952894,0.043472265834649915,-1.1619491704415605,-0.3860032375468366,False,False
0.75,0.1,0.4,1.0,0.6053933435843194,0.6053933435843194,0.4399327673024648,0.23196931668407397,0.25,0.2982753428026137,0.32607779649710056,-0.3867186362083892,-0.4052647491846954,-0.3501673726974162,0.0,-0.6694238605024405,-0.40526474918469546,False,True
0.75,0.1,0.4,2.0,0.6053933435843194,0.553295390002344,0.4657673204343498,0.15482809896025468,0.25,0.264347517396598,0.28580694060692224,-0.3867186362083892,-0.3998655417941164,-0.3691653865266902,-0.00564876810694015,-0.3511397461477044,-0.39986554179411654,False,True
0.75,0.1,0.6,0.25,0.5567516233292691,0.7134002043460539,0.3658642441245377,0.8584864497582141,0.35,0.784404286078196,0.6945709495572243,-0.3704778158079572,-0.24208750247830962,-0.17989155557792486,0.07461003279743134,-1.4619564675716772,-0.24208750247830962,False,False
0.75,0.1,0.6,0.5,0.5567516233292691,0.6120595844881248,0.330489647729833,0.45085306037928385,0.35,0.5087131861080689,0.5507084804647668,-0.3704778158079572,-0.34919070960630105,-0.26644708044711335,0.012800707244180975,-1.1619491704415605,-0.34919070960630094,False,True
0.75,0.1,0.6,1.0,0.5567516233292691,0.5567516233292691,0.3913991094054629,0.23196931668407397,0.35,0.395098319628878,0.4559531183162625,-0.3704778158079572,-0.3727028210300798,-0.3170324181971169,0.0,-0.6694238605024405,-0.37270282103007996,False,True
0.75,0.1,0.6,2.0,0.5567516233292691,0.5284677964476018,0.4409899719225307,0.15482809896025468,0.35,0.3647409864171359,0.4036836558597831,-0.3704778158079572,-0.37436851466393684,-0.3435964435833319,-0.0016182094401208102,-0.3511397461477044,-0.3743685146639368,False,True
0.75,0.1,0.8,0.25,0.5069967780549285,0.5279597411789451,0.20587025562653574,0.8584864497582141,0.45,0.8308784908768221,0.8120406203624122,-0.36409238901531654,-0.19266997298343153,-0.1297520778872055,0.0011742663003014853,-1.4619564675716772,-0.19266997298343153,False,False
0.75,0.1,0.8,0.5,0.5069967780549285,0.513990816433603,0.24862272693830625,0.45085306037928385,0.45,0.6205416794490543,0.7131941357693334,-0.36409238901531654,-0.29851770116358184,-0.21774228308295587,0.0001958004424420512,-1.1619491704415605,-0.29851770116358173,False,True
0.75,0.1,0.8,1.0,0.5069967780549285,0.5069967780549285,0.3449222455502547,0.23196931668407397,0.45,0.5120102737224861,0.6040735811692253,-0.36409238901531654,-0.3393957404278291,-0.28423822826659145,0.0,-0.6694238605024405,-0.3393957404278292,False,True
0.75,0.1,0.8,2.0,0.5069967780549285,0.5034985603075307,0.41650308975928907,0.15482809896025468,0.45,0.4751568766756157,0.5312839097910719,-0.36409238901531654,-0.35364567180265694,-0.322954505161534,-2.4479249207454146e-05,-0.3511397461477044,-0.35364567180265677,False,True
0.75,0.25,0.1,0.25,0.6743638040951212,0.9484342980454387,0.9061235482327102,0.9479149938275155,0.175,0.9041916619730022,0.868315742806705,-0.35382730368834947,-0.013767515125982052,-0.010670172798454837,0.5564421229892225,-0.6447596683854359,-0.013767515125982056,False,False
0.75,0.25,0.1,0.5,0.6743638040951212,0.8109167308269601,0.6801494271163153,0.7112345942275938,0.175,0.5956603589193838,0.5157308590975714,-0.35382730368834947,-0.22705386519463885,-0.20545021797507163,0.11476599537654789,-0.7015192856924988,-0.22705386519463877,False,False
0.75,0.25,0.1,1.0,0.6743638040951212,0.6743638040951211,0.5639906584187007,0.4753668864186717,0.175,0.3531338414566367,0.31170341741984425,-0.35382730368834947,-0.317365667535795,-0.29188287403084845,1.6653345369377348e-16,-0.470614919734081,-0.31736566753579476,False,False
0.75,0.25,0.1,2.0,0.6743638040951212,0.5900070374379769,0.5250534573731669,0.3546612443924434,0.175,0.25025192635425414,0.23371076682720543,-0.35382730368834947,-0.3430568489980527,-0.3260156185701408,-0.015945548490154615,-0.2636966445086292,-0.3430568489980525,False,False
0.75,0.25,0.2,0.25,0.6520333205425992,0.924975724367173,0.866133508063995,0.9479149938275155,0.225,0.891803213180676,0.8477942373374873,-0.33750137191754526,-0.0373990417061833,-0.033060090924405455,0.4467908744828236,-0.6447596683854359,-0.03739904170618328,False,False
0.75,0.25,0.2,0.5,0.6520333205425992,0.7783329449734686,0.6351693986294369,0.7112345942275938,0.225,0.5979107272974794,0.524720569774105,-0.33750137191754526,-0.2287933604936128,-0.20491389271543553,0.08842885060150124,-0.7015192856924988,-0.22879336049361274,False,False
0.75,0.25,0.2,1.0,0.6520333205425992,0.6520333205425992,0.5392625051349308,0.4753668864186717,0.225,0.3795483853190433,0.3484950370013388,-0.33750137191754526,-0.3068566088111018,-0.28072172885237545,-5.551115123125783e-17,-0.470614919734081,-0.30685660881110166,False,False
0.75,0.25,0.2,2.0,0.6520333205425992,0.577859965212778,0.5125718059691158,0.3546612443924434,0.225,0.2893725413043823,0.2792749933516655,-0.33750137191754526,-0.32871883267673696,-0.3115711456599817,-0.011979682515885659,-0.2636966445086292,-0.32871883267673685,False,False
0.75,0.25,0.4,0.25,0.6053933435843194,0.8470897828589441,0.744063323805341,0.9479149938275155,0.325,0.8641331931465097,0.8076834514700841,-0.31171863620838924,-0.0770716767442889,-0.06929912541953151,0.23788262051166814,-0.6447596683854359,-0.07707167674428889,False,False
0.75,0.25,0.4,0.5,0.6053933435843194,0.701819633485712,0.5385380603036428,0.7112345942275938,0.325,0.6184305488488842,0.5676116746747197,-0.31171863620838924,-0.22443387106660903,-0.19661437683639338,0.043472265834649915,-0.7015192856924988,-0.22443387106660903,False,False
0.75,0.25,0.4,1.0,0.6053933435843194,0.6053933435843194,0.48934511813214326,0.4753668864186717,0.325,0.44562661136453935,0.43688041793779675,-0.31171863620838924,-0.2849071397984816,-0.2578045218700749,0.0,-0.470614919734081,-0.28490713979848137,False,False
0.75,0.25,0.4,2.0,0.6053933435843194,0.553295390002344,0.487577013554607,0.3546612443924434,0.325,0.374914275533896,0.37789386494258537,-0.31171863620838924,-0.30310181174530304,-0.28580329810478616,-0.00564876810694015,-0.2636966445086292,-0.30310181174530315,False,True
0.75,0.25,0.6,0.25,0.5567516233292691,0.7134002043460539,0.5664044197326031,0.9479149938275155,0.425,0.8482026276916057,0.7970605901951462,-0.2954778158079572,-0.09634041159570816,-0.08485385544321913,0.07461003279743134,-0.6447596683854359,-0.09634041159570812,False,False
0.75,0.25,0.6,0.5,0.5567516233292691,0.6120595844881248,0.4389212132511902,0.7112345942275938,0.425,0.6680821995236461,0.6488232230538793,-0.2954778158079572,-0.20828544763358803,-0.17810443434655954,0.012800707244180975,-0.7015192856924988,-0.208285447633588,False,False
0.75,0.25,0.6,1.0,0.5567516233292691,0.5567516233292691,0.4396393209514561,0.4753668864186717,0.425,0.5306103116930143,0.5452063825770391,-0.2954778158079572,-0.2620156205249234,-0.23445036352061083,0.0,-0.470614919734081,-0.2620156205249233,False,True
0.75,0.25,0.6,2.0,0.5567516233292691,0.5284677964476018,0.46264419450827304,0.3546612443924434,0.425,0.47034636844087785,0.48649544903027986,-0.2954778158079572,-0.28194678818844543,-0.26458252928095616,-0.0016182094401208102,-0.2636966445086292,-0.2819467881884453,False,True
0.75,0.25,0.8,0.25,0.5069967780549285,0.5279597411789451,0.3698631579819867,0.9479149938275155,0.525,0.8780931618576604,0.8547083067299309,-0.28909238901531653,-0.08480822033577393,-0.0719246157476189,0.0011742663003014853,-0.6447596683854359,-0.08480822033577393,False,False
0.75,0.25,0.8,0.5,0.5069967780549285,0.513990816433603,0.34399497320833056,0.7112345942275938,0.525,0.754375396615981,0.7694651466194945,-0.28909238901531653,-0.1801893349772818,-0.14987256565767526,0.0001958004424420512,-0.7015192856924988,-0.1801893349772817,False,True
0.75,0.25,0.8,1.0,0.5069967780549285,0.5069967780549285,0.3911154288605257,0.4753668864186717,0.525,0.6354120573643269,0.673030980559311,-0.28909238901531653,-0.238600248009758,-0.2111130019795301,0.0,-0.470614919734081,-0.23860024800975785,False,True
0.75,0.25,0.8,2.0,0.5069967780549285,0.5034985603075307,0.4378968053820819,0.3546612443924434,0.525,0.575772577702448,0.6049875816066193,-0.28909238901531653,-0.2655907202344582,-0.24824709887918212,-2.4479249207454146e-05,-0.2636966445086292,-0.26559072023445796,False,True
0.75,0.5,0.1,0.25,0.6743638040951212,0.9484342980454387,0.9490686625471814,0.9820137900379085,0.3,0.9365321298210006,0.9370916480594482,-0.2288273036883495,0.1422040840394849,0.14220512062701013,0.5564421229892225,0.013046990386385567,0.14220408403948492,False,True
0.75,0.5,0.1,0.5,0.6743638040951212,0.8109167308269601,0.77447962288579,0.8807970779778823,0.3,0.7331614139130673,0.7047114265026371,-0.2288273036883495,-0.03270865419460632,-0.030728513978742614,0.11476599537654789,-0.22219704800271214,-0.03270865419460628,False,False
0.75,0.5,0.1,1.0,0.6743638040951212,0.6743638040951211,0.6271745414799288,0.7310585786300049,0.3,0.5255630636917902,0.49578387469924895,-0.2288273036883495,-0.14018299292955114,-0.13532957576758678,1.6653345369377348e-16,-0.20787443228459218,-0.14018299292955108,False,False
0.75,0.5,0.1,2.0,0.6743638040951212,0.5900070374379769,0.5574772460156563,0.6224593312018547,0.3,0.40825468218423305,0.3912591891135916,-0.2288273036883495,-0.18890927573047997,-0.18459487596295143,-0.015945548490154615,-0.1330646660012736,-0.18890927573047991,False,False
0.75,0.5,0.2,0.25,0.6520333205425992,0.924975724367173,0.9258761233594298,0.9820137900379085,0.35,0.9233437719054328,0.9240478963339137,-0.21250137191754528,0.1147147559665705,0.11471622712056079,0.4467908744828236,0.013046990386385567,0.11471475596657055,False,True
0.75,0.5,0.2,0.5,0.6520333205425992,0.7783329449734686,0.7376482318300849,0.8807970779778823,0.35,0.7298867946318573,0.7021887608054733,-0.21250137191754528,-0.042257216067430464,-0.04004043762978849,0.08842885060150124,-0.22219704800271214,-0.04225721606743042,False,False
0.75,0.5,0.2,1.0,0.6520333205425992,0.6520333205425992,0.6035106500494174,0.7310585786300049,0.35,0.5462678884267551,0.5204995080033139,-0.21250137191754528,-0.13554105633843033,-0.13054245405966125,-5.551115123125783e-17,-0.20787443228459218,-0.1355410563384304,False,False
0.75,0.5,0.2,2.0,0.6520333205425992,0.577859965212778,0.5451094609093166,0.6224593312018547,0.35,0.44412233443211724,0.43028657828755346,-0.21250137191754528,-0.1777448515648631,-0.1733988082360664,-0.011979682515885659,-0.1330646660012736,-0.1777448515648631,False,False
0.75,0.5,0.4,0.25,0.6053933435843194,0.8470897828589441,0.8487721001366854,0.9820137900379085,0.45,0.8930179350241229,0.8939970668789874,-0.18671863620838924,0.06223364819125851,0.062236395989984844,0.23788262051166814,0.013046990386385567,0.06223364819125855,False,True
0.75,0.5,0.4,0.5,0.6053933435843194,0.701819633485712,0.6533462590303187,0.8807970779778823,0.45,0.7374328290474386,0.714126972249558,-0.18671863620838924,-0.0562349924781103,-0.05357779555119353,0.043472265834649915,-0.22219704800271214,-0.05623499247811033,False,False
0.75,0.5,0.4,1.0,0.6053933435843194,0.6053933435843194,0.5548075180609188,0.7310585786300049,0.45,0.600420659839091,0.5836737883424885,-0.18671863620838924,-0.1258457976064615,-0.12061727011571405,0.0,-0.20787443228459218,-0.12584579760646145,False,False
0.75,0.5,0.4,2.0,0.6053933435843194,0.553295390002344,0.5202214152054269,0.6224593312018547,0.45,0.5230857224169908,0.5157281081034816,-0.18671863620838924,-0.15854566875529272,-0.15415187096568972,-0.00564876810694015,-0.1330646660012736,-0.15854566875529294,False,False
0.75,0.5,0.6,0.25,0.5567516233292691,0.7134002043460539,0.7160603524031393,0.9820137900379085,0.55,0.8725287158760545,0.8735449291174037,-0.17047781580795718,0.020979439601294912,0.020983782018509305,0.07461003279743134,0.013046990386385567,0.020979439601294954,False,True
0.75,0.5,0.6,0.5,0.5567516233292691,0.6120595844881248,0.5581804682698513,0.8807970779778823,0.55,0.7718645428726222,0.7567354444745003,-0.17047781580795718,-0.06159856281542347,-0.05862451632076373,0.012800707244180975,-0.22219704800271214,-0.06159856281542346,False,False
0.75,0.5,0.6,1.0,0.5567516233292691,0.5567516233292691,0.5050284572006671,0.7310585786300049,0.55,0.6729670764034819,0.6661883117684237,-0.17047781580795718,-0.11573442762309692,-0.11036998900760595,0.0,-0.20787443228459218,-0.11573442762309692,False,False
0.75,0.5,0.6,2.0,0.5567516233292691,0.5284677964476018,0.49523259538528375,0.6224593312018547,0.55,0.611869033269931,0.6111225928817121,-0.17047781580795718,-0.14387720053369998,-0.1394570954679545,-0.0016182094401208102,-0.1330646660012736,-0.14387720053369998,False,False
0.75,0.5,0.8,0.25,0.5069967780549285,0.5279597411789451,0.5312100575371687,0.9820137900379085,0.65,0.8960959534794131,0.8966875558785955,-0.1640923890153165,0.0020156379919654354,0.00202093952978674,0.0011742663003014853,0.013046990386385567,0.0020156379919654484,False,True
0.75,0.5,0.8,0.5,0.5069967780549285,0.513990816433603,0.4585406198134875,0.8807970779778823,0.65,0.8415289560753012,0.8370487422150968,-0.1640923890153165,-0.05700572083480428,-0.053922364864927075,0.0001958004424420512,-0.22219704800271214,-0.05700572083480421,False,False
0.75,0.5,0.8,1.0,0.5069967780549285,0.5069967780549285,0.45514950388170505,0.7310585786300049,0.65,0.7650469214908853,0.7686213462665472,-0.1640923890153165,-0.10539166740828565,-0.09999572857501612,0.0,-0.20787443228459218,-0.10539166740828565,False,True
0.75,0.5,0.8,2.0,0.5069967780549285,0.5034985603075307,0.47026757075797154,0.6224593312018547,0.65,0.7106085288640978,0.7165083809735505,-0.1640923890153165,-0.13404469401730235,-0.1296202493299617,-2.4479249207454146e-05,-0.1330646660012736,-0.1340446940173023,False,True
0.75,0.75,0.1,0.25,0.6743638040951212,0.9484342980454387,0.9650548273875484,0.9939318344798832,0.425,0.9478356119353992,0.9626932322202182,-0.1038273036883495,0.23548303159946213,0.23637963680135662,0.5564421229892225,0.4064488222358208,0.23548303159946213,False,True
0.75,0.75,0.1,0.5,0.6743638040951212,0.8109167308269601,0.8258421750206135,0.9568354670200037,0.425,0.7948222157724529,0.807610865718603,-0.1038273036883495,0.0981169171052824,0.0984957814159255,0.11476599537654789,0.10046387716151489,0.0981169171052824,False,True
0.75,0.75,0.1,1.0,0.6743638040951212,0.6743638040951211,0.6743638040951211,0.8907682274269642,0.425,0.6332654700052035,0.6332654700052035,-0.1038273036883495,1.286603727450034e-16,1.286603727450034e-16,1.6653345369377348e-16,-8.326672684688674e-17,1.1038138702275758e-16,False,False
0.75,0.75,0.1,2.0,0.6743638040951212,0.5900070374379769,0.5857569134703628,0.8318243439635804,0.425,0.5317815131069431,0.52867116892258,-0.1038273036883495,-0.0525915606522287,-0.05251704092717986,-0.015945548490154615,-0.01754255657848436,-0.05259156065222853,False,False
0.75,0.75,0.2,0.25,0.6520333205425992,0.924975724367173,0.9487487780070762,0.9939318344798832,0.475,0.9343676736961886,0.9532418577837055,-0.08750137191754528,0.20568654206214657,0.20696578731334567,0.4467908744828236,0.4064488222358208,0.2056865420621466,False,True
0.75,0.75,0.2,0.5,0.6520333205425992,0.7783329449734686,0.7951807811458271,0.9568354670200037,0.475,0.7890699779060499,0.8018210178638334,-0.08750137191754528,0.08331159798803794,0.08373881188162385,0.08842885060150124,0.10046387716151489,0.08331159798803796,False,True
0.75,0.75,0.2,1.0,0.6520333205425992,0.6520333205425992,0.6520333205425992,0.8907682274269642,0.475,0.6504039010545288,0.6504039010545288,-0.08750137191754528,1.5814628579924467e-17,1.5814628579924467e-17,-5.551115123125783e-17,-8.326672684688674e-17,-1.0980383162794697e-16,False,False
0.75,0.75,0.2,2.0,0.6520333205425992,0.577859965212778,0.5735749292199435,0.8318243439635804,0.475,0.5651059934233809,0.5623986033683479,-0.08750137191754528,-0.04423364730014374,-0.04415851009655297,-0.011979682515885659,-0.01754255657848436,-0.04423364730014364,False,False
0.75,0.75,0.4,0.25,0.6053933435843194,0.8470897828589441,0.8926791790446192,0.9939318344798832,0.575,0.9031135887025785,0.9301905824119668,-0.06171863620838923,0.14554531627067074,0.14797771961439812,0.23788262051166814,0.4064488222358208,0.14554531627067077,False,True
0.75,0.75,0.4,0.5,0.6053933435843194,0.701819633485712,0.722408820022117,0.9568354670200037,0.575,0.7907980633758241,0.8022628526763853,-0.06171863620838923,0.056989893641349,0.05751068514574184,0.043472265834649915,0.10046387716151489,0.05698989364134894,False,True
0.75,0.75,0.4,1.0,0.6053933435843194,0.6053933435843194,0.6053933435843193,0.8907682274269642,0.575,0.6971078181269597,0.6971078181269594,-0.06171863620838923,-5.103180195933994e-17,6.658948311603098e-17,0.0,-8.326672684688674e-17,-5.0409122175158986e-17,False,False
0.75,0.75,0.4,2.0,0.6053933435843194,0.553295390002344,0.5489556326022883,0.8318243439635804,0.575,0.6389264188058354,0.6370524059135954,-0.06171863620838923,-0.030709967581341577,-0.030633859901601702,-0.00564876810694015,-0.01754255657848436,-0.030709967581341674,False,False
0.75,0.75,0.6,0.25,0.5567516233292691,0.7134002043460539,0.7889161476143786,0.9939318344798832,0.675,0.8810310512163646,0.9107791852805345,-0.04547781580795718,0.09114267640916969,0.09511034399685661,0.07461003279743134,0.4064488222358208,0.0911426764091697,False,True
0.75,0.75,0.6,0.5,0.5567516233292691,0.6120595844881248,0.6356288321301811,0.9568354670200037,0.675,0.8184045676748893,0.8268149111645527,-0.04547781580795718,0.037145293077861914,0.037739713376087794,0.012800707244180975,0.10046387716151489,0.037145293077861886,False,True
0.75,0.75,0.6,1.0,0.5567516233292691,0.5567516233292691,0.5567516233292691,0.8907682274269642,0.675,0.7618856826325364,0.7618856826325364,-0.04547781580795718,1.3503635254246421e-17,1.3503635254246421e-17,0.0,-8.326672684688674e-17,-4.635888534131903e-17,False,False
0.75,0.75,0.6,2.0,0.5567516233292691,0.5284677964476018,0.5240943021057312,0.8318243439635804,0.675,0.7225117002173442,0.7214978177607116,-0.04547781580795718,-0.02177777131841973,-0.021701060837198992,-0.0016182094401208102,-0.01754255657848436,-0.02177777131841964,False,False
0.75,0.75,0.8,0.25,0.5069967780549285,0.5279597411789451,0.6267746279586509,0.9939318344798832,0.775,0.9023882011383572,0.9215515534054675,-0.039092389015316524,0.05394072032260312,0.05901402264829557,0.0011742663003014853,0.4064488222358208,0.05394072032260312,False,True
0.75,0.75,0.8,0.5,0.5069967780549285,0.513990816433603,0.539030867833751,0.9568354670200037,0.775,0.8806119897393572,0.8845391578949042,-0.039092389015316524,0.025916655343387104,0.026546119030674005,0.0001958004424420512,0.10046387716151489,0.025916655343387142,False,True
0.75,0.75,0.8,1.0,0.5069967780549285,0.5069967780549285,0.5069967780549285,0.8907682274269642,0.775,0.8460191988552279,0.8460191988552279,-0.039092389015316524,1.229686502751857e-17,1.229686502751857e-17,0.0,-8.326672684688674e-17,-4.22159622305514e-17,False,False
0.75,0.75,0.8,2.0,0.5069967780549285,0.5034985603075307,0.4991129791912904,0.8318243439635804,0.775,0.8160235113683945,0.8158839431264711,-0.039092389015316524,-0.017714262461175617,-0.017637328743753254,-2.4479249207454146e-05,-0.01754255657848436,-0.017714262461175464,False,False
0.75,0.9,0.1,0.25,0.6743638040951212,0.9484342980454387,0.9705929430213597,0.99796906211513,0.5,0.9516646570936842,0.9715624347404542,-0.028827303688349487,0.27775188118693706,0.2795160512101126,0.5564421229892225,0.5847167304065135,0.27775188118693706,False,True
0.75,0.9,0.1,0.5,0.6743638040951212,0.8109167308269601,0.84677982818599,0.985185515469262,0.5,0.8178117443797115,0.8495572387017887,-0.028827303688349487,0.16020193609516645,0.1625387863012333,0.11476599537654789,0.2535869208224114,0.16020193609516648,False,True
0.75,0.9,0.1,1.0,0.6743638040951212,0.6743638040951211,0.6973481531849405,0.9607296994499495,0.5,0.6804449544187182,0.7002282663028512,-0.028827303688349487,0.07196319901336054,0.0731976702668721,1.6653345369377348e-16,0.10671272475829661,0.07196319901336068,False,True
0.75,0.9,0.1,2.0,0.6743638040951212,0.5900070374379769,0.6010538417125229,0.9368626738208133,0.5,0.5937548669234421,0.6029995250858138,-0.028827303688349487,0.022228574865141806,0.022735960857981866,-0.015945548490154615,0.04586358162815994,0.02222857486514171,False,True
0.75,0.9,0.2,0.25,0.6520333205425992,0.924975724367173,0.9567552795616325,0.99796906211513,0.55,0.9381020112525361,0.963461113105495,-0.012501371917545273,0.24690991393504835,0.24943186390363994,0.4467908744828236,0.5847167304065135,0.2469099139350484,False,True
0.75,0.9,0.2,0.5,0.6520333205425992,0.7783329449734686,0.8189967011727431,0.985185515469262,0.55,0.8111357546057018,0.8430643469779455,-0.012501371917545273,0.14290195274598125,0.1455450489612017,0.08842885060150124,0.2535869208224114,0.14290195274598125,False,True
0.75,0.9,0.2,1.0,0.6520333205425992,0.6520333205425992,0.6758361712147526,0.9607296994499495,0.55,0.696021111967724,0.7141286474056032,-0.012501371917545273,0.0695802522683005,0.07085769410845667,-5.551115123125783e-17,0.10671272475829661,0.06958025226830053,False,True
0.75,0.9,0.2,2.0,0.6520333205425992,0.577859965212778,0.5890060718347376,0.9368626738208133,0.55,0.6258034390606899,0.6340165889888388,-0.012501371917545273,0.029046090336592667,0.029557942793681763,-0.011979682515885659,0.04586358162815994,0.0290460903365925,False,True
0.75,0.9,0.4,0.25,0.6053933435843194,0.8470897828589441,0.9086010806319123,0.99796906211513,0.65,0.9065334829834719,0.9433153360222583,0.013281363791610767,0.18329754717642832,0.18812497457617144,0.23788262051166814,0.5847167304065135,0.18329754717642838,False,True
0.75,0.9,0.4,0.5,0.6053933435843194,0.701819633485712,0.7520479676756874,0.985185515469262,0.65,0.8106946839877849,0.840087577621908,0.013281363791610767,0.11072227283150253,0.11396775829762008,0.043472265834649915,0.2535869208224114,0.11072227283150247,False,True
0.75,0.9,0.4,1.0,0.6053933435843194,0.6053933435843194,0.6305790312514657,0.9607296994499495,0.65,0.7394620275970354,0.7535843906730747,0.013281363791610767,0.06460317324441822,0.06595263171607461,0.0,0.10671272475829661,0.06460317324441837,False,True
0.75,0.9,0.4,2.0,0.6053933435843194,0.553295390002344,0.5646013973359462,0.9368626738208133,0.65,0.6970436424893881,0.7031134158167435,0.013281363791610767,0.039454680353834225,0.03997368167629621,-0.00564876810694015,0.04586358162815994,0.039454680353833885,False,True
0.75,0.9,0.6,0.25,0.5567516233292691,0.7134002043460539,0.8170776649533861,0.99796906211513,0.75,0.8839112102363412,0.9251716319967194,0.02952218419204282,0.12293676693849863,0.13090879277098033,0.07461003279743134,0.5847167304065135,0.12293676693849863,False,True
0.75,0.9,0.6,0.5,0.5567516233292691,0.6120595844881248,0.670304989234479,0.985185515469262,0.75,0.8357564865489606,0.8581917727999009,0.02952218419204282,0.08400550631718455,0.08774222474620326,0.012800707244180975,0.2535869208224114,0.08400550631718455,False,True
0.75,0.9,0.6,1.0,0.5567516233292691,0.5567516233292691,0.5829029224278117,0.9607296994499495,0.75,0.8008368457518387,0.8102703960158817,0.02952218419204282,0.05941248273907106,0.06081128797582716,0.0,0.10671272475829661,0.059412482739071126,False,True
0.75,0.9,0.6,2.0,0.5567516233292691,0.5284677964476018,0.5398796233207047,0.9368626738208133,0.75,0.7780210749395324,0.7818652934531862,0.02952218419204282,0.04523843296021532,0.04576209367253459,-0.0016182094401208102,0.04586358162815994,0.045238432960215166,False,True
0.75,0.9,0.8,0.25,0.5069967780549285,0.5279597411789451,0.6674496073532467,0.99796906211513,0.8500000000000001,0.9045196947957426,0.9321343727768341,0.03590761098468348,0.07747028998718083,0.08786178422906304,0.0011742663003014853,0.5847167304065135,0.07747028998718083,False,True
0.75,0.9,0.8,0.5,0.5069967780549285,0.513990816433603,0.5767790300269413,0.985185515469262,0.8500000000000001,0.8951836542877236,0.9068111219874002,0.03590761098468348,0.06526857445641832,0.06926444504952074,0.0001958004424420512,0.2535869208224114,0.06526857445641837,False,True
0.75,0.9,0.8,1.0,0.5069967780549285,0.5069967780549285,0.5336245894810998,0.9607296994499495,0.8500000000000001,0.8814894397588614,0.8857693198863998,0.03590761098468348,0.054103007629918716,0.05552479763243705,0.0,0.10671272475829661,0.05410300762991878,False,True
0.75,0.9,0.8,2.0,0.5069967780549285,0.5034985603075307,0.5149600462757139,0.9368626738208133,0.8500000000000001,0.8689101592286188,0.870478808844184,0.03590761098468348,0.04613553614223606,0.046661275114074474,-2.4479249207454146e-05,0.04586358162815994,0.04613553614223598,False,True
0.75,0.95,0.1,0.25,0.6743638040951212,0.9484342980454387,0.9720684736972646,0.9990369473702875,0.525,0.9526774760960526,0.9739254732276833,-0.0038273036883495204,0.2903180985607674,0.2923857144435663,0.5564421229892225,0.6377144653038164,0.2903180985607674,False,True
0.75,0.95,0.1,0.5,0.6743638040951212,0.8109167308269601,0.8526834077217589,0.9929274673668681,0.525,0.8240898227027378,0.8613844357227408,-0.0038273036883495204,0.17895015569297953,0.1821847655813552,0.11476599537654789,0.2998264886722299,0.17895015569297956,False,True
0.75,0.95,0.1,1.0,0.6743638040951212,0.6743638040951211,0.7043051537235255,0.981005693354874,0.525,0.6941183508002526,0.7204968502896056,-0.0038273036883495204,0.09433997748360577,0.0964527969198401,1.6653345369377348e-16,0.1398947821794699,0.09433997748360586,False,True
0.75,0.95,0.1,2.0,0.6743638040951212,0.5900070374379769,0.6059048144624068,0.9690648656695329,0.525,0.6127543867351145,0.6265705861892948,-0.0038273036883495204,0.04615027197030941,0.04720395759763302,-0.015945548490154615,0.06613596448739187,0.04615027197030943,False,True
0.75,0.95,0.2,0.25,0.6520333205425992,0.924975724367173,0.9588957256720437,0.9990369473702875,0.575,0.9390897791899664,0.9661931134874064,0.012498628082454666,0.25916531849166136,0.26212262410253745,0.4467908744828236,0.6377144653038164,0.25916531849166136,False,True
0.75,0.95,0.2,0.5,0.6520333205425992,0.7783329449734686,0.8257504823844174,0.9929274673668681,0.575,0.8171615708260084,0.8547602386740456,0.012498628082454666,0.16089684225540613,0.16455853664851403,0.08842885060150124,0.2998264886722299,0.16089684225540613,False,True
0.75,0.95,0.2,1.0,0.6520333205425992,0.6520333205425992,0.6830629224852253,0.981005693354874,0.575,0.7092417356008536,0.7334760313805798,0.012498628082454666,0.09121605935106337,0.09340346597408027,-5.551115123125783e-17,0.1398947821794699,0.09121605935106335,False,True
0.75,0.95,0.2,2.0,0.6520333205425992,0.577859965212778,0.5939045616699508,0.9690648656695329,0.575,0.6444117965221661,0.6567511319412235,0.012498628082454666,0.05247528724422432,0.053538421415622706,-0.011979682515885659,0.06613596448739187,0.052475287244224275,False,True
0.75,0.95,0.4,0.25,0.6053933435843194,0.8470897828589441,0.9129080115007546,0.9990369473702875,0.675,0.9074380776723815,0.9468656284392913,0.038281363791610734,0.19452100711297135,0.20019216361287737,0.23788262051166814,0.6377144653038164,0.19452100711297138,False,True
0.75,0.95,0.4,0.5,0.6053933435843194,0.701819633485712,0.7605695107870528,0.9929274673668681,0.675,0.8161281378310268,0.850962553787425,0.038281363791610734,0.1269481911119512,0.13145384210574945,0.043472265834649915,0.2998264886722299,0.12694819111195116,False,True
0.75,0.95,0.4,1.0,0.6053933435843194,0.6053933435843194,0.6382747116507971,0.981005693354874,0.675,0.7517369793416331,0.7708412413935536,0.038281363791610734,0.08469136993362926,0.08700441044064564,0.0,0.1398947821794699,0.08469136993362934,False,True
0.75,0.95,0.4,2.0,0.6053933435843194,0.553295390002344,0.5695782013086287,0.9690648656695329,0.675,0.7148609667872556,0.724126942615989,0.038281363791610734,0.06188791231458526,0.06296625047167564,-0.00564876810694015,0.06613596448739187,0.06188791231458503,False,True
0.75,0.95,0.6,0.25,0.5567516233292691,0.7134002043460539,0.8248660965837002,0.9990369473702875,0.7749999999999999,0.8846730397955888,0.9291520491700045,0.054522184192042786,0.13238891566490207,0.14178649786887101,0.07461003279743134,0.6377144653038164,0.13238891566490207,False,True
0.75,0.95,0.6,0.5,0.5567516233292691,0.6120595844881248,0.6804421241879712,0.9929274673668681,0.7749999999999999,0.8404950224105364,0.8673644005469114,0.054522184192042786,0.09815619165971974,0.10335703222093826,0.012800707244180975,0.2998264886722299,0.09815619165971974,False,True
0.75,0.95,0.6,1.0,0.5567516233292691,0.5567516233292691,0.5909475121136714,0.981005693354874,0.7749999999999999,0.8121255382730198,0.8251543665892072,0.054522184192042786,0.07788664707371436,0.08028680256489812,0.0,0.1398947821794699,0.07788664707371437,False,True
0.75,0.95,0.6,2.0,0.5567516233292691,0.5284677964476018,0.5449112380021055,0.9690648656695329,0.7749999999999999,0.7950388963066082,0.8011075928550659,0.054522184192042786,0.06666503595693607,0.06775341855818792,-0.0016182094401208102,0.06613596448739187,0.06666503595693604,False,True
0.75,0.95,0.8,0.25,0.5069967780549285,0.5279597411789451,0.6791068380145625,0.9990369473702875,0.875,0.9050834952186643,0.9351673519767068,0.06090761098468344,0.08446545758704341,0.09678257583411955,0.0011742663003014853,0.6377144653038164,0.08446545758704341,False,True
0.75,0.95,0.8,0.5,0.5069967780549285,0.513990816433603,0.5880244115836165,0.9929274673668681,0.875,0.8991629464643638,0.9134460604767202,0.06090761098468344,0.07715193107175092,0.08272961210700569,0.0001958004424420512,0.2998264886722299,0.07715193107175097,False,True
0.75,0.95,0.8,1.0,0.5069967780549285,0.5069967780549285,0.5418726283833253,0.981005693354874,0.875,0.8917693033405195,0.8980820308105519,0.06090761098468344,0.07092620383168725,0.0733684599898912,0.0,0.1398947821794699,0.07092620383168727,False,True
0.75,0.95,0.8,2.0,0.5069967780549285,0.5034985603075307,0.5200218964798164,0.9690648656695329,0.875,0.8851239164631959,0.887917432073576,0.06090761098468344,0.06654976730948864,0.06764283743879684,-2.4479249207454146e-05,0.06613596448739187,0.06654976730948868,False,True
0.75,0.99,0.1,0.25,0.6743638040951212,0.9484342980454387,0.9731464002695045,0.9998150277676352,0.545,0.953415434231534,0.9756517551804784,0.016172696311650497,0.29991256216410467,0.302224750881344,0.5564421229892225,0.6781788965168576,0.2999125621641046,False,True
0.75,0.99,0.1,0.5,0.6743638040951212,0.8109167308269601,0.8570885160167376,0.998634843137919,0.545,0.8287180292045995,0.8702096041460128,0.016172696311650497,0.19334854442744595,0.19736402278248066,0.11476599537654789,0.335337875198398,0.19334854442744598,False,True
0.75,0.99,0.1,1.0,0.6743638040951212,0.6743638040951211,0.7096446287550238,0.9962978032414466,0.545,0.7044307961960022,0.7360529218352196,0.016172696311650497,0.11172171099096277,0.11467520387912071,1.6653345369377348e-16,0.1656697917541315,0.1117217109909628,False,True
0.75,0.99,0.1,2.0,0.6743638040951212,0.5900070374379769,0.6097014721985029,0.9939107340081471,0.545,0.6274136239061543,0.6450186905388117,0.016172696311650497,0.06494448737813799,0.06656508873000969,-0.015945548490154615,0.08206307570409857,0.06494448737813799,False,True
0.75,0.99,0.2,0.25,0.6520333205425992,0.924975724367173,0.9604613342807562,0.9998150277676352,0.595,0.9398094846691191,0.968191408747503,0.032498628082454684,0.26852247263475854,0.271830884666582,0.4467908744828236,0.6781788965168576,0.26852247263475854,False,True
0.75,0.99,0.2,0.5,0.6520333205425992,0.7783329449734686,0.8308011398696199,0.998634843137919,0.595,0.8216038094179606,0.8635067380185781,0.032498628082454684,0.17471668328290793,0.17926532212787757,0.08842885060150124,0.335337875198398,0.17471668328290793,False,True
0.75,0.99,0.2,1.0,0.6520333205425992,0.6520333205425992,0.6886163906871251,0.9962978032414466,0.595,0.7192127007882978,0.7483437191802114,0.032498628082454684,0.1080222244310473,0.11108110396571834,-5.551115123125783e-17,0.1656697917541315,0.10802222443104723,False,True
0.75,0.99,0.2,2.0,0.6520333205425992,0.577859965212778,0.5977400755614041,0.9939107340081471,0.595,0.658769229135999,0.6745522621350396,0.032498628082454684,0.07088256711147668,0.07251790916112753,-0.011979682515885659,0.08206307570409857,0.07088256711147661,False,True
0.75,0.99,0.4,0.25,0.6053933435843194,0.8470897828589441,0.9160719214023082,0.9998150277676352,0.6950000000000001,0.9080971816272175,0.9494737049730764,0.05828136379161075,0.20309025867541286,0.20944333216759448,0.23788262051166814,0.6781788965168576,0.20309025867541286,False,True
0.75,0.99,0.4,0.5,0.6053933435843194,0.701819633485712,0.7669763031337855,0.998634843137919,0.6950000000000001,0.8201336862028309,0.8591387389169947,0.05828136379161075,0.13940948525013358,0.14501533716133347,0.043472265834649915,0.335337875198398,0.13940948525013352,False,True
0.75,0.99,0.4,1.0,0.6053933435843194,0.6053933435843194,0.6442041874359726,0.9962978032414466,0.6950000000000001,0.7609947208763239,0.7841375418070116,0.05828136379161075,0.10029538916095151,0.10353245612375947,0.0,0.1656697917541315,0.10029538916095157,False,True
0.75,0.99,0.4,2.0,0.6053933435843194,0.553295390002344,0.5734784693120157,0.9939107340081471,0.6950000000000001,0.7286080711996161,0.7405950186469679,0.05828136379161075,0.07951270673910213,0.0811718647817013,-0.00564876810694015,0.08206307570409857,0.07951270673910188,False,True
0.75,0.99,0.6,0.25,0.5567516233292691,0.7134002043460539,0.8306350470248043,0.9998150277676352,0.7949999999999999,0.8852281225100542,0.9321003743909931,0.0745221841920428,0.13960574903893475,0.15016024088585495,0.07461003279743134,0.6781788965168576,0.13960574903893475,False,True
0.75,0.99,0.6,0.5,0.5567516233292691,0.6120595844881248,0.6881137785680586,0.998634843137919,0.7949999999999999,0.8439882764534834,0.8743061281805187,0.0745221841920428,0.10902373390062157,0.11550701020223961,0.012800707244180975,0.335337875198398,0.10902373390062156,False,True
0.75,0.99,0.6,1.0,0.5567516233292691,0.5567516233292691,0.5971631531573491,0.9962978032414466,0.7949999999999999,0.8206394452764987,0.836654445772993,0.0745221841920428,0.09223692549573469,0.0955986491843292,0.0,0.1656697917541315,0.09223692549573466,False,True
0.75,0.99,0.6,2.0,0.5567516233292691,0.5284677964476018,0.548857983951897,0.9939107340081471,0.7949999999999999,0.8081691375983429,0.8162010513247235,0.0745221841920428,0.08349896669387381,0.08517401824847276,-0.0016182094401208102,0.08206307570409857,0.08349896669387376,False,True
0.75,0.99,0.8,0.25,0.5069967780549285,0.5279597411789451,0.6878602425665962,0.9998150277676352,0.895,0.9054942903438644,0.9374448134686966,0.08090761098468345,0.08980635524459107,0.1036968785887892,0.0011742663003014853,0.6781788965168576,0.08980635524459106,False,True
0.75,0.99,0.8,0.5,0.5069967780549285,0.513990816433603,0.5965994000431815,0.998634843137919,0.895,0.9020964851966196,0.9185054282437539,0.08090761098468345,0.08627819434838813,0.09324660381106764,0.0001958004424420512,0.335337875198398,0.08627819434838817,False,True
0.75,0.99,0.8,1.0,0.5069967780549285,0.5069967780549285,0.5482639372475296,0.9962978032414466,0.895,0.8995223537826738,0.9076230064781964,0.08090761098468345,0.08399405064037564,0.08741763209287226,0.0,0.1656697917541315,0.08399405064037563,False,True
0.75,0.99,0.8,2.0,0.5069967780549285,0.5034985603075307,0.5239959381874145,0.9939107340081471,0.895,0.8976337754012786,0.9016084369912092,0.08090761098468345,0.08258832244442814,0.08427103299960778,-2.4479249207454146e-05,0.08206307570409857,0.08258832244442815,False,True
0.9,0.01,0.1,0.25,0.6973481531849405,0.9657363769385745,0.5072918806229635,0.3554609871366471,0.055,0.34670796816649735,0.22959328459034836,-0.5470249739552218,-0.630953236292435,-0.4983521865413626,0.6724239633578053,-3.3096370654067657,-0.630953236292435,False,False
0.9,0.01,0.1,0.5,0.6973481531849405,0.8414962530747949,0.4655378598775485,0.06945315965638055,0.055,0.07429494830757026,0.08577928932041025,-0.5470249739552218,-0.6880999934925265,-0.5353513725599655,0.14477991756717412,-1.8074707985860008,-0.6880999934925265,False,True
0.9,0.01,0.1,1.0,0.6973481531849405,0.6973481531849405,0.4792711039909036,0.026723630989395227,0.055,0.048900859398356554,0.06488075372784262,-0.5470249739552218,-0.6399318540562919,-0.5426464287061866,5.551115123125783e-17,-0.9176648007649899,-0.639931854056292,True,True
0.9,0.01,0.1,2.0,0.6973481531849405,0.602849153766994,0.4891182838452541,0.016380946025790093,0.055,0.04959032407285097,0.059100391823370776,-0.5470249739552218,-0.5971288716496336,-0.5450849534585306,-0.02072056239650022,-0.46088457069594796,-0.5971288716496335,True,True
0.9,0.01,0.2,0.25,0.6758361712147525,0.9497317855571755,0.4083403806292568,0.3554609871366471,0.10500000000000001,0.3476462408977689,0.2634809986603785,-0.528359066026002,-0.6448671607728428,-0.4754399169823999,0.5637988765836072,-3.3096370654067657,-0.6448671607728428,False,False
0.9,0.01,0.2,0.5,0.6758361712147525,0.8129666778871638,0.41627898780843386,0.06945315965638055,0.10500000000000001,0.09386976889718171,0.1456560934401689,-0.528359066026002,-0.676405179115591,-0.5107665917319886,0.11660317227333836,-1.8074707985860008,-0.676405179115591,True,True
0.9,0.01,0.2,1.0,0.6758361712147525,0.6758361712147525,0.454386389775656,0.026723630989395227,0.10500000000000001,0.08289356220587829,0.12126557625183695,-0.528359066026002,-0.6201910654075594,-0.5206620192477811,5.551115123125783e-17,-0.9176648007649899,-0.6201910654075594,True,True
0.9,0.01,0.2,2.0,0.6758361712147525,0.5908186912861696,0.4766335980407797,0.016380946025790093,0.10500000000000001,0.09151443083575277,0.11248098963542823,-0.528359066026002,-0.5770580177753167,-0.5247064614517115,-0.016229789995090393,-0.46088457069594796,-0.5770580177753168,True,True
0.9,0.01,0.4,0.25,0.6305790312514657,0.8946181591405886,0.2367049166713211,0.3554609871366471,0.20500000000000002,0.3601545903022483,0.3894573966715572,-0.4976712679244639,-0.6536321813889893,-0.4084304176809824,0.3463326933217041,-3.3096370654067657,-0.6536321813889893,False,True
0.9,0.01,0.4,0.5,0.6305790312514657,0.7444834287528302,0.32342687920121865,0.06945315965638055,0.20500000000000002,0.15391335493756786,0.29309226699783963,-0.4976712679244639,-0.6398268802897374,-0.4538874830563838,0.06597829692244728,-1.8074707985860008,-0.6398268802897373,True,True
0.9,0.01,0.4,1.0,0.6305790312514657,0.6305790312514657,0.405412423768382,0.026723630989395227,0.20500000000000002,0.16461974884022818,0.2486691225039498,-0.4976712679244639,-0.5786601810799565,-0.475931185518377,-5.551115123125783e-17,-0.9176648007649899,-0.5786601810799566,True,True
0.9,0.01,0.4,2.0,0.6305790312514657,0.5664424228473025,0.4517670198565694,0.016380946025790093,0.20500000000000002,0.18270189361645844,0.2266935632258747,-0.4976712679244639,-0.5396334301738706,-0.48685575677226534,-0.008752142208983571,-0.46088457069594796,-0.5396334301738703,True,True
0.9,0.01,0.6,0.25,0.5829029224278116,0.7922936279587294,0.12229972064117713,0.3554609871366471,0.305,0.4062532983210477,0.5700929470409427,-0.4762891037837845,-0.6172195209911693,-0.3219633711490141,0.15332627381313185,-3.3096370654067657,-0.6172195209911692,False,True
0.9,0.01,0.6,0.5,0.5829029224278116,0.6613695414885818,0.24267535238902774,0.06945315965638055,0.305,0.24911247946372456,0.4712493585607268,-0.4762891037837845,-0.5841428311852943,-0.3888810657145008,0.027120470944235586,-1.8074707985860008,-0.5841428311852943,True,True
0.9,0.01,0.6,1.0,0.5829029224278116,0.5829029224278115,0.3582510613152953,0.026723630989395227,0.305,0.26583552914491393,0.39462313237497193,-0.4762891037837845,-0.5349094941750479,-0.430878171328389,1.1102230246251565e-16,-0.9176648007649899,-0.534909494175048,True,True
0.9,0.01,0.6,2.0,0.5829029224278116,0.5417403374032309,0.42713897027148806,0.016380946025790093,0.305,0.28383001678505715,0.350713558254636,-0.4762891037837845,-0.5063043773261704,-0.45335921950844826,-0.003472425830319037,-0.46088457069594796,-0.5063043773261702,True,True
0.9,0.01,0.8,0.25,0.5336245894810998,0.6315347718685208,0.058920950998603915,0.3554609871366471,0.405,0.519258155924685,0.7738073386061106,-0.46461718664775353,-0.5158394709623436,-0.22772194738523321,0.026793005219888255,-3.3096370654067657,-0.5158394709623436,False,True
0.9,0.01,0.8,0.5,0.5336245894810998,0.5669464169999859,0.1768163833197766,0.06945315965638055,0.405,0.38581908641652424,0.6708273498447509,-0.46461718664775353,-0.5101134182889936,-0.3189027786015768,0.004512256512449131,-1.8074707985860008,-0.5101134182889936,True,True
0.9,0.01,0.8,1.0,0.5336245894810998,0.5336245894810998,0.3136816138888081,0.026723630989395227,0.405,0.3873607150312806,0.557437420586676,-0.46461718664775353,-0.4896885025894729,-0.3863507279768293,1.1102230246251565e-16,-0.9176648007649899,-0.4896885025894729,True,True
0.9,0.01,0.8,2.0,0.5336245894810998,0.5168313460435527,0.40286691527107765,0.016380946025790093,0.405,0.3950011095491337,0.48430580897777,-0.46461718664775353,-0.47753172136528255,-0.42468101188953455,-0.0005662676391495758,-0.46088457069594796,-0.47753172136528255,True,True
0.9,0.05,0.1,0.25,0.6973481531849405,0.9657363769385745,0.7115425470321863,0.7418413371607369,0.07500000000000001,0.7198495275190201,0.556697419833895,-0.5270249739552217,-0.4200079161053894,-0.3645098489391013,0.6724239633578053,-2.435919039558961,-0.4200079161053895,False,False
0.9,0.05,0.1,0.5,0.6973481531849405,0.8414962530747949,0.5192946911682137,0.280004562165074,0.07500000000000001,0.2514731645982788,0.19347541351838166,-0.5270249739552217,-0.5975194099834731,-0.4823481341438144,0.14477991756717412,-1.592186219057392,-0.5975194099834731,False,False
0.9,0.05,0.1,1.0,0.6973481531849405,0.6973481531849405,0.4956056413673557,0.1251609979983354,0.07500000000000001,0.11754597548642919,0.11246993255040777,-0.5270249739552217,-0.5943355709723251,-0.5107752952484905,5.551115123125783e-17,-0.8522795511221553,-0.594335570972325,False,False
0.9,0.05,0.1,2.0,0.6973481531849405,0.602849153766994,0.4954804030999678,0.07984616815180759,0.07500000000000001,0.08785027952515492,0.09001417127184866,-0.5270249739552217,-0.5664379916037496,-0.5200221435938212,-0.02072056239650022,-0.43542971200193836,-0.5664379916037493,False,True
0.9,0.05,0.2,0.25,0.6758361712147525,0.9497317855571755,0.6231376914358968,0.7418413371607369,0.125,0.7146039406303542,0.537641759962881,-0.508359066026002,-0.43741771558236114,-0.3626770142861089,0.5637988765836072,-2.435919039558961,-0.43741771558236126,False,False
0.9,0.05,0.2,0.5,0.6758361712147525,0.8129666778871638,0.4693427823229709,0.280004562165074,0.125,0.26504104311915727,0.23754956380508693,-0.508359066026002,-0.588895584405737,-0.4631131526612544,0.11660317227333836,-1.592186219057392,-0.588895584405737,False,False
0.9,0.05,0.2,1.0,0.6758361712147525,0.6758361712147525,0.47063934527204243,0.1251609979983354,0.125,0.1494210954296618,0.16477782109712352,-0.508359066026002,-0.5760013486350254,-0.4904209341361481,5.551115123125783e-17,-0.8522795511221553,-0.5760013486350253,False,True
0.9,0.05,0.2,2.0,0.6758361712147525,0.5908186912861696,0.48298685044389295,0.07984616815180759,0.125,0.12901087031443248,0.1419672791868764,-0.508359066026002,-0.5469796051743787,-0.5002794862405839,-0.016229789995090393,-0.43542971200193836,-0.5469796051743787,False,True
0.9,0.05,0.4,0.25,0.6305790312514657,0.8946181591405886,0.42626353631305314,0.7418413371607369,0.225,0.7058174677688958,0.5457144972361184,-0.4776712679244639,-0.458221178416011,-0.3370617854174043,0.3463326933217041,-2.435919039558961,-0.4582211784160111,False,False
0.9,0.05,0.4,0.5,0.6305790312514657,0.7444834287528302,0.37220173127542616,0.280004562165074,0.225,0.31066538500595725,0.3553374902926878,-0.4776712679244639,-0.5596889793272025,-0.41647666207226985,0.06597829692244728,-1.592186219057392,-0.5596889793272025,False,True
0.9,0.05,0.4,1.0,0.6305790312514657,0.6305790312514657,0.421266148466953,0.1251609979983354,0.225,0.22669228836767066,0.28421963217825763,-0.4776712679244639,-0.5374296137020428,-0.4489058721947301,-5.551115123125783e-17,-0.8522795511221553,-0.5374296137020428,False,True
0.9,0.05,0.4,2.0,0.6305790312514657,0.5664424228473025,0.45807892454283033,0.07984616815180759,0.225,0.21865128780406204,0.25334427701871387,-0.4776712679244639,-0.5107960065101297,-0.46369581827754536,-0.008752142208983571,-0.43542971200193836,-0.5107960065101294,True,True
0.9,0.05,0.6,0.25,0.5829029224278116,0.7922936279587294,0.25028133765104127,0.7418413371607369,0.325,0.7123799876135974,0.6355002395988016,-0.45628910378378446,-0.44415921486319515,-0.2825615840003288,0.15332627381313185,-2.435919039558961,-0.44415921486319526,False,False
0.9,0.05,0.6,0.5,0.5829029224278116,0.6613695414885818,0.28439120056192024,0.280004562165074,0.325,0.388364764000677,0.5089961132597882,-0.45628910378378446,-0.5129514993590953,-0.3605518786459648,0.027120470944235586,-1.592186219057392,-0.5129514993590953,False,True
0.9,0.05,0.6,1.0,0.5829029224278116,0.5829029224278115,0.37341877888656605,0.1251609979983354,0.325,0.3232149580505242,0.4226861997048227,-0.45628910378378446,-0.4967962410745676,-0.4069594139339953,1.1102230246251565e-16,-0.8522795511221553,-0.49679624107456755,True,True
0.9,0.05,0.6,2.0,0.5829029224278116,0.5417403374032309,0.4333787878464929,0.07984616815180759,0.325,0.31821168763297686,0.3745763628599218,-0.45628910378378446,-0.478724529851282,-0.4314549555636867,-0.003472425830319037,-0.43542971200193836,-0.47872452985128156,True,True
0.9,0.05,0.8,0.25,0.5336245894810998,0.6315347718685208,0.1304356447659288,0.7418413371607369,0.42500000000000004,0.7632707821316278,0.7924140373138366,-0.4446171866477535,-0.3778936424295416,-0.20796324832362278,0.026793005219888255,-2.435919039558961,-0.37789364242954165,False,True
0.9,0.05,0.8,0.5,0.5336245894810998,0.5669464169999859,0.21035566553020332,0.280004562165074,0.42500000000000004,0.5051904496631499,0.6906160136015648,-0.4446171866477535,-0.44908600778944713,-0.2981044547138703,0.004512256512449131,-1.592186219057392,-0.4490860077894471,False,True
0.9,0.05,0.8,1.0,0.5336245894810998,0.5336245894810998,0.32792657151981736,0.1251609979983354,0.42500000000000004,0.4398893145910267,0.5787023597457389,-0.4446171866477535,-0.45479732559069613,-0.36537669135103606,1.1102230246251565e-16,-0.8522795511221553,-0.454797325590696,False,True
0.9,0.05,0.8,2.0,0.5336245894810998,0.5168313460435527,0.40900531332345513,0.07984616815180759,0.42500000000000004,0.4278019257274764,0.5054532563638434,-0.4446171866477535,-0.45121998360093596,-0.40401504374470487,-0.0005662676391495758,-0.43542971200193836,-0.4512199836009358,False,True
0.9,0.1,0.1,0.25,0.6973481531849405,0.9657363769385745,0.8099983246226027,0.8584864497582141,0.1,0.8324979559464998,0.7143727535530993,-0.5020249739552217,-0.2879165049005162,-0.2601311718240201,0.6724239633578053,-1.8888073666048628,-0.2879165049005162,False,False
0.9,0.1,0.1,0.5,0.6973481531849405,0.8414962530747949,0.5729821400370642,0.4508530603792839,0.1,0.39524153568899223,0.3010325373746754,-0.5020249739552217,-0.5062963358508912,-0.42313384422662925,0.14477991756717412,-1.3753746199581538,-0.5062963358508912,False,False
0.9,0.1,0.1,1.0,0.6973481531849405,0.6973481531849405,0.5146370863175307,0.231969316684074,0.1,0.19202855926671758,0.16791630462160734,-0.5020249739552217,-0.541237414350841,-0.4723137622858372,5.551115123125783e-17,-0.7761365852607371,-0.5412374143508412,False,False
0.9,0.1,0.1,2.0,0.6973481531849405,0.602849153766994,0.5032136366157297,0.15482809896025468,0.1,0.13305307306084255,0.12759024706651687,-0.5020249739552217,-0.5291413982479112,-0.4891289397870244,-0.02072056239650022,-0.4044961085268527,-0.529141398247911,False,False
0.9,0.1,0.2,0.25,0.6758361712147525,0.9497317855571755,0.7407747627273882,0.8584864497582141,0.15000000000000002,0.825385511694074,0.6877901435788413,-0.48335906602600204,-0.307515379068894,-0.2691313728602628,0.5637988765836072,-1.8888073666048628,-0.307515379068894,False,False
0.9,0.1,0.2,0.5,0.6758361712147525,0.8129666778871638,0.5234898726181929,0.4508530603792839,0.15000000000000002,0.40393517913437454,0.3313190366238352,-0.48335906602600204,-0.5007652816821812,-0.4092995050925555,0.11660317227333836,-1.3753746199581538,-0.5007652816821813,False,False
0.9,0.1,0.2,1.0,0.6758361712147525,0.6758361712147525,0.48964275146521696,0.231969316684074,0.15000000000000002,0.2216060205841165,0.21565354418365285,-0.48335906602600204,-0.5245411781223088,-0.45386193541855285,5.551115123125783e-17,-0.7761365852607371,-0.5245411781223089,False,False
0.9,0.1,0.2,2.0,0.6758361712147525,0.5908186912861696,0.490714748471054,0.15482809896025468,0.15000000000000002,0.1733115965447893,0.17783348194332205,-0.48335906602600204,-0.5104273029305477,-0.4701594194893274,-0.016229789995090393,-0.4044961085268527,-0.5104273029305477,False,True
0.9,0.1,0.4,0.25,0.6305790312514657,0.8946181591405886,0.5621763259828625,0.8584864497582141,0.25,0.8101703036735975,0.6577502278379991,-0.452671267924464,-0.3358571689903803,-0.2694733079654069,0.3463326933217041,-1.8888073666048628,-0.33585716899038026,False,False
0.9,0.1,0.4,0.5,0.6305790312514657,0.7444834287528302,0.4240984041605498,0.4508530603792839,0.25,0.437859260753744,0.42156670175353445,-0.452671267924464,-0.4789826579818099,-0.3733356214856036,0.06597829692244728,-1.3753746199581538,-0.47898265798180995,False,False
0.9,0.1,0.4,1.0,0.6305790312514657,0.6305790312514657,0.4399327673024649,0.231969316684074,0.25,0.29404337449412155,0.32607779649710056,-0.452671267924464,-0.4894154560525362,-0.4161200044134911,-5.551115123125783e-17,-0.7761365852607371,-0.4894154560525363,False,True
0.9,0.1,0.4,2.0,0.6305790312514657,0.5664424228473025,0.4657673204343498,0.15482809896025468,0.25,0.2611242343609676,0.28580694060692224,-0.452671267924464,-0.47575179591047906,-0.43511801824276486,-0.008752142208983571,-0.4044961085268527,-0.4757517959104788,False,True
0.9,0.1,0.6,0.25,0.5829029224278116,0.7922936279587294,0.36586424412453783,0.8584864497582141,0.35,0.8047971670571072,0.6945709495572243,-0.4312891037837845,-0.33579094179735214,-0.2407028435537521,0.15332627381313185,-1.8888073666048628,-0.3357909417973522,False,False
0.9,0.1,0.6,0.5,0.5829029224278116,0.6613695414885818,0.33048964772983297,0.4508530603792839,0.35,0.5013587569286218,0.5507084804647668,-0.4312891037837845,-0.4412552054162605,-0.3272583684229406,0.027120470944235586,-1.3753746199581538,-0.4412552054162605,False,True
0.9,0.1,0.6,1.0,0.5829029224278116,0.5829029224278115,0.39139910940546285,0.231969316684074,0.35,0.38547383915204225,0.4559531183162625,-0.4312891037837845,-0.4524122837516258,-0.3778437061729441,1.1102230246251565e-16,-0.7761365852607371,-0.45241228375162584,False,True
0.9,0.1,0.6,2.0,0.5829029224278116,0.5417403374032309,0.4409899719225307,0.15482809896025468,0.35,0.3588324241282907,0.4036836558597831,-0.4312891037837845,-0.44520856828390054,-0.4044077315591592,-0.003472425830319037,-0.4044961085268527,-0.44520856828390015,False,True
0.9,0.1,0.8,0.25,0.5336245894810998,0.6315347718685208,0.20587025562653574,0.8584864497582141,0.45,0.8369362267054535,0.8120406203624122,-0.4196171866477536,-0.29151363103812383,-0.1852768755196424,0.026793005219888255,-1.8888073666048628,-0.29151363103812383,False,False
0.9,0.1,0.8,0.5,0.5336245894810998,0.5669464169999859,0.24862272693830623,0.4508530603792839,0.45,0.6020523935755246,0.7131941357693334,-0.4196171866477536,-0.3876257281527717,-0.27326708071539274,0.004512256512449131,-1.3753746199581538,-0.38762572815277174,False,True
0.9,0.1,0.8,1.0,0.5336245894810998,0.5336245894810998,0.3449222455502547,0.231969316684074,0.45,0.49688485980287045,0.6040735811692253,-0.4196171866477536,-0.4141655666910234,-0.3397630258990286,1.1102230246251565e-16,-0.7761365852607371,-0.4141655666910234,False,True
0.9,0.1,0.8,2.0,0.5336245894810998,0.5168313460435527,0.41650308975928907,0.15482809896025468,0.45,0.4665549379561506,0.5312839097910718,-0.4196171866477536,-0.4192450717569237,-0.3784793027939708,-0.0005662676391495758,-0.4044961085268527,-0.4192450717569236,False,True
0.9,0.25,0.1,0.25,0.6973481531849405,0.9657363769385745,0.9061235482327102,0.9479149938275157,0.175,0.9188623540908788,0.8683157428067051,-0.42702497395522165,-0.0906173358775362,-0.083867843065327,0.6724239633578053,-1.071610567418622,-0.09061733587753618,False,False
0.9,0.25,0.1,0.5,0.6973481531849405,0.8414962530747949,0.6801494271163152,0.711234594227594,0.175,0.6143516207922131,0.5157308590975714,-0.42702497395522165,-0.31257132444089364,-0.27864788824194375,0.14477991756717412,-0.914944735209092,-0.3125713244408936,False,False
0.9,0.25,0.1,1.0,0.6973481531849405,0.6973481531849405,0.5639906584187007,0.47536688641867175,0.175,0.3617614050108421,0.3117034174198443,-0.42702497395522165,-0.4025983666693714,-0.3650805442977205,5.551115123125783e-17,-0.5773276444923777,-0.4025983666693714,False,False
0.9,0.25,0.1,2.0,0.6973481531849405,0.602849153766994,0.5250534573731668,0.35466124439244345,0.175,0.25352231567923417,0.2337107668272054,-0.42702497395522165,-0.423711398596156,-0.3992132888370128,-0.02072056239650022,-0.3170530068877775,-0.4237113985961556,False,False
0.9,0.25,0.2,0.25,0.6758361712147525,0.9497317855571755,0.8661335080639948,0.9479149938275157,0.225,0.9103186425327904,0.8477942373374872,-0.4083590660260019,-0.11348593525820469,-0.10391778503286225,0.5637988765836072,-1.071610567418622,-0.1134859352582047,False,False
0.9,0.25,0.2,0.5,0.6758361712147525,0.8129666778871638,0.6351693986294367,0.711234594227594,0.225,0.6156166896901993,0.524720569774105,-0.4083590660260019,-0.313608204779974,-0.27577158682389213,0.11660317227333836,-0.914944735209092,-0.313608204779974,False,False
0.9,0.25,0.2,1.0,0.6758361712147525,0.6758361712147525,0.5392625051349307,0.47536688641867175,0.225,0.3861029021965227,0.3484950370013389,-0.4083590660260019,-0.39017890479016026,-0.3515794229608321,5.551115123125783e-17,-0.5773276444923777,-0.39017890479016026,False,False
0.9,0.25,0.2,2.0,0.6758361712147525,0.5908186912861696,0.5125718059691157,0.35466124439244345,0.225,0.29137675400463386,0.2792749933516655,-0.4083590660260019,-0.4071012651857441,-0.38242883976843817,-0.016229789995090393,-0.3170530068877775,-0.407101265185744,False,False
0.9,0.25,0.4,0.25,0.6305790312514657,0.8946181591405886,0.744063323805341,0.9479149938275157,0.325,0.8901747031434991,0.8076834514700841,-0.3776712679244639,-0.1530873949544863,-0.13525175713560617,0.3463326933217041,-1.071610567418622,-0.15308739495448626,False,False
0.9,0.25,0.4,0.5,0.6305790312514657,0.7444834287528302,0.5385380603036428,0.711234594227594,0.325,0.6317089978570551,0.5676116746747198,-0.3776712679244639,-0.307591448332684,-0.26256700855246795,0.06597829692244728,-0.914944735209092,-0.3075914483326839,False,False
0.9,0.25,0.4,1.0,0.6305790312514657,0.6305790312514657,0.4893451181321433,0.47536688641867175,0.325,0.44752477822632525,0.43688041793779675,-0.3776712679244639,-0.3640507067786941,-0.32375715358614954,-5.551115123125783e-17,-0.5773276444923777,-0.3640507067786942,False,False
0.9,0.25,0.4,2.0,0.6305790312514657,0.5664424228473025,0.487577013554607,0.35466124439244345,0.325,0.374318205424774,0.37789386494258537,-0.3776712679244639,-0.37668883120303787,-0.3517559298208609,-0.008752142208983571,-0.3170530068877775,-0.37668883120303753,False,True
0.9,0.25,0.6,0.25,0.5829029224278116,0.7922936279587294,0.566404419732603,0.9479149938275157,0.425,0.8756508326808412,0.7970605901951462,-0.3562891037837844,-0.17392598760147018,-0.14566514341904635,0.15332627381313185,-1.071610567418622,-0.1739259876014702,False,False
0.9,0.25,0.6,0.5,0.5829029224278116,0.6613695414885818,0.4389212132511901,0.711234594227594,0.425,0.6735671725819723,0.6488232230538793,-0.3562891037837844,-0.2889980545341968,-0.23891572232238667,0.027120470944235586,-0.914944735209092,-0.2889980545341968,False,False
0.9,0.25,0.6,1.0,0.5829029224278116,0.5829029224278115,0.439639320951456,0.47536688641867175,0.425,0.5273509938621663,0.5452063825770391,-0.3562891037837844,-0.3365259711729714,-0.295261651496438,1.1102230246251565e-16,-0.5773276444923777,-0.33652597117297145,False,True
0.9,0.25,0.6,2.0,0.5829029224278116,0.5417403374032309,0.46264419450827304,0.35466124439244345,0.425,0.46709009975907356,0.48649544903027986,-0.3562891037837844,-0.35046565751282543,-0.32539381725678346,-0.003472425830319037,-0.3170530068877775,-0.350465657512825,False,True
0.9,0.25,0.8,0.25,0.5336245894810998,0.6315347718685208,0.36986315798198666,0.9479149938275157,0.525,0.8934134618827938,0.8547083067299311,-0.34461718664775354,-0.16249158250168186,-0.1274494133800559,0.026793005219888255,-1.071610567418622,-0.16249158250168183,False,False
0.9,0.25,0.8,0.5,0.5336245894810998,0.5669464169999859,0.3439949732083305,0.711234594227594,0.525,0.7496747712437846,0.7694651466194946,-0.34461718664775354,-0.25710619143367325,-0.2053973632901122,0.004512256512449131,-0.914944735209092,-0.2571061914336732,False,True
0.9,0.25,0.8,1.0,0.5336245894810998,0.5336245894810998,0.39111542886052564,0.47536688641867175,0.525,0.6267677880331926,0.673030980559311,-0.34461718664775354,-0.3080762272883353,-0.2666377996119669,1.1102230246251565e-16,-0.5773276444923777,-0.3080762272883353,False,True
0.9,0.25,0.8,2.0,0.5336245894810998,0.5168313460435527,0.43789680538208187,0.35466124439244345,0.525,0.5698349714939858,0.6049875816066193,-0.34461718664775354,-0.32885839991223104,-0.303771896511619,-0.0005662676391495758,-0.3170530068877775,-0.3288583999122308,False,True
0.9,0.5,0.1,0.25,0.6973481531849405,0.9657363769385745,0.9490686625471816,0.9820137900379085,0.3,0.9517928020010703,0.9370916480594484,-0.30202497395522165,0.06819961896455583,0.069007450360138,0.6724239633578053,-0.41380390864680033,0.06819961896455588,False,False
0.9,0.5,0.1,0.5,0.6973481531849405,0.8414962530747949,0.77447962288579,0.8807970779778823,0.3,0.7570378155301364,0.7047114265026371,-0.30202497395522165,-0.11089739092520265,-0.10392618424561473,0.14477991756717412,-0.43562249751930515,-0.11089739092520264,False,False
0.9,0.5,0.1,1.0,0.6973481531849405,0.6973481531849405,0.6271745414799288,0.7310585786300049,0.3,0.5400675343591474,0.49578387469924895,-0.30202497395522165,-0.21937677297955924,-0.20852724603445882,5.551115123125783e-17,-0.3145871570428886,-0.21937677297955913,False,False
0.9,0.5,0.1,2.0,0.6973481531849405,0.602849153766994,0.5574772460156563,0.6224593312018546,0.3,0.41496416569270766,0.39125918911359153,-0.30202497395522165,-0.2662086432000208,-0.25779254622982345,-0.02072056239650022,-0.18642102838042174,-0.26620864320002047,False,False
0.9,0.5,0.2,0.25,0.6758361712147525,0.9497317855571755,0.9258761233594298,0.9820137900379085,0.35,0.942703353143037,0.9240478963339138,-0.2833590660260019,0.04269903788848575,0.04385853301210401,0.5637988765836072,-0.41380390864680033,0.04269903788848578,False,False
0.9,0.5,0.2,0.5,0.6758361712147525,0.8129666778871638,0.7376482318300848,0.8807970779778823,0.35,0.7534653387989674,0.7021887608054732,-0.2833590660260019,-0.11877170117392022,-0.1108981317382452,0.11660317227333836,-0.43562249751930515,-0.1187717011739202,False,False
0.9,0.5,0.2,1.0,0.6758361712147525,0.6758361712147525,0.6035106500494174,0.7310585786300049,0.35,0.558908596472051,0.5204995080033139,-0.2833590660260019,-0.2126093797291999,-0.20140014816811802,5.551115123125783e-17,-0.3145871570428886,-0.2126093797291998,False,False
0.9,0.5,0.2,2.0,0.6758361712147525,0.5908186912861696,0.5451094609093166,0.6224593312018546,0.35,0.44959686918231023,0.4302865782875534,-0.2833590660260019,-0.25274163602206606,-0.24425650234452304,-0.016229789995090393,-0.18642102838042174,-0.25274163602206606,False,False
0.9,0.5,0.4,0.25,0.6305790312514657,0.8946181591405886,0.8487721001366854,0.9820137900379085,0.45,0.9206801054381507,0.8939970668789874,-0.2526712679244639,-0.00596594941926922,-0.003716235726089712,0.3463326933217041,-0.41380390864680033,-0.005965949419269177,False,False
0.9,0.5,0.4,0.5,0.6305790312514657,0.7444834287528302,0.6533462590303187,0.8807970779778823,0.45,0.7579454571473158,0.7141269722495579,-0.2526712679244639,-0.12916771683629816,-0.11953042726726815,0.06597829692244728,-0.43562249751930515,-0.12916771683629813,False,False
0.9,0.5,0.4,1.0,0.6305790312514657,0.6305790312514657,0.5548075180609188,0.7310585786300049,0.45,0.6087585977999956,0.5836737883424885,-0.2526712679244639,-0.19837206473225744,-0.1865699018317886,-5.551115123125783e-17,-0.3145871570428886,-0.19837206473225746,False,False
0.9,0.5,0.4,2.0,0.6305790312514657,0.5664424228473025,0.5202214152054269,0.6224593312018546,0.45,0.5260104025509691,0.5157281081034816,-0.2526712679244639,-0.22869784238895113,-0.2201045026817644,-0.008752142208983571,-0.18642102838042174,-0.2286978423889508,False,False
0.9,0.5,0.6,0.25,0.5829029224278116,0.7922936279587294,0.7160603524031391,0.9820137900379085,0.55,0.9026670916393988,0.8735449291174036,-0.23128910378378442,-0.043631981558036076,-0.03982750595731789,0.15332627381313185,-0.41380390864680033,-0.04363198155803605,False,False
0.9,0.5,0.6,0.5,0.5829029224278116,0.6613695414885818,0.5581804682698513,0.8807970779778823,0.55,0.7857106347135656,0.7567354444745003,-0.23128910378378442,-0.13049349025110907,-0.11943580429659097,0.027120470944235586,-0.43562249751930515,-0.13049349025110907,False,False
0.9,0.5,0.6,1.0,0.5829029224278116,0.5829029224278115,0.505028457200667,0.7310585786300049,0.55,0.6763944284926648,0.6661883117684236,-0.23128910378378442,-0.18337377319855655,-0.171181276983433,1.1102230246251565e-16,-0.3145871570428886,-0.18337377319855652,False,False
0.9,0.5,0.6,2.0,0.5829029224278116,0.5417403374032309,0.4952325953852838,0.6224593312018546,0.55,0.6121671256631436,0.6111225928817121,-0.23128910378378442,-0.20892843328837235,-0.20026838344378162,-0.003472425830319037,-0.18642102838042174,-0.208928433288372,False,False
0.9,0.5,0.8,0.25,0.5336245894810998,0.6315347718685208,0.5312100575371685,0.9820137900379085,0.65,0.9149480373685155,0.8966875558785954,-0.2196171866477535,-0.05863463795641778,-0.05350385810265016,0.026793005219888255,-0.41380390864680033,-0.058634637956417754,False,False
0.9,0.5,0.8,0.5,0.5336245894810998,0.5669464169999859,0.4585406198134875,0.8807970779778823,0.65,0.8458076138636289,0.8370487422150968,-0.2196171866477535,-0.12123117881035311,-0.10944716249736403,0.004512256512449131,-0.43562249751930515,-0.12123117881035307,False,False
0.9,0.5,0.8,1.0,0.5336245894810998,0.5336245894810998,0.45514950388170505,0.7310585786300049,0.65,0.7632111623231929,0.7686213462665472,-0.2196171866477535,-0.16787144253303768,-0.15552052620745305,1.1102230246251565e-16,-0.3145871570428886,-0.1678714425330376,False,True
0.9,0.5,0.8,2.0,0.5336245894810998,0.5168313460435527,0.47026757075797154,0.6224593312018546,0.65,0.7082414171675819,0.7165083809735504,-0.2196171866477535,-0.1938289973356527,-0.18514504696239864,-0.0005662676391495758,-0.18642102838042174,-0.19382899733565256,False,True
0.9,0.75,0.1,0.25,0.6973481531849405,0.9657363769385745,0.9650548273875484,0.9939318344798832,0.425,0.9633024910606559,0.9626932322202182,-0.17702497395522165,0.16318023390737382,0.1631819665344845,0.6724239633578053,-0.020402076797365103,0.16318023390737388,False,False
0.9,0.75,0.1,0.5,0.6973481531849405,0.8414962530747949,0.8258421750206135,0.9568354670200037,0.425,0.8210238349989251,0.807610865718603,-0.17702497395522165,0.02486158884446933,0.025298111149053427,0.14477991756717412,-0.11296157235507806,0.024861588844469304,False,False
0.9,0.75,0.1,1.0,0.6973481531849405,0.6973481531849405,0.6743638040951212,0.890768227426964,0.425,0.6514407629935224,0.6332654700052035,-0.17702497395522165,-0.07441592153153094,-0.07319767026687207,5.551115123125783e-17,-0.10671272475829638,-0.0744159215315308,False,False
0.9,0.75,0.1,2.0,0.6973481531849405,0.602849153766994,0.5857569134703628,0.8318243439635804,0.425,0.5411796864645301,0.52867116892258,-0.17702497395522165,-0.12692383138620764,-0.12571471119405192,-0.02072056239650022,-0.07089891895763256,-0.1269238313862074,False,False
0.9,0.75,0.2,0.25,0.6758361712147525,0.9497317855571755,0.948748778007076,0.9939318344798832,0.475,0.9540222987712634,0.9532418577837053,-0.15835906602600192,0.13610559393944274,0.13610809320488887,0.5637988765836072,-0.020402076797365103,0.13610559393944277,False,False
0.9,0.75,0.2,0.5,0.6758361712147525,0.8129666778871638,0.795180781145827,0.9568354670200037,0.475,0.8152820153304325,0.8018210178638333,-0.15835906602600192,0.012384589033460063,0.012881117773167151,0.11660317227333836,-0.11296157235507806,0.012384589033460026,False,False
0.9,0.75,0.2,1.0,0.6758361712147525,0.6758361712147525,0.6520333205425992,0.890768227426964,0.475,0.6668461540210407,0.6504039010545286,-0.15835906602600192,-0.07212031932054083,-0.07085769410845667,5.551115123125783e-17,-0.10671272475829638,-0.0721203193205407,False,False
0.9,0.75,0.2,2.0,0.6758361712147525,0.5908186912861696,0.5735749292199435,0.8318243439635804,0.475,0.5732936320233052,0.5623986033683479,-0.15835906602600192,-0.11623639301448606,-0.11501620420500958,-0.016229789995090393,-0.07089891895763256,-0.11623639301448613,False,False
0.9,0.75,0.4,0.25,0.6305790312514657,0.8946181591405886,0.8926791790446192,0.9939318344798832,0.575,0.9313422044173859,0.9301905824119668,-0.12767126792446387,0.0820201562336501,0.08202508789832355,0.3463326933217041,-0.020402076797365103,0.08202015623365011,False,False
0.9,0.75,0.4,0.5,0.6305790312514657,0.7444834287528302,0.722408820022117,0.9568354670200037,0.575,0.8145547777382359,0.8022628526763853,-0.12767126792446387,-0.009059860890886054,-0.008441946570332756,0.06597829692244728,-0.11296157235507806,-0.00905986089088608,False,False
0.9,0.75,0.4,1.0,0.6305790312514657,0.6305790312514657,0.6053933435843194,0.890768227426964,0.575,0.709468153419894,0.6971078181269594,-0.12767126792446387,-0.06729080660029091,-0.0659526317160745,-5.551115123125783e-17,-0.10671272475829638,-0.06729080660029088,False,False
0.9,0.75,0.4,2.0,0.6305790312514657,0.5664424228473025,0.5489556326022883,0.8318243439635804,0.575,0.6446036276391774,0.6370524059135954,-0.12767126792446387,-0.0978245952811993,-0.09658649161767627,-0.008752142208983571,-0.07089891895763256,-0.09782459528119901,False,False
0.9,0.75,0.6,0.25,0.5829029224278116,0.7922936279587294,0.7889161476143786,0.9939318344798832,0.675,0.9121096823085042,0.9107791852805345,-0.10628910378378442,0.03429045959236371,0.03429905602102937,0.15332627381313185,-0.020402076797365103,0.03429045959236371,False,False
0.9,0.75,0.6,0.5,0.5829029224278116,0.6613695414885818,0.6356288321301811,0.9568354670200037,0.675,0.8360001092098839,0.8268149111645527,-0.10628910378378442,-0.023794436185035798,-0.023071574599739415,0.027120470944235586,-0.11296157235507806,-0.023794436185035826,False,False
0.9,0.75,0.6,1.0,0.5829029224278116,0.5829029224278115,0.5567516233292691,0.890768227426964,0.675,0.7694896495163317,0.7618856826325363,-0.10628910378378442,-0.06220315912184559,-0.06081128797582723,1.1102230246251565e-16,-0.10671272475829638,-0.06220315912184552,False,False
0.9,0.75,0.6,2.0,0.5829029224278116,0.5417403374032309,0.5240943021057313,0.8318243439635804,0.675,0.7255885983171128,0.7214978177607118,-0.10628910378378442,-0.08376246021590276,-0.08251234881302638,-0.003472425830319037,-0.07089891895763256,-0.08376246021590246,False,False
0.9,0.75,0.8,0.25,0.5336245894810998,0.6315347718685208,0.6267746279586509,0.9939318344798832,0.775,0.9224746968462969,0.9215515534054675,-0.09461718664775348,0.0034770960760050415,0.0034892250158586407,0.026793005219888255,-0.020402076797365103,0.0034770960760050615,False,False
0.9,0.75,0.8,0.5,0.5336245894810998,0.5669464169999859,0.539030867833751,0.9568354670200037,0.775,0.8889173060855106,0.8845391578949042,-0.09461718664775348,-0.029765451096473515,-0.028978678601762925,0.004512256512449131,-0.11296157235507806,-0.02976545109647352,False,False
0.9,0.75,0.8,1.0,0.5336245894810998,0.5336245894810998,0.5069967780549286,0.890768227426964,0.775,0.8484361580986408,0.8460191988552279,-0.09461718664775348,-0.05694453394155551,-0.05552479763243706,1.1102230246251565e-16,-0.10671272475829638,-0.056944533941555395,False,False
0.9,0.75,0.8,2.0,0.5336245894810998,0.5168313460435527,0.4991129791912904,0.8318243439635804,0.775,0.8164478185276502,0.8158839431264711,-0.09461718664775348,-0.07441810271411126,-0.07316212637619014,-0.0005662676391495758,-0.07089891895763256,-0.07441810271411115,False,False
0.9,0.9,0.1,0.25,0.6973481531849405,0.9657363769385745,0.9705929430213597,0.99796906211513,0.5,0.9672013886499955,0.9715624347404542,-0.10202497395522162,0.20622018484766966,0.20631838094324054,0.6724239633578053,0.15786583137332752,0.20622018484766969,False,True
0.9,0.9,0.1,0.5,0.6973481531849405,0.8414962530747949,0.84677982818599,0.985185515469262,0.5,0.8448802945434649,0.8495572387017887,-0.10202497395522162,0.08928782259449565,0.08934111603436122,0.14477991756717412,0.04016147130581848,0.08928782259449564,False,True
0.9,0.9,0.1,1.0,0.6973481531849405,0.6973481531849405,0.6973481531849406,0.9607296994499495,0.5,0.7002282663028512,0.7002282663028513,-0.10202497395522162,6.0807073961822284e-18,-7.134049018839294e-17,5.551115123125783e-17,1.3877787807814457e-16,1.5228764821197678e-16,False,False
0.9,0.9,0.1,2.0,0.6973481531849405,0.602849153766994,0.6010538417125229,0.9368626738208133,0.5,0.6045019547320613,0.6029995250858138,-0.10202497395522162,-0.05047515786319026,-0.05046170940889025,-0.02072056239650022,-0.007492780750988304,-0.05047515786319029,False,False
0.9,0.9,0.2,0.25,0.6758361712147525,0.9497317855571755,0.9567552795616325,0.99796906211513,0.55,0.9578565821819872,0.963461113105495,-0.0833590660260019,0.17843226862306638,0.1785741697951832,0.5637988765836072,0.15786583137332752,0.17843226862306638,False,True
0.9,0.9,0.2,0.5,0.6758361712147525,0.8129666778871638,0.8189967011727429,0.985185515469262,0.55,0.8383296600361663,0.8430643469779453,-0.0833590660260019,0.07462655508994515,0.07468735485274505,0.11660317227333836,0.04016147130581848,0.07462655508994512,False,True
0.9,0.9,0.2,1.0,0.6758361712147525,0.6758361712147525,0.6758361712147525,0.9607296994499495,0.55,0.7141286474056033,0.7141286474056032,-0.0833590660260019,5.893128111322532e-18,5.987725008152685e-17,5.551115123125783e-17,1.3877787807814457e-16,1.4930226100089877e-16,False,False
0.9,0.9,0.2,2.0,0.6758361712147525,0.5908186912861696,0.5890060718347376,0.9368626738208133,0.55,0.6353522406044405,0.6340165889888388,-0.0833590660260019,-0.041313329824966695,-0.04129975131477499,-0.016229789995090393,-0.007492780750988304,-0.04131332982496701,False,False
0.9,0.9,0.4,0.25,0.6305790312514657,0.8946181591405886,0.9086010806319125,0.99796906211513,0.65,0.934953981572462,0.9433153360222584,-0.05267126792446386,0.12189058319402724,0.12217234286009684,0.3463326933217041,0.15786583137332752,0.12189058319402724,False,True
0.9,0.9,0.4,0.5,0.6305790312514657,0.7444834287528302,0.7520479676756874,0.985185515469262,0.65,0.8356609190130486,0.840087577621908,-0.05267126792446386,0.04793892339198072,0.0480151265815455,0.06597829692244728,0.04016147130581848,0.04793892339198071,False,True
0.9,0.9,0.4,1.0,0.6305790312514657,0.6305790312514657,0.6305790312514659,0.9607296994499495,0.65,0.7535843906730747,0.7535843906730748,-0.05267126792446386,5.498496786283619e-18,-9.951400711489691e-17,-5.551115123125783e-17,1.3877787807814457e-16,3.19992686863926e-17,False,False
0.9,0.9,0.4,2.0,0.6305790312514657,0.5664424228473025,0.5646013973359462,0.9368626738208133,0.65,0.7041017936953426,0.7031134158167435,-0.05267126792446386,-0.02599274218287408,-0.025978950039778417,-0.008752142208983571,-0.007492780750988304,-0.02599274218287403,False,False
0.9,0.9,0.6,0.25,0.5829029224278116,0.7922936279587294,0.8170776649533861,0.99796906211513,0.75,0.9153083520385292,0.9251716319967195,-0.0312891037837844,0.06960059152065665,0.07009750479515309,0.15332627381313185,0.15786583137332752,0.06960059152065662,False,True
0.9,0.9,0.6,0.5,0.5829029224278116,0.6613695414885818,0.6703049892344791,0.985185515469262,0.75,0.854749967753949,0.858191772799901,-0.0312891037837844,0.026841022403635804,0.02693093677037599,0.027120470944235586,0.04016147130581848,0.026841022403635794,False,True
0.9,0.9,0.6,1.0,0.5829029224278116,0.5829029224278115,0.5829029224278116,0.9607296994499495,0.75,0.8102703960158815,0.8102703960158817,-0.0312891037837844,1.1833441561738888e-16,5.082772637275515e-18,1.1102230246251565e-16,1.3877787807814457e-16,1.919163331625966e-16,False,False
0.9,0.9,0.6,2.0,0.5829029224278116,0.5417403374032309,0.5398796233207047,0.9368626738208133,0.75,0.7824920985742421,0.7818652934531862,-0.0312891037837844,-0.015063134804895843,-0.01504919430329264,-0.003472425830319037,-0.007492780750988304,-0.01506313480489575,False,False
0.9,0.9,0.8,0.25,0.5336245894810998,0.6315347718685208,0.6674496073532465,0.99796906211513,0.8500000000000001,0.9250243464799037,0.932134372776834,-0.019617186647753464,0.03162269175551925,0.032336986596626136,0.026793005219888255,0.15786583137332752,0.03162269175551925,False,True
0.9,0.9,0.8,0.5,0.5336245894810998,0.5669464169999859,0.5767790300269413,0.985185515469262,0.8500000000000001,0.9049902644755936,0.9068111219874001,-0.019617186647753464,0.01364082938536532,0.013739647417083837,0.004512256512449131,0.04016147130581848,0.01364082938536533,False,True
0.9,0.9,0.8,1.0,0.5336245894810998,0.5336245894810998,0.5336245894810998,0.9607296994499495,0.8500000000000001,0.8857693198863998,0.8857693198863998,-0.019617186647753464,6.290340835473118e-17,1.1468148024244043e-16,1.1102230246251565e-16,1.3877787807814457e-16,1.8507759068102368e-16,False,False
0.9,0.9,0.8,2.0,0.5336245894810998,0.5168313460435527,0.5149600462757139,0.9368626738208133,0.8500000000000001,0.8707349199339307,0.870478808844184,-0.019617186647753464,-0.008877543200584058,-0.008863522518362463,-0.0005662676391495758,-0.007492780750988304,-0.008877543200584165,False,False
0.9,0.95,0.1,0.25,0.6973481531849405,0.9657363769385745,0.9720684736972646,0.9990369473702875,0.525,0.9682326842872974,0.9739254732276833,-0.07702497395522165,0.21901564496908774,0.2191880441766942,0.6724239633578053,0.2108635662706304,0.21901564496908776,False,True
0.9,0.95,0.1,0.5,0.6973481531849405,0.8414962530747949,0.8526834077217589,0.9929274673668681,0.525,0.8513951180567857,0.8613844357227408,-0.07702497395522165,0.10874303413920562,0.10898709531448308,0.14477991756717412,0.08640103915563695,0.10874303413920564,False,True
0.9,0.95,0.1,1.0,0.6973481531849405,0.6973481531849405,0.7043051537235255,0.981005693354874,0.525,0.7143676932064393,0.7204968502896056,-0.07702497395522165,0.023139446461531932,0.023255126652968063,5.551115123125783e-17,0.03318205742117344,0.023139446461532,False,True
0.9,0.95,0.1,2.0,0.6973481531849405,0.602849153766994,0.6059048144624067,0.9690648656695329,0.525,0.6239150188375042,0.6265705861892947,-0.07702497395522165,-0.026032780160133415,-0.025993712669238896,-0.02072056239650022,0.012779602108243637,-0.0260327801601333,False,True
0.9,0.95,0.2,0.25,0.6758361712147525,0.9497317855571755,0.9588957256720435,0.9990369473702875,0.575,0.958870786752138,0.9661931134874062,-0.05835906602600194,0.1910156769716917,0.1912649299940807,0.5637988765836072,0.2108635662706304,0.1910156769716917,False,True
0.9,0.95,0.2,0.5,0.6758361712147525,0.8129666778871638,0.8257504823844174,0.9929274673668681,0.575,0.8446236089507253,0.8547602386740457,-0.05835906602600194,0.09342216902084764,0.09370084254005723,0.11660317227333836,0.08640103915563695,0.09342216902084766,False,True
0.9,0.95,0.2,1.0,0.6758361712147525,0.6758361712147525,0.6830629224852252,0.981005693354874,0.575,0.7278318974938811,0.7334760313805797,-0.05835906602600194,0.022425634640553905,0.022545771865623638,5.551115123125783e-17,0.03318205742117344,0.022425634640553974,False,True
0.9,0.95,0.2,2.0,0.6758361712147525,0.5908186912861696,0.5939045616699508,0.9690648656695329,0.575,0.6543778974490472,0.6567511319412235,-0.05835906602600194,-0.01735872440467964,-0.017319272692833954,-0.016229789995090393,0.012779602108243637,-0.017358724404679823,False,True
0.9,0.95,0.4,0.25,0.6305790312514657,0.8946181591405886,0.9129080115007546,0.9990369473702875,0.675,0.9359093311136043,0.9468656284392913,-0.027671267924463894,0.13374376720213874,0.1342395318968028,0.3463326933217041,0.2108635662706304,0.13374376720213876,False,True
0.9,0.95,0.4,0.5,0.6305790312514657,0.7444834287528302,0.7605695107870529,0.9929274673668681,0.675,0.8414246739070179,0.8509625537874251,-0.027671267924463894,0.06515121940042169,0.06550121038967482,0.06597829692244728,0.08640103915563695,0.0651512194004217,False,True
0.9,0.95,0.4,1.0,0.6305790312514657,0.6305790312514657,0.6382747116507972,0.981005693354874,0.675,0.7663700072673025,0.7708412413935537,-0.027671267924463894,0.020923909623574044,0.021051778724570987,-5.551115123125783e-17,0.03318205742117344,0.020923909623574,False,True
0.9,0.95,0.4,2.0,0.6305790312514657,0.5664424228473025,0.5695782013086287,0.9690648656695329,0.675,0.722342481267125,0.724126942615989,-0.027671267924463894,-0.003026466855531265,-0.0029863812443989813,-0.008752142208983571,0.012779602108243637,-0.0030264668555310976,False,True
0.9,0.95,0.6,0.25,0.5829029224278116,0.7922936279587294,0.8248660965837002,0.9990369473702875,0.7749999999999999,0.9161544307215816,0.9291520491700045,-0.0062891037837844305,0.0800980334345014,0.0809752098930438,0.15332627381313185,0.2108635662706304,0.08009803343450139,False,True
0.9,0.95,0.6,0.5,0.5829029224278116,0.6613695414885818,0.6804421241879712,0.9929274673668681,0.7749999999999999,0.8598702589306952,0.8673644005469114,-0.0062891037837844305,0.042131743297368095,0.04254574424511105,0.027120470944235586,0.08640103915563695,0.0421317432973681,False,True
0.9,0.95,0.6,1.0,0.5829029224278116,0.5829029224278115,0.5909475121136714,0.981005693354874,0.7749999999999999,0.8220893321181906,0.8251543665892072,-0.0062891037837844305,0.019341918242969547,0.019475514589070913,1.1102230246251565e-16,0.03318205742117344,0.019341918242969557,False,True
0.9,0.95,0.6,2.0,0.5829029224278116,0.5417403374032309,0.5449112380021055,0.9690648656695329,0.7749999999999999,0.7999373248514909,0.8011075928550659,-0.0062891037837844305,0.006901600255359614,0.006942130582360685,-0.003472425830319037,0.012779602108243637,0.006901600255359825,False,True
0.9,0.95,0.8,0.25,0.5336245894810998,0.6315347718685208,0.6791068380145624,0.9990369473702875,0.875,0.9256987531509013,0.9351673519767068,0.005382813352246503,0.03999016985999838,0.04125777820168266,0.026793005219888255,0.2108635662706304,0.039990169859998384,False,True
0.9,0.95,0.8,0.5,0.5336245894810998,0.5669464169999859,0.5880244115836165,0.9929274673668681,0.875,0.9093795363645276,0.9134460604767202,0.005382813352246503,0.026748508043406474,0.027204814474568746,0.004512256512449131,0.08640103915563695,0.026748508043406498,False,True
0.9,0.95,0.8,1.0,0.5336245894810998,0.5336245894810998,0.5418726283833253,0.981005693354874,0.875,0.8965890888102365,0.8980820308105519,0.005382813352246503,0.017706761769512004,0.017843662357454257,1.1102230246251565e-16,0.03318205742117344,0.017706761769512067,False,True
0.9,0.95,0.8,2.0,0.5336245894810998,0.5168313460435527,0.5200218964798164,0.9690648656695329,0.875,0.8873780220926571,0.887917432073576,0.005382813352246503,0.012077262640710015,0.012118039806359891,-0.0005662676391495758,0.012779602108243637,0.012077262640710016,False,True
0.9,0.99,0.1,0.25,0.6973481531849405,0.9657363769385745,0.9731464002695045,0.9998150277676352,0.545,0.9689841048311989,0.9756517551804784,-0.05702497395522163,0.22878513826772842,0.22902708061447186,0.6724239633578053,0.25132799748367174,0.22878513826772842,False,True
0.9,0.99,0.1,0.5,0.6973481531849405,0.8414962530747949,0.8570885160167376,0.998634843137919,0.545,0.8561978533830149,0.8702096041460128,-0.05702497395522163,0.12368438349083628,0.12416635251560856,0.14477991756717412,0.1219124256818051,0.12368438349083626,False,True
0.9,0.99,0.1,1.0,0.6973481531849405,0.6973481531849405,0.7096446287550238,0.9962978032414466,0.545,0.7250316177941419,0.7360529218352196,-0.05702497395522163,0.04111360178674639,0.041477533612248624,5.551115123125783e-17,0.058957066995835035,0.041113601786746425,False,True
0.9,0.99,0.1,2.0,0.6973481531849405,0.602849153766994,0.6097014721985028,0.9939107340081471,0.545,0.638893329540044,0.6450186905388116,-0.05702497395522163,-0.00682948912224453,-0.0066325815368622806,-0.02072056239650022,0.028706713324950322,-0.006829489122244462,False,True
0.9,0.99,0.2,0.25,0.6758361712147525,0.9497317855571755,0.9604613342807562,0.9998150277676352,0.595,0.9596097544372181,0.968191408747503,-0.03835906602600192,0.20062326609857103,0.2009731905581252,0.5637988765836072,0.25132799748367174,0.20062326609857103,False,True
0.9,0.99,0.2,0.5,0.6758361712147525,0.8129666778871638,0.8308011398696199,0.998634843137919,0.595,0.8492635152707702,0.8635067380185781,-0.03835906602600192,0.1078569559865206,0.10840762801942083,0.11660317227333836,0.1219124256818051,0.1078569559865206,False,True
0.9,0.99,0.2,1.0,0.6758361712147525,0.6758361712147525,0.688616390687125,0.9962978032414466,0.595,0.7381668584894177,0.7483437191802114,-0.03835906602600192,0.039845318424516815,0.040223409857261735,5.551115123125783e-17,0.058957066995835035,0.039845318424516864,False,True
0.9,0.99,0.2,2.0,0.6758361712147525,0.5908186912861696,0.5977400755614041,0.9939107340081471,0.595,0.6690573008647357,0.6745522621350396,-0.03835906602600192,0.0014613456053682323,0.0016602150526707836,-0.016229789995090393,0.028706713324950322,0.0014613456053679998,False,True
0.9,0.99,0.4,0.25,0.6305790312514657,0.8946181591405886,0.9160719214023084,0.9998150277676352,0.6950000000000001,0.936605415966343,0.9494737049730766,-0.007671267924463876,0.14279382094275925,0.1434907004515199,0.3463326933217041,0.25132799748367174,0.14279382094275928,False,True
0.9,0.99,0.4,0.5,0.6305790312514657,0.7444834287528302,0.7669763031337855,0.998634843137919,0.6950000000000001,0.8456737205902306,0.8591387389169947,-0.007671267924463876,0.07837003880080608,0.0790627054452589,0.06597829692244728,0.1219124256818051,0.07837003880080606,False,True
0.9,0.99,0.4,1.0,0.6305790312514657,0.6305790312514657,0.6442041874359726,0.9962978032414466,0.6950000000000001,0.7760128911053685,0.7841375418070116,-0.007671267924463876,0.03717709019166144,0.03757982440768498,-5.551115123125783e-17,0.058957066995835035,0.03717709019166137,False,True
0.9,0.99,0.4,2.0,0.6305790312514657,0.5664424228473025,0.5734784693120157,0.9939107340081471,0.6950000000000001,0.7364162351265947,0.7405950186469679,-0.007671267924463876,0.015017116077568338,0.015219233065626704,-0.008752142208983571,0.028706713324950322,0.015017116077568463,False,True
0.9,0.99,0.6,0.25,0.5829029224278116,0.7922936279587294,0.8306350470248043,0.9998150277676352,0.7949999999999999,0.9167708988624397,0.9321003743909931,0.013710896216215587,0.08811296118676816,0.08934895291002772,0.15332627381313185,0.25132799748367174,0.08811296118676815,False,True
0.9,0.99,0.6,0.5,0.5829029224278116,0.6613695414885818,0.6881137785680586,0.998634843137919,0.7949999999999999,0.8636449434274982,0.8743061281805187,0.013710896216215587,0.05387481800958593,0.05469572222641239,0.027120470944235586,0.1219124256818051,0.05387481800958592,False,True
0.9,0.99,0.6,1.0,0.5829029224278116,0.5829029224278115,0.5971631531573491,0.9962978032414466,0.7949999999999999,0.831003147661161,0.836654445772993,0.013710896216215587,0.03436624664964465,0.034787361208501996,1.1102230246251565e-16,0.058957066995835035,0.03436624664964463,False,True
0.9,0.99,0.6,2.0,0.5829029224278116,0.5417403374032309,0.548857983951897,0.9939107340081471,0.7949999999999999,0.813397333948328,0.8162010513247235,0.013710896216215587,0.024158317464154574,0.024362730272645537,-0.003472425830319037,0.028706713324950322,0.024158317464154744,False,True
0.9,0.99,0.8,0.25,0.5336245894810998,0.6315347718685208,0.6878602425665962,0.9998150277676352,0.895,0.9261901379771358,0.9374448134686967,0.025382813352246528,0.046378843693727766,0.048172080956352246,0.026793005219888255,0.25132799748367174,0.04637884369372777,False,True
0.9,0.99,0.8,0.5,0.5336245894810998,0.5669464169999859,0.5965994000431815,0.998634843137919,0.895,0.9126153126083975,0.9185054282437539,0.025382813352246528,0.03681503472026279,0.03772180617863075,0.004512256512449131,0.1219124256818051,0.0368150347202628,False,True
0.9,0.99,0.8,1.0,0.5336245894810998,0.5336245894810998,0.5482639372475296,0.9962978032414466,0.895,0.9047493346707587,0.9076230064781964,0.025382813352246528,0.03146094067266224,0.03189283446043533,1.1102230246251565e-16,0.058957066995835035,0.03146094067266228,False,True
0.9,0.99,0.8,2.0,0.5336245894810998,0.5168313460435527,0.5239959381874145,0.9939107340081471,0.895,0.9002191456697239,0.9016084369912092,0.025382813352246528,0.02854052329814181,0.02874623536717085,-0.0005662676391495758,0.028706713324950322,0.02854052329814178,False,True
0.95,0.01,0.1,0.25,0.7043051537235254,0.9698669080497311,0.5072918806229634,0.3554609871366468,0.055,0.34776315772155175,0.22959328459034822,-0.5702801006081897,-0.6576931143341577,-0.5216073131943304,0.7078637277914221,-3.4423652950914585,-0.6576931143341577,False,False
0.95,0.01,0.1,0.5,0.7043051537235254,0.8501486536981269,0.46553785987754837,0.06945315965638049,0.055,0.07403064480714025,0.08577928932041023,-0.5702801006081897,-0.719317054875154,-0.5586064992129334,0.15440411915334765,-1.8738349134283472,-0.719317054875154,False,True
0.95,0.01,0.1,1.0,0.7043051537235254,0.7043051537235254,0.4792711039909036,0.02672363098939524,0.055,0.04839107565968424,0.06488075372784263,-0.5702801006081897,-0.6696863426223367,-0.5659015553591545,1.1102230246251565e-16,-0.950846858186163,-0.6696863426223366,True,True
0.95,0.01,0.1,2.0,0.7043051537235254,0.6068145544847634,0.4891182838452541,0.016380946025790093,0.055,0.049258741016202444,0.059100391823370776,-0.5702801006081897,-0.6241049342521267,-0.5683400801114986,-0.022313323994841705,-0.4774755994065345,-0.6241049342521267,True,True
0.95,0.01,0.2,0.25,0.6830629224852252,0.9557031966458647,0.4083403806292569,0.3554609871366468,0.10500000000000001,0.348574562360215,0.2634809986603784,-0.5509048378916255,-0.6724508212711597,-0.4979856888480233,0.6000762314570529,-3.4423652950914585,-0.6724508212711597,False,False
0.95,0.01,0.2,0.5,0.6830629224852252,0.8228485933523293,0.416278987808434,0.06945315965638049,0.10500000000000001,0.09257971605666157,0.14565609344016883,-0.5509048378916255,-0.7080443858814076,-0.5333123635976121,0.12579365092618394,-1.8738349134283472,-0.7080443858814076,True,True
0.95,0.01,0.2,1.0,0.6830629224852252,0.6830629224852252,0.45438638977565604,0.02672363098939524,0.10500000000000001,0.081641336985988,0.12126557625183694,-0.5509048378916255,-0.6494882337885349,-0.5432077911134046,0.0,-0.950846858186163,-0.6494882337885349,True,True
0.95,0.01,0.2,2.0,0.6830629224852252,0.5948234789041184,0.4766335980407797,0.016380946025790093,0.10500000000000001,0.09077907552197739,0.11248098963542823,-0.5509048378916255,-0.6033616887234192,-0.547252233317335,-0.017667147230885583,-0.4774755994065345,-0.6033616887234192,True,True
0.95,0.01,0.4,0.25,0.6382747116507971,0.9064919724360908,0.23670491667132118,0.3554609871366468,0.20500000000000002,0.3596257423791426,0.3894573966715571,-0.5187230466490348,-0.684701970818661,-0.4294821964055534,0.3816686229183579,-3.4423652950914585,-0.684701970818661,False,True
0.95,0.01,0.4,0.5,0.6382747116507971,0.7569016891106574,0.32342687920121865,0.06945315965638049,0.20500000000000002,0.14980853821372367,0.29309226699783963,-0.5187230466490348,-0.6723063695244693,-0.4749392617809547,0.0736960720394998,-1.8738349134283472,-0.6723063695244693,True,True
0.95,0.01,0.4,1.0,0.6382747116507971,0.6382747116507971,0.405412423768382,0.02672363098939524,0.20500000000000002,0.1617471332036997,0.2486691225039498,-0.5187230466490348,-0.6069015042328395,-0.49698296424294797,0.0,-0.950846858186163,-0.6069015042328395,True,True
0.95,0.01,0.4,2.0,0.6382747116507971,0.5705123575006075,0.4517670198565695,0.016380946025790093,0.20500000000000002,0.1811405891350207,0.2266935632258747,-0.5187230466490348,-0.5645042479000704,-0.5079075354968364,-0.009846394083597443,-0.4774755994065345,-0.5645042479000703,True,True
0.95,0.01,0.6,0.25,0.5909475121136714,0.8132905690025333,0.12229972064117725,0.3554609871366468,0.305,0.4011187270850457,0.5700929470409427,-0.49576461837285524,-0.6544117920202348,-0.341438885738085,0.18199606147856623,-3.4423652950914585,-0.6544117920202348,False,True
0.95,0.01,0.6,0.5,0.5909475121136714,0.676069620021637,0.2426753523890278,0.06945315965638049,0.305,0.241313399245209,0.4712493585607268,-0.49576461837285524,-0.6171463061606753,-0.4083565803035717,0.03255024558342884,-1.8738349134283472,-0.6171463061606755,True,True
0.95,0.01,0.6,1.0,0.5909475121136714,0.5909475121136714,0.3582510613152954,0.02672363098939524,0.305,0.2612237559796241,0.39462313237497193,-0.49576461837285524,-0.5619005852462139,-0.4503536859174599,0.0,-0.950846858186163,-0.5619005852462139,True,True
0.95,0.01,0.6,2.0,0.5909475121136714,0.5458562440254274,0.42713897027148806,0.016380946025790093,0.305,0.28142789525596457,0.350713558254636,-0.49576461837285524,-0.5296420782127436,-0.4728347340975191,-0.004188001800531138,-0.4774755994065345,-0.5296420782127433,True,True
0.95,0.01,0.8,0.25,0.5418726283833252,0.6618467605443622,0.058920950998603915,0.3554609871366468,0.405,0.5057832944008012,0.7738073386061106,-0.48246084900520775,-0.5592631951692866,-0.24556560974268749,0.041265538489472786,-3.4423652950914585,-0.5592631951692866,False,True
0.95,0.01,0.8,0.5,0.5418726283833252,0.5831620192357582,0.17681638331977667,0.06945315965638049,0.405,0.3739728294389119,0.6708273498447509,-0.48246084900520775,-0.542880281189701,-0.33674644095903117,0.0069887894499351955,-1.8738349134283472,-0.5428802811897009,True,True
0.95,0.01,0.8,1.0,0.5418726283833252,0.5418726283833252,0.31368161388880816,0.02672363098939524,0.405,0.38098270145750956,0.5574374205866759,-0.48246084900520775,-0.515237886235363,-0.4041943903342835,0.0,-0.950846858186163,-0.515237886235363,True,True
0.95,0.01,0.8,2.0,0.5418726283833252,0.520973151475929,0.40286691527107765,0.016380946025790093,0.405,0.39175551189446967,0.48430580897777,-0.48246084900520775,-0.4992618817893519,-0.44252467424698877,-0.0008789731189954297,-0.4774755994065345,-0.4992618817893519,True,True
0.95,0.05,0.1,0.25,0.7043051537235254,0.9698669080497311,0.7115425470321862,0.7418413371607366,0.07500000000000001,0.7225006731305885,0.5566974198338948,-0.5502801006081897,-0.44584556427507654,-0.3877649755920694,0.7078637277914221,-2.5686472692436544,-0.4458455642750765,False,False
0.95,0.05,0.1,0.5,0.7043051537235254,0.8501486536981269,0.5192946911682136,0.28000456216507386,0.07500000000000001,0.25303063618415833,0.19347541351838154,-0.5502801006081897,-0.627805107151047,-0.5056032607967822,0.15440411915334765,-1.6585503338997385,-0.627805107151047,False,False
0.95,0.05,0.1,1.0,0.7043051537235254,0.7043051537235254,0.4956056413673558,0.12516099799833533,0.07500000000000001,0.11772102056305488,0.11246993255040774,-0.5502801006081897,-0.6236351743213889,-0.5340304219014584,1.1102230246251565e-16,-0.8854616085433283,-0.6236351743213889,False,False
0.95,0.05,0.1,2.0,0.7043051537235254,0.6068145544847634,0.49548040309996777,0.07984616815180759,0.07500000000000001,0.0877703615058783,0.09001417127184866,-0.5502801006081897,-0.5932121767763708,-0.543277270246789,-0.022313323994841705,-0.45202074071252496,-0.5932121767763706,False,True
0.95,0.05,0.2,0.25,0.6830629224852252,0.9557031966458647,0.6231376914358968,0.7418413371607366,0.125,0.7178394979993857,0.5376417599628809,-0.5309048378916255,-0.4636970437036947,-0.38522278615173255,0.6000762314570529,-2.5686472692436544,-0.46369704370369463,False,False
0.95,0.05,0.2,0.5,0.6830629224852252,0.8228485933523293,0.4693427823229709,0.28000456216507386,0.125,0.2658316414393,0.23754956380508685,-0.5309048378916255,-0.619471079163626,-0.48565892452687787,0.12579365092618394,-1.6585503338997385,-0.619471079163626,False,False
0.95,0.05,0.2,1.0,0.6830629224852252,0.6830629224852252,0.47063934527204243,0.12516099799833533,0.125,0.14888025257686527,0.16477782109712347,-0.5309048378916255,-0.6048259940800743,-0.5129667060017715,0.0,-0.8854616085433283,-0.6048259940800743,False,True
0.95,0.05,0.2,2.0,0.6830629224852252,0.5948234789041184,0.48298685044389295,0.07984616815180759,0.125,0.12852967973639773,0.1419672791868764,-0.5309048378916255,-0.5730793935166524,-0.5228252581062074,-0.017667147230885583,-0.45202074071252496,-0.5730793935166523,False,True
0.95,0.05,0.4,0.25,0.6382747116507971,0.9064919724360908,0.42626353631305314,0.7418413371607366,0.225,0.7098764279830269,0.5457144972361183,-0.4987230466490348,-0.4866973766677253,-0.35811356414197537,0.3816686229183579,-2.5686472692436544,-0.48669737666772517,False,False
0.95,0.05,0.4,0.5,0.6382747116507971,0.7569016891106574,0.37220173127542616,0.28000456216507386,0.225,0.3091752504171716,0.35533749029268774,-0.4987230466490348,-0.5908317385821286,-0.4375284407968407,0.0736960720394998,-1.6585503338997385,-0.5908317385821286,False,True
0.95,0.05,0.4,1.0,0.6382747116507971,0.6382747116507971,0.421266148466953,0.12516099799833533,0.225,0.22457721524699464,0.2842196321782575,-0.4987230466490348,-0.5651677528708439,-0.46995765091930075,0.0,-0.8854616085433283,-0.5651677528708439,True,True
0.95,0.05,0.4,2.0,0.6382747116507971,0.5705123575006075,0.45807892454283045,0.07984616815180759,0.225,0.21734828262943467,0.25334427701871387,-0.4987230466490348,-0.535459625013342,-0.4847475970021165,-0.009846394083597443,-0.45202074071252496,-0.5354596250133418,True,True
0.95,0.05,0.6,0.25,0.5909475121136714,0.8132905690025333,0.2502813376510413,0.7418413371607366,0.325,0.7153582218075356,0.6355002395988015,-0.4757646183728552,-0.47676513442285223,-0.3020370985893997,0.18199606147856623,-2.5686472692436544,-0.47676513442285223,False,False
0.95,0.05,0.6,0.5,0.5909475121136714,0.676069620021637,0.28439120056192024,0.28000456216507386,0.325,0.3836608059342841,0.508996113259788,-0.4757646183728552,-0.5443726242214632,-0.38002739323503554,0.03255024558342884,-1.6585503338997385,-0.5443726242214633,False,True
0.95,0.05,0.6,1.0,0.5909475121136714,0.5909475121136714,0.3734187788865661,0.12516099799833533,0.325,0.31939507311257764,0.4226861997048226,-0.4757646183728552,-0.5232613346408495,-0.42643492852306597,0.0,-0.8854616085433283,-0.5232613346408495,True,True
0.95,0.05,0.6,2.0,0.5909475121136714,0.5458562440254274,0.4333787878464929,0.07984616815180759,0.325,0.31607078303191194,0.3745763628599218,-0.4757646183728552,-0.5018526910949235,-0.45093047015275745,-0.004188001800531138,-0.45202074071252496,-0.5018526910949233,True,True
0.95,0.05,0.8,0.25,0.5418726283833252,0.6618467605443622,0.13043564476592875,0.7418413371607366,0.42500000000000004,0.7615078774022418,0.7924140373138365,-0.46246084900520773,-0.41469633391014055,-0.22580691068107706,0.041265538489472786,-2.5686472692436544,-0.41469633391014055,False,True
0.95,0.05,0.8,0.5,0.5418726283833252,0.5831620192357582,0.21035566553020338,0.28000456216507386,0.42500000000000004,0.4967584104788024,0.6906160136015647,-0.46246084900520773,-0.4801073861355887,-0.3159481170713244,0.0069887894499351955,-1.6585503338997385,-0.4801073861355886,False,True
0.95,0.05,0.8,1.0,0.5418726283833252,0.5418726283833252,0.32792657151981736,0.12516099799833533,0.42500000000000004,0.43432321624977793,0.5787023597457389,-0.46246084900520773,-0.4798074091539003,-0.3832203537084903,0.0,-0.8854616085433283,-0.4798074091539003,False,True
0.95,0.05,0.8,2.0,0.5418726283833252,0.520973151475929,0.40900531332345513,0.07984616815180759,0.42500000000000004,0.4248191886745809,0.5054532563638434,-0.46246084900520773,-0.4727392858809668,-0.42185870610215903,-0.0008789731189954297,-0.45202074071252496,-0.4727392858809667,True,True
0.95,0.1,0.1,0.25,0.7043051537235254,0.9698669080497311,0.8099983246226026,0.8584864497582141,0.1,0.8356309078246168,0.7143727535530991,-0.5252801006081895,-0.3131891876235999,-0.28338629847698826,0.7078637277914221,-2.0215355962895565,-0.3131891876235998,False,False
0.95,0.1,0.1,0.5,0.7043051537235254,0.8501486536981269,0.5729821400370642,0.45085306037928374,0.1,0.3982772569273157,0.3010325373746753,-0.5252801006081895,-0.5356440626108693,-0.4463889708795975,0.15440411915334765,-1.4417387348005004,-0.5356440626108693,False,False
0.95,0.1,0.1,1.0,0.7043051537235254,0.7043051537235254,0.5146370863175307,0.23196931668407392,0.1,0.1929466698739653,0.1679163046216073,-0.5252801006081895,-0.5700072910453976,-0.49556888893880513,1.1102230246251565e-16,-0.8093186426819103,-0.5700072910453976,False,False
0.95,0.1,0.1,2.0,0.7043051537235254,0.6068145544847634,0.5032136366157297,0.15482809896025468,0.1,0.13327048844381348,0.12759024706651687,-0.5252801006081895,-0.5556702551536858,-0.5123840664399921,-0.022313323994841705,-0.4210871372374392,-0.5556702551536856,False,False
0.95,0.1,0.2,0.25,0.6830629224852252,0.9557031966458647,0.7407747627273881,0.8584864497582141,0.15000000000000002,0.8293176049819118,0.6877901435788412,-0.5059048378916254,-0.33297795001257013,-0.29167714472588646,0.6000762314570529,-2.0215355962895565,-0.3329779500125701,False,False
0.95,0.1,0.2,0.5,0.6830629224852252,0.8228485933523293,0.5234898726181929,0.45085306037928374,0.15000000000000002,0.4064140878712205,0.3313190366238351,-0.5059048378916254,-0.5302695194929874,-0.4318452769581791,0.12579365092618394,-1.4417387348005004,-0.5302695194929874,False,False
0.95,0.1,0.2,1.0,0.6830629224852252,0.6830629224852252,0.48964275146521696,0.23196931668407392,0.15000000000000002,0.22183705488407918,0.21565354418365285,-0.5059048378916254,-0.5528155572920812,-0.4764077072841763,0.0,-0.8093186426819103,-0.5528155572920813,False,False
0.95,0.1,0.2,2.0,0.6830629224852252,0.5948234789041184,0.49071474847105406,0.15482809896025468,0.15000000000000002,0.17313069267482611,0.17783348194332205,-0.5059048378916254,-0.5362793262484703,-0.49270519135495106,-0.017667147230885583,-0.4210871372374392,-0.5362793262484701,False,True
0.95,0.1,0.4,0.25,0.6382747116507971,0.9064919724360908,0.5621763259828624,0.8584864497582141,0.25,0.8156142861765441,0.657750227837999,-0.47372304664903486,-0.36270929177798283,-0.290525086689978,0.3816686229183579,-2.0215355962895565,-0.3627092917779828,False,False
0.95,0.1,0.4,0.5,0.6382747116507971,0.7569016891106574,0.4240984041605498,0.45085306037928374,0.25,0.4384907672975262,0.4215667017535344,-0.47372304664903486,-0.5087792057936306,-0.3943874002101747,0.0736960720394998,-1.4417387348005004,-0.5087792057936306,False,False
0.95,0.1,0.4,1.0,0.6382747116507971,0.6382747116507971,0.43993276730246494,0.23196931668407392,0.25,0.29275026405804083,0.3260777964971005,-0.47372304664903486,-0.5165676232914107,-0.43717178313806193,0.0,-0.8093186426819103,-0.5165676232914107,False,True
0.95,0.1,0.4,2.0,0.6382747116507971,0.5705123575006075,0.4657673204343499,0.15482809896025468,0.25,0.2601264007449092,0.28580694060692224,-0.47372304664903486,-0.5001636189242218,-0.45616979696733595,-0.009846394083597443,-0.4210871372374392,-0.5001636189242215,False,True
0.95,0.1,0.6,0.25,0.5909475121136714,0.8132905690025333,0.36586424412453783,0.8584864497582141,0.35,0.8102245918033026,0.6945709495572243,-0.45076461837285525,-0.36552494347166065,-0.260178358142823,0.18199606147856623,-2.0215355962895565,-0.36552494347166065,False,False
0.95,0.1,0.6,0.5,0.5909475121136714,0.676069620021637,0.330489647729833,0.45085306037928374,0.35,0.49916628520323225,0.5507084804647668,-0.45076461837285525,-0.47108275651181053,-0.34673388301201147,0.03255024558342884,-1.4417387348005004,-0.47108275651181053,False,True
0.95,0.1,0.6,1.0,0.5909475121136714,0.5909475121136714,0.39139910940546285,0.23196931668407392,0.35,0.382513183312959,0.4559531183162625,-0.45076461837285525,-0.47826483840008815,-0.39731922076201487,0.0,-0.8093186426819103,-0.4782648384000882,False,True
0.95,0.1,0.6,2.0,0.5909475121136714,0.5458562440254274,0.4409899719225307,0.15482809896025468,0.35,0.35700013815278536,0.40368365585978305,-0.45076461837285525,-0.46808208988075917,-0.4238832461482297,-0.004188001800531138,-0.4210871372374392,-0.4680820898807588,False,True
0.95,0.1,0.8,0.25,0.5418726283833252,0.6618467605443622,0.2058702556265356,0.8584864497582141,0.45,0.8387090673082147,0.8120406203624121,-0.43746084900520776,-0.32417031180997147,-0.20312053787709672,0.041265538489472786,-2.0215355962895565,-0.32417031180997147,False,False
0.95,0.1,0.8,0.5,0.5418726283833252,0.5831620192357582,0.24862272693830623,0.45085306037928374,0.45,0.5963907656807979,0.7131941357693334,-0.43746084900520776,-0.416889241173366,-0.291110743072847,0.0069887894499351955,-1.4417387348005004,-0.41688924117336595,False,True
0.95,0.1,0.8,1.0,0.5418726283833252,0.5418726283833252,0.3449222455502547,0.23196931668407392,0.45,0.4921997206292229,0.6040735811692252,-0.43746084900520776,-0.4385476201096718,-0.3576066882564827,0.0,-0.8093186426819103,-0.43854762010967185,False,True
0.95,0.1,0.8,2.0,0.5418726283833252,0.520973151475929,0.41650308975928907,0.15482809896025468,0.45,0.4638827614716076,0.5312839097910718,-0.43746084900520776,-0.44050813210312245,-0.39632296515142507,-0.0008789731189954297,-0.4210871372374392,-0.4405081321031223,False,True
0.95,0.25,0.1,0.25,0.7043051537235254,0.9698669080497311,0.9061235482327102,0.9479149938275155,0.175,0.9223646933524993,0.868315742806705,-0.4502801006081897,-0.11504615439987574,-0.10712296971829513,0.7078637277914221,-1.2043387971033155,-0.11504615439987571,False,False
0.95,0.25,0.1,0.5,0.7043051537235254,0.8501486536981269,0.6801494271163152,0.7112345942275938,0.175,0.6196402673763098,0.5157308590975713,-0.4502801006081897,-0.3399271392899701,-0.30190301489491184,0.15440411915334765,-0.9813088500514384,-0.3399271392899699,False,False
0.95,0.25,0.1,1.0,0.7043051537235254,0.7043051537235254,0.5639906584187006,0.4753668864186717,0.175,0.3643728326418237,0.31170341741984425,-0.4502801006081897,-0.42998512945592726,-0.38833567095068844,1.1102230246251565e-16,-0.610509701913551,-0.4299851294559271,False,False
0.95,0.25,0.1,2.0,0.7043051537235254,0.6068145544847634,0.5250534573731668,0.35466124439244334,0.175,0.25453214956053594,0.23371076682720535,-0.4502801006081897,-0.44954676162592333,-0.4224684154899806,-0.022313323994841705,-0.3336440355983641,-0.4495467616259231,False,False
0.95,0.25,0.2,0.25,0.6830629224852252,0.9557031966458647,0.8661335080639947,0.9479149938275155,0.225,0.9147847504203287,0.8477942373374869,-0.4309048378916255,-0.1377285516948053,-0.12646355689848582,0.6000762314570529,-1.2043387971033155,-0.1377285516948053,False,False
0.95,0.25,0.2,0.5,0.6830629224852252,0.8228485933523293,0.6351693986294368,0.7112345942275938,0.225,0.6206686667332244,0.524720569774105,-0.4309048378916255,-0.3408374779914172,-0.2983173586895159,0.12579365092618394,-0.9813088500514384,-0.34083747799141706,False,False
0.95,0.25,0.2,1.0,0.6830629224852252,0.6830629224852252,0.5392625051349307,0.4753668864186717,0.225,0.38809291019279496,0.3484950370013388,-0.4309048378916255,-0.4170165411946538,-0.37412519482645573,0.0,-0.610509701913551,-0.4170165411946538,False,False
0.95,0.25,0.2,2.0,0.6830629224852252,0.5948234789041184,0.5125718059691157,0.35466124439244334,0.225,0.2919961394411532,0.27927499335166545,-0.4309048378916255,-0.4322529064022281,-0.40497461163406157,-0.017667147230885583,-0.3336440355983641,-0.4322529064022281,False,False
0.95,0.25,0.4,0.25,0.6382747116507971,0.9064919724360908,0.744063323805341,0.9479149938275155,0.325,0.8966805434820131,0.8076834514700841,-0.3987230466490349,-0.17751370718728393,-0.1563035358601772,0.3816686229183579,-1.2043387971033155,-0.17751370718728388,False,False
0.95,0.25,0.4,0.5,0.6382747116507971,0.7569016891106574,0.5385380603036428,0.7112345942275938,0.325,0.6355739900805358,0.5676116746747197,-0.3987230466490349,-0.3345291270518356,-0.28361878727703904,0.0736960720394998,-0.9813088500514384,-0.33452912705183535,False,False
0.95,0.25,0.4,1.0,0.6382747116507971,0.6382747116507971,0.4893451181321433,0.4753668864186717,0.325,0.44810477769689605,0.43688041793779675,-0.3987230466490349,-0.3896729039488859,-0.3448089323107206,0.0,-0.610509701913551,-0.3896729039488859,False,False
0.95,0.25,0.4,2.0,0.6382747116507971,0.5705123575006075,0.487577013554607,0.35466124439244334,0.325,0.37413367965218897,0.37789386494258537,-0.3987230466490349,-0.40038887879767376,-0.3728077085454317,-0.009846394083597443,-0.3336440355983641,-0.40038887879767343,False,True
0.95,0.25,0.6,0.25,0.5909475121136714,0.8132905690025333,0.5664044197326031,0.9479149938275155,0.425,0.8829559832944931,0.7970605901951462,-0.3757646183728553,-0.1993703310223539,-0.16514065800811728,0.18199606147856623,-1.2043387971033155,-0.1993703310223539,False,False
0.95,0.25,0.6,0.5,0.5909475121136714,0.676069620021637,0.4389212132511902,0.7112345942275938,0.425,0.6752023298527102,0.6488232230538793,-0.3757646183728553,-0.31544142789735846,-0.2583912369114577,0.03255024558342884,-0.9813088500514384,-0.31544142789735835,False,False
0.95,0.25,0.6,1.0,0.5909475121136714,0.5909475121136714,0.439639320951456,0.4753668864186717,0.425,0.5263483716021333,0.5452063825770391,-0.3757646183728553,-0.3607791894670721,-0.31473716608550895,0.0,-0.610509701913551,-0.3607791894670721,False,True
0.95,0.25,0.6,2.0,0.5909475121136714,0.5458562440254274,0.46264419450827304,0.35466124439244334,0.425,0.4660803083501869,0.48649544903027986,-0.3757646183728553,-0.3726193638274806,-0.34486933184585417,-0.004188001800531138,-0.3336440355983641,-0.37261936382748034,False,True
0.95,0.25,0.8,0.25,0.5418726283833252,0.6618467605443622,0.36986315798198655,0.9479149938275155,0.525,0.8978970595006805,0.854708306729931,-0.3624608490052078,-0.1889555482428126,-0.14529307573751019,0.041265538489472786,-1.2043387971033155,-0.18895554824281258,False,False
0.95,0.25,0.8,0.5,0.5418726283833252,0.5831620192357582,0.34399497320833056,0.7112345942275938,0.525,0.7482353867314823,0.7694651466194946,-0.3624608490052078,-0.2826366305199909,-0.2232410256475666,0.0069887894499351955,-0.9813088500514384,-0.2826366305199907,False,True
0.95,0.25,0.8,1.0,0.5418726283833252,0.5418726283833252,0.3911154288605256,0.4753668864186717,0.525,0.6240902014834231,0.6730309805593111,-0.3624608490052078,-0.3308184968294163,-0.2844814619694215,0.0,-0.610509701913551,-0.3308184968294163,False,True
0.95,0.25,0.8,2.0,0.5418726283833252,0.520973151475929,0.43789680538208187,0.35466124439244334,0.525,0.5679904650167626,0.6049875816066193,-0.3624608490052078,-0.34939711563164455,-0.32161555886907317,-0.0008789731189954297,-0.3336440355983641,-0.34939711563164444,False,True
0.95,0.5,0.1,0.25,0.7043051537235254,0.9698669080497311,0.9490686625471814,0.9820137900379085,0.3,0.9554359874012909,0.9370916480594482,-0.3252801006081896,0.044450073159511966,0.045752323707169834,0.7078637277914221,-0.5465321383314939,0.04445007315951202,False,False
0.95,0.5,0.1,0.5,0.7043051537235254,0.8501486536981269,0.77447962288579,0.8807970779778823,0.3,0.7637935846543281,0.7047114265026371,-0.3252801006081896,-0.1361795617601971,-0.1271813108985829,0.15440411915334765,-0.501986612361652,-0.13617956176019708,False,False
0.95,0.5,0.1,1.0,0.7043051537235254,0.7043051537235254,0.6271745414799288,0.7310585786300049,0.3,0.544457809230555,0.49578387469924895,-0.3252801006081896,-0.24493565005342094,-0.231782372687427,1.1102230246251565e-16,-0.347769214464062,-0.24493565005342077,False,False
0.95,0.5,0.1,2.0,0.7043051537235254,0.6068145544847634,0.5574772460156563,0.6224593312018545,0.3,0.4170359262996608,0.3912591891135915,-0.3252801006081896,-0.29100798994711474,-0.2810476728827914,-0.022313323994841705,-0.20301205709100834,-0.2910079899471146,False,False
0.95,0.5,0.2,0.25,0.6830629224852252,0.9557031966458647,0.9258761233594296,0.9820137900379085,0.35,0.9473730789603771,0.9240478963339136,-0.3059048378916255,0.019438429945985984,0.02131276114648037,0.6000762314570529,-0.5465321383314939,0.019438429945986033,False,False
0.95,0.5,0.2,0.5,0.6830629224852252,0.8228485933523293,0.7376482318300848,0.8807970779778823,0.35,0.7601929179724765,0.7021887608054732,-0.3059048378916255,-0.1436326634686512,-0.1334439036038688,0.12579365092618394,-0.501986612361652,-0.14363266346865117,False,False
0.95,0.5,0.2,1.0,0.6830629224852252,0.6830629224852252,0.6035106500494174,0.7310585786300049,0.35,0.5627464247298608,0.5204995080033139,-0.3059048378916255,-0.2375482559822133,-0.22394592003374175,0.0,-0.347769214464062,-0.23754825598221324,False,False
0.95,0.5,0.2,2.0,0.6830629224852252,0.5948234789041184,0.5451094609093166,0.6224593312018545,0.35,0.4512887290809942,0.43028657828755335,-0.3059048378916255,-0.2768469705784813,-0.26680227421014646,-0.017667147230885583,-0.20301205709100834,-0.27684697057848134,False,False
0.95,0.5,0.4,0.25,0.6382747116507971,0.9064919724360908,0.8487721001366854,0.9820137900379085,0.45,0.9275908285164685,0.8939970668789874,-0.27372304664903485,-0.028439593289368195,-0.024768014450660812,0.3816686229183579,-0.5465321383314939,-0.028439593289368143,False,False
0.95,0.5,0.4,0.5,0.6382747116507971,0.7569016891106574,0.6533462590303187,0.8807970779778823,0.45,0.7639161204409276,0.714126972249558,-0.27372304664903485,-0.1531292213839857,-0.14058220599183918,0.0736960720394998,-0.501986612361652,-0.15312922138398566,False,False
0.95,0.5,0.4,1.0,0.6382747116507971,0.6382747116507971,0.5548075180609188,0.7310585786300049,0.45,0.6113063188145891,0.5836737883424885,-0.27372304664903485,-0.22197229508307345,-0.20762168055635966,0.0,-0.347769214464062,-0.2219722950830734,False,False
0.95,0.5,0.4,2.0,0.6382747116507971,0.5705123575006075,0.520221415205427,0.6224593312018545,0.45,0.5269157974919785,0.5157281081034816,-0.27372304664903485,-0.2513345627512733,-0.24115628140633547,-0.009846394083597443,-0.20301205709100834,-0.251334562751273,False,False
0.95,0.5,0.6,0.25,0.5909475121136714,0.8132905690025333,0.7160603524031393,0.9820137900379085,0.55,0.9106882126667448,0.8735449291174037,-0.25076461837285524,-0.06562334307080647,-0.05930302054638884,0.18199606147856623,-0.5465321383314939,-0.06562334307080644,False,False
0.95,0.5,0.6,0.5,0.5909475121136714,0.676069620021637,0.5581804682698513,0.8807970779778823,0.55,0.7898383738116928,0.7567354444745003,-0.25076461837285524,-0.15341382634593093,-0.13891131888566186,0.03255024558342884,-0.501986612361652,-0.15341382634593095,False,False
0.95,0.5,0.6,1.0,0.5909475121136714,0.5909475121136714,0.5050284572006671,0.7310585786300049,0.55,0.6774487409825554,0.6661883117684237,-0.25076461837285524,-0.20551335207726332,-0.1906567915725041,0.0,-0.347769214464062,-0.20551335207726326,False,False
0.95,0.5,0.6,2.0,0.5909475121136714,0.5458562440254274,0.4952325953852838,0.6224593312018545,0.55,0.6122595661731673,0.6111225928817121,-0.25076461837285524,-0.23000680155220946,-0.21974389803285235,-0.004188001800531138,-0.20301205709100834,-0.23000680155220918,False,False
0.95,0.5,0.8,0.25,0.5418726283833252,0.6618467605443622,0.5312100575371684,0.9820137900379085,0.65,0.9204652373109914,0.8966875558785954,-0.23746084900520778,-0.08011374669965247,-0.07134752046010456,0.041265538489472786,-0.5465321383314939,-0.08011374669965245,False,False
0.95,0.5,0.8,0.5,0.5418726283833252,0.5831620192357582,0.4585406198134874,0.8807970779778823,0.65,0.847117787141931,0.8370487422150967,-0.23746084900520778,-0.1428753685221018,-0.1272908248548183,0.0069887894499351955,-0.501986612361652,-0.14287536852210175,False,False
0.95,0.5,0.8,1.0,0.5418726283833252,0.5418726283833252,0.455149503881705,0.7310585786300049,0.65,0.7626425307977585,0.7686213462665472,-0.23746084900520778,-0.18844661831244564,-0.17336418856490735,0.0,-0.347769214464062,-0.18844661831244558,False,True
0.95,0.5,0.8,2.0,0.5418726283833252,0.520973151475929,0.47026757075797154,0.6224593312018545,0.65,0.707506078261086,0.7165083809735504,-0.23746084900520778,-0.21328560857861856,-0.2029887093198528,-0.0008789731189954297,-0.20301205709100834,-0.21328560857861856,False,True
0.95,0.75,0.1,0.25,0.7043051537235254,0.9698669080497311,0.9650548273875484,0.9939318344798832,0.425,0.9669949043142283,0.9626932322202182,-0.20028010060818965,0.13983692772873998,0.13992683988151633,0.7078637277914221,-0.15313030648205878,0.13983692772874,False,False
0.95,0.75,0.1,0.5,0.7043051537235254,0.8501486536981269,0.8258421750206135,0.9568354670200037,0.425,0.828437518727862,0.807610865718603,-0.20028010060818965,0.0009753138044827359,0.0020429844960852444,0.15440411915334765,-0.1793256871974249,0.0009753138044827307,False,False
0.95,0.75,0.1,1.0,0.7043051537235254,0.7043051537235254,0.6743638040951211,0.890768227426964,0.425,0.6569421379776276,0.6332654700052034,-0.20028010060818965,-0.09852861606803064,-0.09645279691984007,1.1102230246251565e-16,-0.1398947821794698,-0.09852861606803047,False,False
0.95,0.75,0.1,2.0,0.7043051537235254,0.6068145544847634,0.5857569134703628,0.8318243439635804,0.425,0.5440816632433643,0.52867116892258,-0.20028010060818965,-0.15080699522205507,-0.14896983784702006,-0.022313323994841705,-0.08748994766821927,-0.1508069952220549,False,False
0.95,0.75,0.2,0.25,0.6830629224852252,0.9557031966458647,0.948748778007076,0.9939318344798832,0.475,0.9587631921313399,0.9532418577837053,-0.1809048378916255,0.11343227701219706,0.11356232133926522,0.6000762314570529,-0.15313030648205878,0.11343227701219707,False,False
0.95,0.75,0.2,0.5,0.6830629224852252,0.8228485933523293,0.795180781145827,0.9568354670200037,0.475,0.8227609994365632,0.8018210178638333,-0.1809048378916255,-0.01088211926807847,-0.009664654092456504,0.12579365092618394,-0.1793256871974249,-0.010882119268078472,False,False
0.95,0.75,0.2,1.0,0.6830629224852252,0.6830629224852252,0.6520333205425992,0.890768227426964,0.475,0.6718381641862007,0.6504039010545287,-0.1809048378916255,-0.09555693875594269,-0.09340346597408045,0.0,-0.1398947821794698,-0.09555693875594264,False,False
0.95,0.75,0.2,2.0,0.6830629224852252,0.5948234789041184,0.5735749292199435,0.8318243439635804,0.475,0.5758239543327291,0.5623986033683479,-0.1809048378916255,-0.13941644454407007,-0.13756197607063317,-0.017667147230885583,-0.08748994766821927,-0.13941644454407004,False,False
0.95,0.75,0.4,0.25,0.6382747116507971,0.9064919724360908,0.8926791790446192,0.9939318344798832,0.575,0.9383944401302551,0.9301905824119668,-0.14872304664903488,0.0607143073389233,0.06097330917375246,0.3816686229183579,-0.15313030648205878,0.06071430733892333,False,False
0.95,0.75,0.4,0.5,0.6382747116507971,0.7569016891106574,0.722408820022117,0.9568354670200037,0.575,0.8214697055441625,0.8022628526763853,-0.14872304664903488,-0.031017921750580255,-0.029493725294903815,0.0736960720394998,-0.1793256871974249,-0.03101792175058024,False,False
0.95,0.75,0.4,1.0,0.6382747116507971,0.6382747116507971,0.6053933435843194,0.890768227426964,0.575,0.7132449488483182,0.6971078181269594,-0.14872304664903488,-0.0892913017570522,-0.08700441044064564,0.0,-0.1398947821794698,-0.08929130175705215,False,False
0.95,0.75,0.4,2.0,0.6382747116507971,0.5705123575006075,0.5489556326022883,0.8318243439635804,0.575,0.6463611245008154,0.6370524059135954,-0.14872304664903488,-0.11952098077079625,-0.11763827034224728,-0.009846394083597443,-0.08748994766821927,-0.119520980770796,False,False
0.95,0.75,0.6,0.25,0.5909475121136714,0.8132905690025333,0.7889161476143786,0.9939318344798832,0.675,0.920381045812356,0.9107791852805345,-0.1257646183728553,0.01436415684706008,0.014823541431958472,0.18199606147856623,-0.15313030648205878,0.014364156847060081,False,False
0.95,0.75,0.6,0.5,0.5909475121136714,0.676069620021637,0.6356288321301811,0.9568354670200037,0.675,0.8412456185984571,0.8268149111645527,-0.1257646183728553,-0.04434320181012651,-0.04254708918881033,0.03255024558342884,-0.1793256871974249,-0.04434320181012657,False,False
0.95,0.75,0.6,1.0,0.5909475121136714,0.5909475121136714,0.5567516233292691,0.890768227426964,0.675,0.7718287605996665,0.7618856826325363,-0.1257646183728553,-0.0826704734866417,-0.08028680256489812,0.0,-0.1398947821794698,-0.08267047348664164,False,False
0.95,0.75,0.6,2.0,0.5909475121136714,0.5458562440254274,0.5240943021057312,0.8318243439635804,0.675,0.7265427656696188,0.7214978177607116,-0.1257646183728553,-0.10388987204937329,-0.10198786340209703,-0.004188001800531138,-0.08748994766821927,-0.10388987204937301,False,False
0.95,0.75,0.8,0.25,0.5418726283833252,0.6618467605443622,0.6267746279586508,0.9939318344798832,0.775,0.928353156416936,0.9215515534054675,-0.11246084900520781,-0.0150208146992108,-0.014354437341595763,0.041265538489472786,-0.15313030648205878,-0.015020814699210796,False,False
0.95,0.75,0.8,0.5,0.5418726283833252,0.5831620192357582,0.5390308678337509,0.9568354670200037,0.775,0.8914604876351686,0.8845391578949042,-0.11246084900520781,-0.04879357019847754,-0.04682234095921729,0.0069887894499351955,-0.1793256871974249,-0.04879357019847753,False,False
0.95,0.75,0.8,1.0,0.5418726283833252,0.5418726283833252,0.5069967780549285,0.890768227426964,0.775,0.8491848179695445,0.8460191988552278,-0.11246084900520781,-0.07580515331670211,-0.07336845998989129,0.0,-0.1398947821794698,-0.07580515331670205,False,False
0.95,0.75,0.8,2.0,0.5418726283833252,0.520973151475929,0.49911297919129033,0.8318243439635804,0.775,0.8165796287683604,0.815883943126471,-0.11246084900520781,-0.09291777375634352,-0.09100578873364436,-0.0008789731189954297,-0.08748994766821927,-0.09291777375634347,False,False
0.95,0.9,0.1,0.25,0.7043051537235254,0.9698669080497311,0.9705929430213597,0.99796906211513,0.5,0.9709104777979181,0.9715624347404542,-0.12528010060818967,0.1830609639542408,0.18306325429027231,0.7078637277914221,0.02513760168863385,0.1830609639542408,False,True
0.95,0.9,0.1,0.5,0.7043051537235254,0.8501486536981269,0.84677982818599,0.985185515469262,0.5,0.8525392742492756,0.8495572387017887,-0.12528010060818967,0.06606398851371807,0.06608598938139307,0.15440411915334765,-0.026202643536528354,0.06606398851371809,False,False
0.95,0.9,0.1,1.0,0.7043051537235254,0.7043051537235254,0.6973481531849405,0.9607296994499495,0.5,0.7062163632855004,0.7002282663028512,-0.12528010060818967,-0.023370294052882396,-0.023255126652968115,1.1102230246251565e-16,-0.03318205742117328,-0.023370294052882185,False,False
0.95,0.9,0.1,2.0,0.7043051537235254,0.6068145544847634,0.6010538417125229,0.9368626738208133,0.5,0.6078204505795046,0.6029995250858138,-0.12528010060818967,-0.0738554602071265,-0.07371683606185832,-0.022313323994841705,-0.024083809461575012,-0.07385546020712655,False,False
0.95,0.9,0.2,0.25,0.6830629224852252,0.9557031966458647,0.9567552795616325,0.99796906211513,0.55,0.9626215834879323,0.963461113105495,-0.10590483789162551,0.1560250794367227,0.15602839792955953,0.6000762314570529,0.02513760168863385,0.1560250794367227,False,True
0.95,0.9,0.2,0.5,0.6830629224852252,0.8228485933523293,0.8189967011727429,0.985185515469262,0.55,0.8460887969245059,0.8430643469779453,-0.10590483789162551,0.05211642127501953,0.052141582987121404,0.12579365092618394,-0.026202643536528354,0.052116421275019545,False,False
0.95,0.9,0.2,1.0,0.6830629224852252,0.6830629224852252,0.6758361712147525,0.9607296994499495,0.55,0.7196262517275894,0.7141286474056033,-0.10590483789162551,-0.022665433116179273,-0.022545771865623645,0.0,-0.03318205742117328,-0.022665433116179173,False,False
0.95,0.9,0.2,2.0,0.6830629224852252,0.5948234789041184,0.5890060718347376,0.9368626738208133,0.55,0.6383032191166869,0.6340165889888388,-0.10590483789162551,-0.06398552512016689,-0.06384552318039874,-0.017667147230885583,-0.024083809461575012,-0.06398552512016711,False,False
0.95,0.9,0.4,0.25,0.6382747116507971,0.9064919724360908,0.9086010806319123,0.99796906211513,0.65,0.9420541545725035,0.9433153360222583,-0.07372304664903488,0.1011139142638501,0.10112056413552581,0.3816686229183579,0.02513760168863385,0.1011139142638501,False,True
0.95,0.9,0.4,0.5,0.6382747116507971,0.7569016891106574,0.7520479676756874,0.985185515469262,0.65,0.8429279051017752,0.840087577621908,-0.07372304664903488,0.026931623443768496,0.026963347856974434,0.0736960720394998,-0.026202643536528354,0.026931623443768524,False,False
0.95,0.9,0.4,1.0,0.6382747116507971,0.6382747116507971,0.6305790312514657,0.9607296994499495,0.65,0.7578995872304546,0.7535843906730747,-0.07372304664903488,-0.021179268132479657,-0.021051778724571053,0.0,-0.03318205742117328,-0.021179268132479567,False,False
0.95,0.9,0.4,2.0,0.6382747116507971,0.5705123575006075,0.564601397335946,0.9368626738208133,0.65,0.7062867896955918,0.7031134158167434,-0.07372304664903488,-0.04717300999423211,-0.04703072876434921,-0.009846394083597443,-0.024083809461575012,-0.047173009994232074,False,False
0.95,0.9,0.6,0.25,0.5909475121136714,0.8132905690025333,0.8170776649533861,0.99796906211513,0.75,0.9236644849730187,0.9251716319967195,-0.0507646183728553,0.05061005896481859,0.050621990206082185,0.18199606147856623,0.02513760168863385,0.05061005896481858,False,True
0.95,0.9,0.6,0.5,0.5909475121136714,0.676069620021637,0.6703049892344791,0.985185515469262,0.75,0.8604122250811422,0.858191772799901,-0.0507646183728553,0.007417717162062899,0.007455422181305115,0.03255024558342884,-0.026202643536528354,0.007417717162062856,False,False
0.95,0.9,0.6,1.0,0.5909475121136714,0.5909475121136714,0.5829029224278116,0.9607296994499495,0.75,0.81317231843546,0.8102703960158817,-0.0507646183728553,-0.01960885427985542,-0.019475514589070916,0.0,-0.03318205742117328,-0.019608854279855335,False,False
0.95,0.9,0.6,2.0,0.5909475121136714,0.5458562440254274,0.5398796233207047,0.9368626738208133,0.75,0.7838785938841919,0.7818652934531862,-0.0507646183728553,-0.03466859915010112,-0.034524708892363545,-0.004188001800531138,-0.024083809461575012,-0.03466859915010105,False,False
0.95,0.9,0.8,0.25,0.5418726283833252,0.6618467605443622,0.6674496073532464,0.99796906211513,0.8500000000000001,0.9310251824489044,0.9321343727768341,-0.03746084900520781,0.014475694683737408,0.014493324239171722,0.041265538489472786,0.02513760168863385,0.014475694683737397,False,True
0.95,0.9,0.8,0.5,0.5418726283833252,0.5831620192357582,0.5767790300269412,0.985185515469262,0.8500000000000001,0.9079931591342697,0.9068111219874001,-0.03746084900520781,-0.004145798532070758,-0.0041040149403705345,0.0069887894499351955,-0.026202643536528354,-0.004145798532070732,False,False
0.95,0.9,0.8,1.0,0.5418726283833252,0.5418726283833252,0.5336245894810998,0.9607296994499495,0.8500000000000001,0.8870950247002061,0.8857693198863998,-0.03746084900520781,-0.017980448669977663,-0.01784366235745437,0.0,-0.03318205742117328,-0.017980448669977583,False,False
0.95,0.9,0.8,2.0,0.5418726283833252,0.520973151475929,0.5149600462757138,0.9368626738208133,0.8500000000000001,0.8713017784998511,0.8704788088441839,-0.03746084900520781,-0.02685198246747578,-0.026707184875816595,-0.0008789731189954297,-0.024083809461575012,-0.026851982467475922,False,False
0.95,0.95,0.1,0.25,0.7043051537235254,0.9698669080497311,0.9720684736972646,0.9990369473702875,0.525,0.9719461843684895,0.9739254732276833,-0.1002801006081897,0.19591115127386238,0.19593291752372602,0.7078637277914221,0.07813533658593676,0.1959111512738624,False,True
0.95,0.95,0.1,0.5,0.7043051537235254,0.8501486536981269,0.8526834077217589,0.9929274673668681,0.525,0.859121084232021,0.8613844357227408,-0.1002801006081897,0.08571924169127122,0.08573196866151489,0.15440411915334765,0.020036924313290107,0.08571924169127125,False,True
0.95,0.95,0.1,1.0,0.7043051537235254,0.7043051537235254,0.7043051537235254,0.981005693354874,0.525,0.7204968502896055,0.7204968502896055,-0.1002801006081897,0.0,0.0,1.1102230246251565e-16,2.0816681711721685e-17,1.256835986755035e-16,False,False
0.95,0.95,0.1,2.0,0.7043051537235254,0.6068145544847634,0.6059048144624067,0.9690648656695329,0.525,0.6273612092796184,0.6265705861892947,-0.1002801006081897,-0.049252306260987866,-0.04924883932220697,-0.022313323994841705,-0.003811426602343071,-0.04925230626098778,False,False
0.95,0.95,0.2,0.25,0.6830629224852252,0.9557031966458647,0.9588957256720435,0.9990369473702875,0.575,0.9636421648399373,0.9661931134874062,-0.08090483789162556,0.16868760560080828,0.16871915812845703,0.6000762314570529,0.07813533658593676,0.1686876056008083,False,True
0.95,0.95,0.2,0.5,0.6830629224852252,0.8228485933523293,0.8257504823844174,0.9929274673668681,0.575,0.8524592511532525,0.8547602386740457,-0.08090483789162556,0.07114050295624086,0.07115507067443358,0.12579365092618394,0.020036924313290107,0.07114050295624089,False,True
0.95,0.95,0.2,1.0,0.6830629224852252,0.6830629224852252,0.6830629224852252,0.981005693354874,0.575,0.7334760313805797,0.7334760313805797,-0.08090483789162556,0.0,0.0,0.0,2.0816681711721685e-17,1.4219103446453354e-17,False,False
0.95,0.95,0.2,2.0,0.6830629224852252,0.5948234789041184,0.5939045616699508,0.9690648656695329,0.575,0.65745783890048,0.6567511319412235,-0.08090483789162556,-0.0398685465241579,-0.039865044558457574,-0.017667147230885583,-0.003811426602343071,-0.039868546524157986,False,False
0.95,0.95,0.4,0.25,0.6382747116507971,0.9064919724360908,0.9129080115007546,0.9990369473702875,0.675,0.9430221839837866,0.9468656284392913,-0.048723046649034915,0.11312441957427537,0.1131877531722317,0.3816686229183579,0.07813533658593676,0.11312441957427538,False,True
0.95,0.95,0.4,0.5,0.6382747116507971,0.7569016891106574,0.7605695107870528,0.9929274673668681,0.675,0.8487878015700867,0.850962553787425,-0.048723046649034915,0.0444310269484057,0.044449431665103775,0.0736960720394998,0.020036924313290107,0.04443102694840574,False,True
0.95,0.95,0.4,1.0,0.6382747116507971,0.6382747116507971,0.6382747116507971,0.981005693354874,0.675,0.7708412413935536,0.7708412413935536,-0.048723046649034915,0.0,0.0,0.0,2.0816681711721685e-17,1.328676151707558e-17,False,False
0.95,0.95,0.4,2.0,0.6382747116507971,0.5705123575006075,0.5695782013086287,0.9690648656695329,0.675,0.7246585380838917,0.724126942615989,-0.048723046649034915,-0.024041720119881597,-0.024038159968970144,-0.009846394083597443,-0.003811426602343071,-0.024041720119881437,False,False
0.95,0.95,0.6,0.25,0.5909475121136714,0.8132905690025333,0.8248660965837002,0.9990369473702875,0.7749999999999999,0.924532985979815,0.9291520491700045,-0.025764618372855333,0.061385698457436806,0.0614996953039729,0.18199606147856623,0.07813533658593676,0.0613856984574368,False,True
0.95,0.95,0.6,0.5,0.5909475121136714,0.676069620021637,0.6804421241879712,0.9929274673668681,0.7749999999999999,0.8656463235587826,0.8673644005469114,-0.025764618372855333,0.02304830069515862,0.023070229656040143,0.03255024558342884,0.020036924313290107,0.023048300695158588,False,True
0.95,0.95,0.6,1.0,0.5909475121136714,0.5909475121136714,0.5909475121136714,0.981005693354874,0.7749999999999999,0.8251543665892072,0.8251543665892072,-0.025764618372855333,0.0,0.0,0.0,2.0816681711721685e-17,1.2301566268004092e-17,False,False
0.95,0.95,0.6,2.0,0.5909475121136714,0.5458562440254274,0.5449112380021055,0.9690648656695329,0.7749999999999999,0.8014563613761201,0.8011075928550659,-0.025764618372855333,-0.012536985620129637,-0.012533384006710228,-0.004188001800531138,-0.003811426602343071,-0.012536985620129447,False,False
0.95,0.95,0.8,0.25,0.5418726283833252,0.6618467605443622,0.6791068380145624,0.9990369473702875,0.875,0.9317319588456634,0.9351673519767069,-0.012460849005207844,0.0232447894732296,0.023414115844228214,0.041265538489472786,0.07813533658593676,0.023244789473229603,False,True
0.95,0.95,0.8,0.5,0.5418726283833252,0.5831620192357582,0.5880244115836163,0.9929274673668681,0.875,0.9125079714357037,0.91344606047672,-0.012460849005207844,0.009336781345873717,0.009361152117114446,0.0069887894499351955,0.020036924313290107,0.009336781345873756,False,True
0.95,0.95,0.8,1.0,0.5418726283833252,0.5418726283833252,0.5418726283833252,0.981005693354874,0.875,0.8980820308105517,0.8980820308105517,-0.012460849005207844,0.0,0.0,0.0,2.0816681711721685e-17,1.1279990033349727e-17,False,False
0.95,0.95,0.8,2.0,0.5418726283833252,0.520973151475929,0.5200218964798164,0.9690648656695329,0.875,0.8880782558717111,0.887917432073576,-0.012460849005207844,-0.005729248095274556,-0.005725622551094471,-0.0008789731189954297,-0.003811426602343071,-0.005729248095274584,False,False
0.95,0.99,0.1,0.25,0.7043051537235254,0.9698669080497311,0.9731464002695045,0.9998150277676352,0.545,0.9727008187976792,0.9756517551804784,-0.08028010060818969,0.20572242947050826,0.2057719539615037,0.7078637277914221,0.11859976779897807,0.20572242947050826,False,True
0.95,0.99,0.1,0.5,0.7043051537235254,0.8501486536981269,0.8570885160167375,0.998634843137919,0.545,0.8639732020599292,0.8702096041460127,-0.08028010060818969,0.10081422041435907,0.10091122586264042,0.15440411915334765,0.05554831083945828,0.10081422041435908,False,True
0.95,0.99,0.1,1.0,0.7043051537235254,0.7043051537235254,0.7096446287550238,0.9962978032414466,0.545,0.7312671620940251,0.7360529218352196,-0.08028010060818969,0.018153472080707406,0.01822240695928047,1.1102230246251565e-16,0.02577500957466162,0.0181534720807075,False,True
0.95,0.99,0.1,2.0,0.7043051537235254,0.6068145544847634,0.6097014721985027,0.9939107340081471,0.545,0.6424380438063015,0.6450186905388114,-0.08028010060818969,-0.029922700466597542,-0.029887708189830157,-0.022313323994841705,0.012115684614363614,-0.029922700466597493,False,True
0.95,0.99,0.2,0.25,0.6830629224852252,0.9557031966458647,0.9604613342807562,0.9998150277676352,0.595,0.96438577876293,0.968191408747503,-0.06090483789162554,0.17835560216599838,0.17842741869250156,0.6000762314570529,0.11859976779897807,0.17835560216599838,False,True
0.95,0.99,0.2,0.5,0.6830629224852252,0.8228485933523293,0.8308011398696199,0.998634843137919,0.595,0.8571555572781948,0.8635067380185781,-0.06090483789162554,0.08575075018176505,0.08586185615379717,0.12579365092618394,0.05554831083945828,0.08575075018176506,False,True
0.95,0.99,0.2,1.0,0.6830629224852252,0.6830629224852252,0.688616390687125,0.9962978032414466,0.595,0.7439215046506672,0.7483437191802114,-0.06090483789162554,0.01760595336715304,0.017677637991638042,0.0,0.02577500957466162,0.017605953367153024,False,True
0.95,0.99,0.2,2.0,0.6830629224852252,0.5948234789041184,0.5977400755614041,0.9939107340081471,0.595,0.6722367447420483,0.6745522621350396,-0.06090483789162554,-0.020920907118529314,-0.020885556812952843,-0.017667147230885583,0.012115684614363614,-0.020920907118529432,False,True
0.95,0.99,0.4,0.25,0.6382747116507971,0.9064919724360908,0.9160719214023082,0.9998150277676352,0.6950000000000001,0.9437275076178921,0.9494737049730764,-0.02872304664903491,0.12229459009022897,0.12243892172694881,0.3816686229183579,0.11859976779897807,0.12229459009022897,False,True
0.95,0.99,0.4,0.5,0.6382747116507971,0.7569016891106574,0.7669763031337855,0.998634843137919,0.6950000000000001,0.8531077239315843,0.8591387389169947,-0.02872304664903491,0.05787034117056477,0.05801092672068783,0.0736960720394998,0.05554831083945828,0.057870341170564804,False,True
0.95,0.99,0.4,1.0,0.6382747116507971,0.6382747116507971,0.6442041874359726,0.9962978032414466,0.6950000000000001,0.780601808421938,0.7841375418070116,-0.02872304664903491,0.01645153680406369,0.01652804568311393,0.0,0.02577500957466162,0.01645153680406368,False,True
0.95,0.99,0.4,2.0,0.6382747116507971,0.5705123575006075,0.5734784693120157,0.9939107340081471,0.6950000000000001,0.7388334130039043,0.7405950186469679,-0.02872304664903491,-0.005868492583046163,-0.0058325456589443355,-0.009846394083597443,0.012115684614363614,-0.005868492583046038,False,True
0.95,0.99,0.6,0.25,0.5909475121136714,0.8132905690025333,0.8306350470248043,0.9998150277676352,0.7949999999999999,0.9251657914289038,0.9321003743909931,-0.005764618372855315,0.06961303352884136,0.0698734383209568,0.18199606147856623,0.11859976779897807,0.06961303352884135,False,True
0.95,0.99,0.6,0.5,0.5909475121136714,0.676069620021637,0.6881137785680587,0.998634843137919,0.7949999999999999,0.8695049069276376,0.8743061281805188,-0.005764618372855315,0.035052385492752615,0.035220207637341426,0.03255024558342884,0.05554831083945828,0.03505238549275258,False,True
0.95,0.99,0.6,1.0,0.5909475121136714,0.5909475121136714,0.5971631531573491,0.9962978032414466,0.7949999999999999,0.8341912008816461,0.836654445772993,-0.005764618372855315,0.015231677782852355,0.01531184661943108,0.0,0.02577500957466162,0.015231677782852343,False,True
0.95,0.99,0.6,2.0,0.5909475121136714,0.5458562440254274,0.548857983951897,0.9939107340081471,0.7949999999999999,0.8150186337469864,0.8162010513247235,-0.005764618372855315,0.00485084059372393,0.004887215683574624,-0.004188001800531138,0.012115684614363614,0.004850840593724086,False,True
0.95,0.99,0.8,0.25,0.5418726283833252,0.6618467605443622,0.6878602425665961,0.9998150277676352,0.895,0.9322469288360911,0.9374448134686967,0.007539150994792167,0.029940102652135,0.030328418598897837,0.041265538489472786,0.11859976779897807,0.029940102652135,False,True
0.95,0.99,0.8,0.5,0.5418726283833252,0.5831620192357582,0.5965994000431813,0.998634843137919,0.895,0.9158362962148869,0.9185054282437539,0.007539150994792167,0.019691227282104585,0.01987814382117635,0.0069887894499351955,0.05554831083945828,0.019691227282104616,False,True
0.95,0.99,0.8,1.0,0.5418726283833252,0.5418726283833252,0.5482639372475296,0.9962978032414466,0.895,0.9063684065883155,0.9076230064781965,0.007539150994792167,0.013966772184827274,0.01404917210298091,0.0,0.02577500957466162,0.013966772184827263,False,True
0.95,0.99,0.8,2.0,0.5418726283833252,0.520973151475929,0.5239959381874145,0.9939107340081471,0.895,0.9010222862012349,0.9016084369912092,0.007539150994792167,0.010865946553676077,0.01090257300971638,-0.0008789731189954297,0.012115684614363614,0.010865946553676016,False,True
0.99,0.01,0.1,0.25,0.7096446287550238,0.972738369656369,0.507291880622963,0.3554609871366476,0.055,0.34849670413810924,0.22959328459034853,-0.5885025075674706,-0.678423082894814,-0.5398297201536113,0.7351178364958113,-3.545465333390107,-0.6784230828948139,False,False
0.99,0.01,0.1,0.5,0.7096446287550238,0.8565980745253687,0.4655378598775482,0.06945315965638062,0.055,0.07383363537882177,0.08577928932041029,-0.5885025075674706,-0.7436646490264989,-0.5768289061722143,0.16195172791319293,-1.925384932577672,-0.7436646490264988,False,True
0.99,0.01,0.1,1.0,0.7096446287550238,0.7096446287550238,0.4792711039909034,0.02672363098939525,0.055,0.04799981831695327,0.06488075372784263,-0.5885025075674706,-0.6930544627811689,-0.5841239623184352,5.551115123125783e-17,-0.9766218677608254,-0.6930544627811689,True,True
0.99,0.01,0.1,2.0,0.7096446287550238,0.6098851232802006,0.489118283845254,0.016380946025790093,0.055,0.04900198295836525,0.05910039182337079,-0.5885025075674706,-0.6452991381147117,-0.5865624870707796,-0.023584406804018077,-0.49036310419386575,-0.6452991381147114,True,True
0.99,0.01,0.2,0.25,0.688616390687125,0.9598685073257376,0.4083403806292562,0.3554609871366476,0.10500000000000001,0.3492221056702396,0.26348099866037855,-0.5685824758832638,-0.6937659255009757,-0.5156633268396615,0.6281168153324078,-3.545465333390107,-0.6937659255009756,False,False
0.99,0.01,0.2,0.5,0.688616390687125,0.8302383539712385,0.41627898780843353,0.06945315965638062,0.10500000000000001,0.09161500615696735,0.14565609344016897,-0.5685824758832638,-0.7327403207791026,-0.5509900015892506,0.1330477756261052,-1.925384932577672,-0.7327403207791024,True,True
0.99,0.01,0.2,1.0,0.688616390687125,0.688616390687125,0.4543863897756558,0.02672363098939525,0.10500000000000001,0.08067905218054697,0.12126557625183698,-0.5685824758832638,-0.6725178256435782,-0.5608854291050429,-5.551115123125783e-17,-0.9766218677608254,-0.6725178256435782,True,True
0.99,0.01,0.2,2.0,0.688616390687125,0.5979256433040582,0.47663359804077954,0.016380946025790093,0.10500000000000001,0.09020945902958798,0.11248098963542823,-0.5685824758832638,-0.6240417049344247,-0.5649298713089732,-0.018820177939520177,-0.49036310419386575,-0.6240417049344245,True,True
0.99,0.01,0.4,0.25,0.6442041874359726,0.9148725268920949,0.23670491667132068,0.3554609871366476,0.20500000000000002,0.3592524807564253,0.3894573966715573,-0.5352510923321491,-0.7085487290459013,-0.4460102420886672,0.40945391238332607,-3.545465333390107,-0.708548729045901,False,True
0.99,0.01,0.4,0.5,0.6442041874359726,0.7662609511860763,0.3234268792012183,0.06945315965638062,0.20500000000000002,0.14671486370674608,0.2930922669978398,-0.5352510923321491,-0.6977233465779017,-0.49146730746406875,0.07990059668050298,-1.925384932577672,-0.6977233465779016,True,True
0.99,0.01,0.4,1.0,0.6442041874359726,0.6442041874359726,0.40541242376838177,0.02672363098939525,0.20500000000000002,0.15953380001247314,0.24866912250394987,-0.5352510923321491,-0.6291438967530645,-0.513511009926062,5.551115123125783e-17,-0.9766218677608254,-0.6291438967530645,True,True
0.99,0.01,0.4,2.0,0.6442041874359726,0.5736672465168545,0.4517670198565693,0.016380946025790093,0.20500000000000002,0.17993031359521444,0.2266935632258748,-0.5352510923321491,-0.5840857046871956,-0.5244355811799506,-0.010737600567245487,-0.49036310419386575,-0.5840857046871958,True,True
0.99,0.01,0.6,0.25,0.5971631531573491,0.8284433498301882,0.12229972064117706,0.3554609871366476,0.305,0.3974132810193169,0.5700929470409428,-0.5110764649922868,-0.6829571181997803,-0.3567507323575162,0.20538870470138423,-3.545465333390107,-0.6829571181997802,False,True
0.99,0.01,0.6,0.5,0.5971631531573491,0.6872550476321355,0.24267535238902757,0.06945315965638062,0.305,0.23537900596856687,0.471249358560727,-0.5110764649922868,-0.6430816774083988,-0.4236684269230031,0.03706715873206645,-1.925384932577672,-0.6430816774083986,True,True
0.99,0.01,0.6,1.0,0.5971631531573491,0.5971631531573491,0.3582510613152952,0.02672363098939525,0.305,0.25766047585103125,0.394623132374972,-0.5110764649922868,-0.5832025939944742,-0.4656655325368912,1.1102230246251565e-16,-0.9766218677608254,-0.583202593994474,True,True
0.99,0.01,0.6,2.0,0.5971631531573491,0.549049089365209,0.4271389702714879,0.016380946025790093,0.305,0.2795644898792753,0.350713558254636,-0.5110764649922868,-0.5480440757386473,-0.48814658071695005,-0.004788622053384484,-0.49036310419386575,-0.5480440757386471,True,True
0.99,0.01,0.8,0.25,0.5482639372475296,0.6845226669643418,0.05892095099860384,0.3554609871366476,0.405,0.49570296934508223,0.7738073386061106,-0.4965100211081891,-0.593117551618689,-0.25961478184566844,0.05448117916705947,-3.545465333390107,-0.5931175516186888,False,True
0.99,0.01,0.8,0.5,0.5482639372475296,0.59563676643796,0.17681638331977645,0.06945315965638062,0.405,0.36485944228625794,0.670827349844751,-0.4965100211081891,-0.568777783088815,-0.3507956130620121,0.009274489211304138,-1.925384932577672,-0.5687777830888149,True,True
0.99,0.01,0.8,1.0,0.5482639372475296,0.5482639372475296,0.31368161388880805,0.02672363098939525,0.405,0.3760404533457723,0.557437420586676,-0.4965100211081891,-0.5354465504205863,-0.4182435624372648,0.0,-0.9766218677608254,-0.5354465504205863,True,True
0.99,0.01,0.8,2.0,0.5482639372475296,0.5241884452378106,0.4028669152710776,0.016380946025790093,0.405,0.38923594643853493,0.48430580897777004,-0.4965100211081891,-0.5164229356189647,-0.4565738463499701,-0.0011687946201134336,-0.49036310419386575,-0.5164229356189649,True,True
0.99,0.05,0.1,0.25,0.7096446287550238,0.972738369656369,0.7115425470321861,0.7418413371607371,0.07500000000000001,0.7243436958877992,0.556697419833895,-0.5685025075674706,-0.46594832089417026,-0.4059873825513501,0.7351178364958113,-2.6717473075423017,-0.46594832089417015,False,False
0.99,0.05,0.1,0.5,0.7096446287550238,0.8565980745253687,0.5192946911682134,0.2800045621650742,0.07500000000000001,0.2541915613563846,0.19347541351838168,-0.5685025075674706,-0.6514584708768938,-0.5238256677560631,0.16195172791319293,-1.710100353049063,-0.6514584708768939,False,False
0.99,0.05,0.1,1.0,0.7096446287550238,0.7096446287550238,0.4956056413673556,0.12516099799833544,0.07500000000000001,0.11785536708363466,0.1124699325504078,-0.5685025075674706,-0.6466541715723247,-0.5522528288607391,5.551115123125783e-17,-0.9112366181179907,-0.6466541715723247,False,False
0.99,0.05,0.1,2.0,0.7096446287550238,0.6098851232802006,0.4954804030999677,0.07984616815180759,0.07500000000000001,0.08770847777869675,0.09001417127184866,-0.5685025075674706,-0.6142500588493597,-0.5614996772060701,-0.023584406804018077,-0.4649082454998562,-0.6142500588493593,False,True
0.99,0.05,0.2,0.25,0.688616390687125,0.9598685073257376,0.6231376914358965,0.7418413371607371,0.125,0.7200964355078584,0.537641759962881,-0.5485824758832638,-0.48410232117744506,-0.4029004241433708,0.6281168153324078,-2.6717473075423017,-0.48410232117744495,False,False
0.99,0.05,0.2,0.5,0.688616390687125,0.8302383539712385,0.4693427823229706,0.2800045621650742,0.125,0.2664228560021208,0.23754956380508702,-0.5485824758832638,-0.6433715633074913,-0.5033365625185162,0.1330477756261052,-1.710100353049063,-0.6433715633074913,False,False
0.99,0.05,0.2,1.0,0.688616390687125,0.688616390687125,0.4706393452720423,0.12516099799833544,0.125,0.14846463655898723,0.16477782109712352,-0.5485824758832638,-0.6274924710303527,-0.5306443439934098,-5.551115123125783e-17,-0.9112366181179907,-0.6274924710303528,False,True
0.99,0.05,0.2,2.0,0.688616390687125,0.5979256433040582,0.4829868504438928,0.07984616815180759,0.125,0.12815694279672193,0.14196727918687646,-0.5485824758832638,-0.5936014794147657,-0.540502896097846,-0.018820177939520177,-0.4649082454998562,-0.5936014794147655,False,True
0.99,0.05,0.4,0.25,0.6442041874359726,0.9148725268920949,0.4262635363130528,0.7418413371607371,0.225,0.7127412479244162,0.5457144972361184,-0.515251092332149,-0.5087135745212628,-0.3746416098250892,0.40945391238332607,-2.6717473075423017,-0.5087135745212625,False,False
0.99,0.05,0.4,0.5,0.6442041874359726,0.7662609511860763,0.37220173127542583,0.2800045621650742,0.225,0.30805218166662,0.3553374902926879,-0.515251092332149,-0.6152412632352585,-0.4540564864799547,0.07990059668050298,-1.710100353049063,-0.6152412632352584,False,True
0.99,0.05,0.4,1.0,0.6442041874359726,0.6442041874359726,0.4212661484669528,0.12516099799833544,0.225,0.22294756403980406,0.2842196321782577,-0.515251092332149,-0.5870224451366037,-0.48648569660241486,5.551115123125783e-17,-0.9112366181179907,-0.5870224451366037,True,True
0.99,0.05,0.4,2.0,0.6442041874359726,0.5736672465168545,0.4580789245428303,0.07984616815180759,0.225,0.21633823282182746,0.2533442770187139,-0.515251092332149,-0.5548804672922596,-0.5012756426852305,-0.010737600567245487,-0.4649082454998562,-0.5548804672922597,True,True
0.99,0.05,0.6,0.25,0.5971631531573491,0.8284433498301882,0.25028133765104127,0.7418413371607371,0.325,0.7175075125018343,0.6355002395988016,-0.49107646499228674,-0.5020006461646868,-0.3173489452088309,0.20538870470138423,-2.6717473075423017,-0.5020006461646866,False,False
0.99,0.05,0.6,0.5,0.5971631531573491,0.6872550476321355,0.28439120056191997,0.2800045621650742,0.325,0.380081520128692,0.5089961132597882,-0.49107646499228674,-0.5691039704291996,-0.3953392398544668,0.03706715873206645,-1.710100353049063,-0.5691039704291995,False,True
0.99,0.05,0.6,1.0,0.5971631531573491,0.5971631531573491,0.3734187788865659,0.12516099799833544,0.325,0.3164436443225972,0.4226861997048228,-0.49107646499228674,-0.5441569321477784,-0.44174677514249727,1.1102230246251565e-16,-0.9112366181179907,-0.5441569321477784,True,True
0.99,0.05,0.6,2.0,0.5971631531573491,0.549049089365209,0.4333787878464928,0.07984616815180759,0.325,0.3144100122939259,0.37457636285992185,-0.49107646499228674,-0.5200921417669154,-0.46624231677218886,-0.004788622053384484,-0.4649082454998562,-0.5200921417669152,True,True
0.99,0.05,0.8,0.25,0.5482639372475296,0.6845226669643418,0.1304356447659287,0.7418413371607371,0.42500000000000004,0.7601890770061879,0.7924140373138365,-0.4765100211081891,-0.4435976033116492,-0.239856082784058,0.05448117916705947,-2.6717473075423017,-0.44359760331164916,False,True
0.99,0.05,0.8,0.5,0.5482639372475296,0.59563676643796,0.21035566553020318,0.2800045621650742,0.42500000000000004,0.4902715988455135,0.6906160136015649,-0.4765100211081891,-0.5046620776816267,-0.3299972891743056,0.009274489211304138,-1.710100353049063,-0.5046620776816267,False,True
0.99,0.05,0.8,1.0,0.5482639372475296,0.5482639372475296,0.32792657151981724,0.12516099799833544,0.42500000000000004,0.4300101117543739,0.578702359745739,-0.4765100211081891,-0.4995981760134931,-0.39726952581147135,0.0,-0.9112366181179907,-0.49959817601349316,False,True
0.99,0.05,0.8,2.0,0.5482639372475296,0.5241884452378106,0.409005313323455,0.07984616815180759,0.42500000000000004,0.4225036825514443,0.5054532563638434,-0.4765100211081891,-0.4897366500138428,-0.43590787820514004,-0.0011687946201134336,-0.4649082454998562,-0.4897366500138429,True,True
0.99,0.1,0.1,0.25,0.7096446287550238,0.972738369656369,0.8099983246226025,0.8584864497582144,0.1,0.837808872544253,0.7143727535530995,-0.5435025075674705,-0.33289919170183574,-0.3016087054362689,0.7351178364958113,-2.124635634588204,-0.3328991917018357,False,False
0.99,0.1,0.1,0.5,0.7096446287550238,0.8565980745253687,0.572982140037064,0.45085306037928424,0.1,0.4005400559622278,0.30103253737467556,-0.5435025075674705,-0.5585982717153071,-0.4646113778388782,0.16195172791319293,-1.4932887539498245,-0.558598271715307,False,False
0.99,0.1,0.1,1.0,0.7096446287550238,0.7096446287550238,0.5146370863175305,0.23196931668407414,0.1,0.19365131674532396,0.16791630462160737,-0.5435025075674705,-0.5926197248312924,-0.513791295898086,5.551115123125783e-17,-0.8350936522565726,-0.5926197248312924,False,False
0.99,0.1,0.1,2.0,0.7096446287550238,0.6098851232802006,0.5032136366157296,0.1548280989602547,0.1,0.13343884189359398,0.12759024706651687,-0.5435025075674705,-0.5765181697115526,-0.530606473399273,-0.023584406804018077,-0.43397464202477054,-0.5765181697115523,False,False
0.99,0.1,0.2,0.25,0.688616390687125,0.9598685073257376,0.7407747627273878,0.8584864497582144,0.15000000000000002,0.8320604056236416,0.6877901435788413,-0.5235824758832639,-0.3528135049627107,-0.3093547827175247,0.6281168153324078,-2.124635634588204,-0.3528135049627107,False,False
0.99,0.1,0.2,0.5,0.688616390687125,0.8302383539712385,0.5234898726181926,0.45085306037928424,0.15000000000000002,0.40826783193794464,0.3313190366238353,-0.5235824758832639,-0.5533689107284795,-0.44952291494981733,0.1330477756261052,-1.4932887539498245,-0.5533689107284795,False,False
0.99,0.1,0.2,1.0,0.688616390687125,0.688616390687125,0.4896427514652168,0.23196931668407414,0.15000000000000002,0.22201459546772084,0.21565354418365296,-0.5235824758832639,-0.57505917670265,-0.4940853452758148,-5.551115123125783e-17,-0.8350936522565726,-0.57505917670265,False,False
0.99,0.1,0.2,2.0,0.688616390687125,0.5979256433040582,0.49071474847105384,0.1548280989602547,0.15000000000000002,0.17299056201154306,0.17783348194332205,-0.5235824758832639,-0.5566094898996591,-0.5103828293465892,-0.018820177939520177,-0.43397464202477054,-0.5566094898996589,False,True
0.99,0.1,0.4,0.25,0.6442041874359726,0.9148725268920949,0.562176325982862,0.8584864497582144,0.25,0.8194566568360832,0.6577502278379991,-0.49025109233214903,-0.3835792148393434,-0.30705313237309195,0.40945391238332607,-2.124635634588204,-0.3835792148393434,False,False
0.99,0.1,0.4,0.5,0.6442041874359726,0.7662609511860763,0.4240984041605495,0.45085306037928424,0.25,0.4389667144169533,0.42156670175353456,-0.49025109233214903,-0.5321741321582802,-0.41091544589328866,0.07990059668050298,-1.4932887539498245,-0.5321741321582801,False,False
0.99,0.1,0.4,1.0,0.6442041874359726,0.6442041874359726,0.43993276730246467,0.23196931668407414,0.25,0.2917539301901528,0.32607779649710067,-0.49025109233214903,-0.537970827684884,-0.45369982882117615,5.551115123125783e-17,-0.8350936522565726,-0.537970827684884,False,True
0.99,0.1,0.4,2.0,0.6442041874359726,0.5736672465168545,0.4657673204343497,0.1548280989602547,0.25,0.2593529106072266,0.28580694060692224,-0.49025109233214903,-0.5193892770314662,-0.4726978426504499,-0.010737600567245487,-0.43397464202477054,-0.5193892770314665,False,True
0.99,0.1,0.6,0.25,0.5971631531573491,0.8284433498301882,0.3658642441245377,0.8584864497582144,0.35,0.8141413803234079,0.6945709495572244,-0.4660764649922867,-0.38868788939636373,-0.27549020476225416,0.20538870470138423,-2.124635634588204,-0.3886878893963638,False,False
0.99,0.1,0.6,0.5,0.5971631531573491,0.6872550476321355,0.3304896477298328,0.45085306037928424,0.35,0.49749801290677775,0.5507084804647671,-0.4660764649922867,-0.49460153749612634,-0.3620457296314427,0.03706715873206645,-1.4932887539498245,-0.49460153749612623,False,True
0.99,0.1,0.6,1.0,0.5971631531573491,0.5971631531573491,0.3913991094054628,0.23196931668407414,0.35,0.38022563669240794,0.45595311831626273,-0.4660764649922867,-0.4986871585632217,-0.41263106738144656,1.1102230246251565e-16,-0.8350936522565726,-0.4986871585632216,False,True
0.99,0.1,0.6,2.0,0.5971631531573491,0.549049089365209,0.4409899719225306,0.1548280989602547,0.35,0.3555787731231489,0.4036836558597832,-0.4660764649922867,-0.4861240081293548,-0.43919509276766144,-0.004788622053384484,-0.43397464202477054,-0.48612400812935463,False,True
0.99,0.1,0.8,0.25,0.5482639372475296,0.6845226669643418,0.20587025562653555,0.8584864497582144,0.45,0.8400353005697689,0.8120406203624122,-0.4515100211081891,-0.3499700179371837,-0.21716970998007767,0.05448117916705947,-2.124635634588204,-0.3499700179371837,False,False
0.99,0.1,0.8,0.5,0.5482639372475296,0.59563676643796,0.24862272693830606,0.45085306037928424,0.45,0.5920352458726073,0.7131941357693337,-0.4515100211081891,-0.44009159777477,-0.3051599151758282,0.009274489211304138,-1.4932887539498245,-0.4400915977747699,False,True
0.99,0.1,0.8,1.0,0.5482639372475296,0.5482639372475296,0.3449222455502546,0.23196931668407414,0.45,0.4885692610878059,0.6040735811692253,-0.4515100211081891,-0.45785173375660787,-0.37165586035946396,0.0,-0.8350936522565726,-0.45785173375660787,False,True
0.99,0.1,0.8,2.0,0.5482639372475296,0.5241884452378106,0.416503089759289,0.1548280989602547,0.45,0.46180834428285333,0.5312839097910719,-0.4515100211081891,-0.4573065749914265,-0.4103721372544064,-0.0011687946201134336,-0.43397464202477054,-0.4573065749914267,False,True
0.99,0.25,0.1,0.25,0.7096446287550238,0.972738369656369,0.9061235482327102,0.9479149938275157,0.175,0.9247994487029677,0.8683157428067051,-0.4685025075674704,-0.1341695211696287,-0.12534537667757556,0.7351178364958113,-1.3074388354019622,-0.1341695211696287,False,False
0.99,0.25,0.1,0.5,0.7096446287550238,0.8565980745253687,0.6801494271163152,0.7112345942275942,0.175,0.6235823764986522,0.5157308590975715,-0.4685025075674704,-0.361396595350315,-0.32012542185419257,0.16195172791319293,-1.0328588692007623,-0.3613965953503149,False,False
0.99,0.25,0.1,1.0,0.7096446287550238,0.7096446287550238,0.5639906584187004,0.47536688641867186,0.175,0.3663770947595076,0.31170341741984425,-0.4685025075674704,-0.45153602786655056,-0.40655807790996934,5.551115123125783e-17,-0.6362847114882131,-0.4515360278665504,False,False
0.99,0.25,0.1,2.0,0.7096446287550238,0.6098851232802006,0.5250534573731668,0.3546612443924435,0.175,0.2553141044309747,0.23371076682720543,-0.4685025075674704,-0.4698576760652514,-0.4406908224492615,-0.023584406804018077,-0.3465315403856952,-0.46985767606525125,False,False
0.99,0.25,0.2,0.25,0.688616390687125,0.9598685073257376,0.8661335080639947,0.9479149938275157,0.225,0.9179000487317557,0.8477942373374872,-0.4485824758832638,-0.15671313700614356,-0.14414119489012392,0.6281168153324078,-1.3074388354019622,-0.15671313700614353,False,False
0.99,0.25,0.2,0.5,0.688616390687125,0.8302383539712385,0.6351693986294364,0.7112345942275942,0.225,0.6244465680046718,0.5247205697741049,-0.4485824758832638,-0.36223563591186525,-0.31599499668115394,0.1330477756261052,-1.0328588692007623,-0.3622356359118652,False,False
0.99,0.25,0.2,1.0,0.688616390687125,0.688616390687125,0.5392625051349306,0.47536688641867186,0.225,0.3896221514403773,0.3484950370013389,-0.4485824758832638,-0.4381560814744121,-0.3918028328180941,-5.551115123125783e-17,-0.6362847114882131,-0.43815608147441193,False,False
0.99,0.25,0.2,2.0,0.688616390687125,0.5979256433040582,0.5125718059691157,0.3546612443924435,0.225,0.29247592404755796,0.27927499335166556,-0.4485824758832638,-0.45204054429956664,-0.42265224962570014,-0.018820177939520177,-0.3465315403856952,-0.45204054429956647,False,False
0.99,0.25,0.4,0.25,0.6442041874359726,0.9148725268920949,0.7440633238053409,0.9479149938275157,0.325,0.9012723749250459,0.8076834514700841,-0.41525109233214896,-0.19667148967943113,-0.172831581543291,0.40945391238332607,-1.3074388354019622,-0.19667148967943113,False,False
0.99,0.25,0.4,0.5,0.6442041874359726,0.7662609511860763,0.5385380603036427,0.7112345942275942,0.325,0.6384869162148488,0.5676116746747198,-0.41525109233214896,-0.3557694114371243,-0.30014683296015293,0.07990059668050298,-1.0328588692007623,-0.3557694114371242,False,False
0.99,0.25,0.4,1.0,0.6442041874359726,0.6442041874359726,0.48934511813214315,0.47536688641867186,0.325,0.4485516638249198,0.4368804179377968,-0.41525109233214896,-0.40989727554219674,-0.3613369779938346,5.551115123125783e-17,-0.6362847114882131,-0.40989727554219657,False,False
0.99,0.25,0.4,2.0,0.6442041874359726,0.5736672465168545,0.4875770135546069,0.3546612443924435,0.325,0.37399064091011247,0.3778938649425854,-0.41525109233214896,-0.41906279034310284,-0.3893357542285459,-0.010737600567245487,-0.3465315403856952,-0.41906279034310284,False,True
0.99,0.25,0.6,0.25,0.5971631531573491,0.8284433498301882,0.5664044197326031,0.9479149938275157,0.425,0.8882278629426165,0.7970605901951462,-0.39107646499228665,-0.21943757594927427,-0.1804525046275483,0.20538870470138423,-1.3074388354019622,-0.21943757594927427,False,False
0.99,0.25,0.6,0.5,0.5971631531573491,0.6872550476321355,0.43892121325119005,0.7112345942275942,0.425,0.6764465363542265,0.6488232230538795,-0.39107646499228665,-0.33638515630888866,-0.27370308353088885,0.03706715873206645,-1.0328588692007623,-0.33638515630888854,False,False
0.99,0.25,0.6,1.0,0.5971631531573491,0.5971631531573491,0.43963932095145597,0.47536688641867186,0.425,0.5255736969059561,0.5452063825770392,-0.39107646499228665,-0.37996578461811564,-0.33004901270494025,1.1102230246251565e-16,-0.6362847114882131,-0.37996578461811537,False,True
0.99,0.25,0.6,2.0,0.5971631531573491,0.549049089365209,0.46264419450827304,0.3546612443924435,0.425,0.4652969796476775,0.48649544903028,-0.39107646499228665,-0.39010289747694743,-0.36018117846528575,-0.004788622053384484,-0.3465315403856952,-0.3901028974769472,False,True
0.99,0.25,0.8,0.25,0.5482639372475296,0.6845226669643418,0.3698631579819866,0.9479149938275157,0.525,0.9012511660588252,0.854708306729931,-0.376510021108189,-0.21012258483376114,-0.1593422478404911,0.05448117916705947,-1.3074388354019622,-0.21012258483376117,False,False
0.99,0.25,0.8,0.5,0.5482639372475296,0.59563676643796,0.3439949732083304,0.7112345942275942,0.525,0.7471280607341708,0.7694651466194946,-0.376510021108189,-0.302967113913103,-0.2372901977505475,0.009274489211304138,-1.0328588692007623,-0.30296711391310294,False,True
0.99,0.25,0.8,1.0,0.5482639372475296,0.5482639372475296,0.39111542886052547,0.47536688641867186,0.525,0.6220153709869767,0.6730309805593111,-0.376510021108189,-0.3488519611309363,-0.2985306340724025,0.0,-0.6362847114882131,-0.34885196113093614,False,True
0.99,0.25,0.8,2.0,0.5482639372475296,0.5241884452378106,0.4378968053820818,0.3546612443924435,0.525,0.5665585700939336,0.6049875816066193,-0.376510021108189,-0.3656332480015091,-0.3356647309720542,-0.0011687946201134336,-0.3465315403856952,-0.3656332480015092,False,True
0.99,0.5,0.1,0.25,0.7096446287550238,0.972738369656369,0.9490686625471814,0.9820137900379085,0.3,0.95796865613591,0.9370916480594482,-0.34350250756747036,0.025798923031072497,0.027529916747889432,0.7351178364958113,-0.6496321766301405,0.02579892303107255,False,False
0.99,0.5,0.1,0.5,0.7096446287550238,0.8565980745253687,0.77447962288579,0.8807970779778826,0.3,0.7688292735908885,0.7047114265026373,-0.34350250756747036,-0.15610334240918364,-0.1454037178578635,0.16195172791319293,-0.5535366315109755,-0.15610334240918367,False,False
0.99,0.5,0.1,1.0,0.7096446287550238,0.7096446287550238,0.6271745414799286,0.7310585786300051,0.3,0.5478273307545629,0.4957838746992489,-0.34350250756747036,-0.2650836521915438,-0.25000477964670753,5.551115123125783e-17,-0.37354422403872406,-0.2650836521915438,False,False
0.99,0.5,0.1,2.0,0.7096446287550238,0.6098851232802006,0.5574772460156563,0.6224593312018547,0.3,0.4186401736189343,0.3912591891135916,-0.34350250756747036,-0.31051667543266115,-0.2992700798420723,-0.023584406804018077,-0.21589956187833942,-0.3105166754326609,False,False
0.99,0.5,0.2,0.25,0.688616390687125,0.9598685073257376,0.9258761233594296,0.9820137900379085,0.35,0.95063040935183,0.9240478963339136,-0.3235824758832637,0.001138836909916176,0.0036351231548422975,0.6281168153324078,-0.6496321766301405,0.0011388369099162299,False,False
0.99,0.5,0.2,0.5,0.688616390687125,0.8302383539712385,0.7376482318300845,0.8807970779778826,0.35,0.7652238454087862,0.7021887608054733,-0.3235824758832637,-0.16325978309117553,-0.15112154159550698,0.1330477756261052,-0.5535366315109755,-0.16325978309117556,False,False
0.99,0.5,0.2,1.0,0.688616390687125,0.688616390687125,0.6035106500494172,0.7310585786300051,0.35,0.5656956416596289,0.5204995080033139,-0.3235824758832637,-0.25722867531956894,-0.24162355802537983,-5.551115123125783e-17,-0.37354422403872406,-0.25722867531956906,False,False
0.99,0.5,0.2,2.0,0.688616390687125,0.5979256433040582,0.5451094609093166,0.6224593312018547,0.35,0.4525992673786712,0.43028657828755346,-0.3235824758832637,-0.2958241247293815,-0.2844799122017851,-0.018820177939520177,-0.21589956187833942,-0.29582412472938124,False,False
0.99,0.5,0.4,0.25,0.6442041874359726,0.9148725268920949,0.8487721001366854,0.9820137900379085,0.45,0.9324684267780264,0.8939970668789874,-0.29025109233214885,-0.0462191796501756,-0.041296060133774654,0.40945391238332607,-0.6496321766301405,-0.046219179650175565,False,False
0.99,0.5,0.4,0.5,0.6442041874359726,0.7662609511860763,0.6533462590303185,0.8807970779778826,0.45,0.7684160262988184,0.714126972249558,-0.29025109233214885,-0.1721264545487169,-0.15711025167495304,0.07990059668050298,-0.5535366315109755,-0.17212645454871686,False,False
0.99,0.5,0.4,1.0,0.6442041874359726,0.6442041874359726,0.5548075180609187,0.7310585786300051,0.45,0.6132693226400505,0.5836737883424886,-0.29025109233214885,-0.24063875331826715,-0.22414972623947377,5.551115123125783e-17,-0.37354422403872406,-0.24063875331826712,False,False
0.99,0.5,0.4,2.0,0.6442041874359726,0.5736672465168545,0.5202214152054269,0.6224593312018547,0.45,0.527617631992549,0.5157281081034817,-0.29025109233214885,-0.2691842155083755,-0.2576843270894495,-0.010737600567245487,-0.21589956187833942,-0.26918421550837546,False,False
0.99,0.5,0.6,0.25,0.5971631531573491,0.8284433498301882,0.7160603524031393,0.9820137900379085,0.55,0.9164767839003312,0.8735449291174037,-0.2660764649922866,-0.0831986879658915,-0.0746148671658199,0.20538870470138423,-0.6496321766301405,-0.08319868796589144,False,False
0.99,0.5,0.6,0.5,0.5971631531573491,0.6872550476321355,0.5581804682698513,0.8807970779778826,0.55,0.7929792092006542,0.7567354444745005,-0.2660764649922866,-0.1716768426615705,-0.15422316550509307,0.03706715873206645,-0.5535366315109755,-0.17167684266157043,False,False
0.99,0.5,0.6,1.0,0.5971631531573491,0.5971631531573491,0.505028457200667,0.7310585786300051,0.55,0.6782633540630143,0.6661883117684237,-0.2660764649922866,-0.22306684667067972,-0.20596863819193534,1.1102230246251565e-16,-0.37354422403872406,-0.22306684667067964,False,False
0.99,0.5,0.6,2.0,0.5971631531573491,0.549049089365209,0.49523259538528375,0.6224593312018547,0.55,0.6123312753441299,0.6111225928817121,-0.2660764649922866,-0.24665615979406905,-0.2350557446522839,-0.004788622053384484,-0.21589956187833942,-0.2466561597940687,False,False
0.99,0.5,0.8,0.25,0.5482639372475296,0.6845226669643418,0.5312100575371685,0.9820137900379085,0.65,0.9245925649810369,0.8966875558785954,-0.25151002110818893,-0.09755169273141369,-0.08539669256308546,0.05448117916705947,-0.6496321766301405,-0.09755169273141369,False,False
0.99,0.5,0.8,0.5,0.5482639372475296,0.59563676643796,0.4585406198134874,0.8807970779778826,0.65,0.8481257102643818,0.837048742215097,-0.25151002110818893,-0.16021614004342696,-0.14133999695779934,0.009274489211304138,-0.5535366315109755,-0.160216140043427,False,False
0.99,0.5,0.8,1.0,0.5482639372475296,0.5482639372475296,0.455149503881705,0.7310585786300051,0.65,0.7622019048802458,0.7686213462665473,-0.25151002110818893,-0.20480082700754415,-0.18741336066788855,0.0,-0.37354422403872406,-0.20480082700754418,False,True
0.99,0.5,0.8,2.0,0.5482639372475296,0.5241884452378106,0.47026757075797154,0.6224593312018547,0.65,0.7069352328562191,0.7165083809735506,-0.25151002110818893,-0.22868170057728934,-0.2170378814228343,-0.0011687946201134336,-0.21589956187833942,-0.22868170057728937,False,True
0.99,0.75,0.1,0.25,0.7096446287550238,0.972738369656369,0.9650548273875484,0.9939318344798832,0.425,0.9695617952558887,0.9626932322202182,-0.21850250756747025,0.12146818716433465,0.1217044329222359,0.7351178364958113,-0.25623034478070533,0.12146818716433468,False,False
0.99,0.75,0.1,0.5,0.7096446287550238,0.8565980745253687,0.8258421750206135,0.9568354670200039,0.425,0.8339636112343803,0.8076108657186032,-0.21850250756747025,-0.01790797879905812,-0.016179422463195318,0.16195172791319293,-0.23087570634674834,-0.01790797879905808,False,False
0.99,0.75,0.1,1.0,0.7096446287550238,0.7096446287550238,0.6743638040951211,0.8907682274269642,0.425,0.6611644251836761,0.6332654700052035,-0.21850250756747025,-0.11756667786528281,-0.11467520387912067,5.551115123125783e-17,-0.1656697917541316,-0.11756667786528278,False,False
0.99,0.75,0.1,2.0,0.7096446287550238,0.6098851232802006,0.5857569134703628,0.8318243439635804,0.425,0.5463287802376802,0.52867116892258,-0.21850250756747025,-0.16960624353884773,-0.1671922448063006,-0.023584406804018077,-0.10037745245555013,-0.16960624353884748,False,False
0.99,0.75,0.2,0.25,0.688616390687125,0.9598685073257376,0.948748778007076,0.9939318344798832,0.475,0.96207016488059,0.9532418577837053,-0.1985824758832636,0.09554234418904822,0.09588468334762712,0.6281168153324078,-0.25623034478070533,0.09554234418904825,False,False
0.99,0.75,0.2,0.5,0.688616390687125,0.8302383539712385,0.7951807811458269,0.9568354670200039,0.475,0.8283538323657416,0.8018210178638334,-0.1985824758832636,-0.0293170453915831,-0.027342292084094687,0.1330477756261052,-0.23087570634674834,-0.029317045391583085,False,False
0.99,0.75,0.2,1.0,0.688616390687125,0.688616390687125,0.6520333205425991,0.8907682274269642,0.475,0.6756743235720992,0.6504039010545287,-0.1985824758832636,-0.11408293404361773,-0.11108110396571844,-5.551115123125783e-17,-0.1656697917541316,-0.1140829340436178,False,False
0.99,0.75,0.2,2.0,0.688616390687125,0.5979256433040582,0.5735749292199434,0.8318243439635804,0.475,0.5777839773195883,0.5623986033683478,-0.1985824758832636,-0.15767686154445526,-0.155239614062271,-0.018820177939520177,-0.10037745245555013,-0.157676861544455,False,False
0.99,0.75,0.4,0.25,0.6442041874359726,0.9148725268920949,0.8926791790446192,0.9939318344798832,0.575,0.9433719182122682,0.9301905824119668,-0.1652510923321488,0.04375895234684236,0.0444452634906386,0.40945391238332607,-0.25623034478070533,0.043758952346842364,False,False
0.99,0.75,0.4,0.5,0.6442041874359726,0.7662609511860763,0.7224088200221169,0.9568354670200039,0.575,0.8266812746128911,0.8022628526763855,-0.1652510923321488,-0.04850522083525688,-0.046021770978017754,0.07990059668050298,-0.23087570634674834,-0.048505220835256824,False,False
0.99,0.75,0.4,1.0,0.6442041874359726,0.6442041874359726,0.6053933435843193,0.8907682274269642,0.575,0.7161549471689801,0.6971078181269594,-0.1652510923321488,-0.10672517357965715,-0.10353245612375944,5.551115123125783e-17,-0.1656697917541316,-0.10672517357965712,False,False
0.99,0.75,0.4,2.0,0.6442041874359726,0.5736672465168545,0.5489556326022883,0.8318243439635804,0.575,0.6477234823805342,0.6370524059135954,-0.1652510923321488,-0.13664171465959482,-0.1341663160253611,-0.010737600567245487,-0.10037745245555013,-0.13664171465959482,False,False
0.99,0.75,0.6,0.25,0.5971631531573491,0.8284433498301882,0.7889161476143786,0.9939318344798832,0.675,0.9263502085612658,0.9107791852805345,-0.1410764649922865,-0.0017209051142218594,-0.0004883051874726321,0.20538870470138423,-0.25623034478070533,-0.001720905114221849,False,False
0.99,0.75,0.6,0.5,0.5971631531573491,0.6872550476321355,0.6356288321301811,0.9568354670200039,0.675,0.845236975883668,0.8268149111645529,-0.1410764649922865,-0.060801667915185584,-0.057858935808241585,0.03706715873206645,-0.23087570634674834,-0.06080166791518551,False,False
0.99,0.75,0.6,1.0,0.5971631531573491,0.5971631531573491,0.5567516233292691,0.8907682274269642,0.675,0.7736360715282592,0.7618856826325364,-0.1410764649922865,-0.09893189522681863,-0.09559864918432924,1.1102230246251565e-16,-0.1656697917541316,-0.09893189522681853,False,False
0.99,0.75,0.6,2.0,0.5971631531573491,0.549049089365209,0.5240943021057312,0.8318243439635804,0.675,0.7272829449458909,0.7214978177607116,-0.1410764649922865,-0.119801541833808,-0.11729971002152817,-0.004788622053384484,-0.10037745245555013,-0.1198015418338077,False,False
0.99,0.75,0.8,0.25,0.5482639372475296,0.6845226669643418,0.6267746279586508,0.9939318344798832,0.775,0.932750736547457,0.9215515534054675,-0.12651002110818882,-0.030228574949855452,-0.028403609444576622,0.05448117916705947,-0.25623034478070533,-0.03022857494985545,False,False
0.99,0.75,0.8,0.5,0.5482639372475296,0.59563676643796,0.5390308678337509,0.9568354670200039,0.775,0.8934169704385824,0.8845391578949043,-0.12651002110818882,-0.06412178498307654,-0.0608715130621983,0.009274489211304138,-0.23087570634674834,-0.06412178498307652,False,False
0.99,0.75,0.8,1.0,0.5482639372475296,0.5482639372475296,0.5069967780549285,0.8907682274269642,0.775,0.8497649457460866,0.8460191988552279,-0.12651002110818882,-0.0908307723100985,-0.08741763209287223,0.0,-0.1656697917541316,-0.09083077231009852,False,False
0.99,0.75,0.8,2.0,0.5482639372475296,0.5241884452378106,0.49911297919129033,0.8318243439635804,0.775,0.8166819533829826,0.815883943126471,-0.12651002110818882,-0.10757099071944097,-0.10505496083662531,-0.0011687946201134336,-0.10037745245555013,-0.10757099071944103,False,False
0.99,0.9,0.1,0.25,0.7096446287550238,0.972738369656369,0.9705929430213597,0.99796906211513,0.5,0.9734889614837303,0.9715624347404542,-0.14350250756747018,0.16482019575333742,0.16484084733099189,0.7351178364958113,-0.0779624366100127,0.1648201957533374,False,False
0.99,0.9,0.1,0.5,0.7096446287550238,0.8565980745253687,0.84677982818599,0.9851855154692623,0.5,0.858248208148716,0.8495572387017889,-0.14350250756747018,0.04767447338363591,0.04786358242211254,0.16195172791319293,-0.07775266268585185,0.04767447338363587,False,False
0.99,0.9,0.1,1.0,0.7096446287550238,0.7096446287550238,0.6973481531849405,0.9607296994499495,0.5,0.7108122080245826,0.7002282663028512,-0.14350250756747018,-0.04183856592074442,-0.04147753361224857,5.551115123125783e-17,-0.05895706699583492,-0.04183856592074428,False,False
0.99,0.9,0.1,2.0,0.7096446287550238,0.6098851232802006,0.6010538417125229,0.9368626738208133,0.5,0.6103900949918051,0.6029995250858138,-0.14350250756747018,-0.09226532270508614,-0.09193924302113884,-0.023584406804018077,-0.03697131424890582,-0.09226532270508608,False,False
0.99,0.9,0.2,0.25,0.688616390687125,0.9598685073257376,0.9567552795616325,0.99796906211513,0.55,0.9659453725445687,0.963461113105495,-0.12358247588326356,0.13832078191901936,0.13835075993792142,0.6281168153324078,-0.0779624366100127,0.13832078191901936,False,False
0.99,0.9,0.2,0.5,0.688616390687125,0.8302383539712385,0.8189967011727429,0.9851855154692623,0.55,0.8518911299252587,0.8430643469779455,-0.12358247588326356,0.03424726647046136,0.0344639449954832,0.1330477756261052,-0.07775266268585185,0.03424726647046131,False,False
0.99,0.9,0.2,1.0,0.688616390687125,0.688616390687125,0.6758361712147525,0.9607296994499495,0.55,0.7238509399237256,0.7141286474056033,-0.12358247588326356,-0.040598802680170944,-0.040223409857261666,-5.551115123125783e-17,-0.05895706699583492,-0.04059880268017091,False,False
0.99,0.9,0.2,2.0,0.688616390687125,0.5979256433040582,0.5890060718347376,0.9368626738208133,0.55,0.6405890882710582,0.6340165889888388,-0.12358247588326356,-0.08185254959118743,-0.08152316117203678,-0.018820177939520177,-0.03697131424890582,-0.08185254959118736,False,False
0.99,0.9,0.4,0.25,0.6442041874359726,0.9148725268920949,0.9086010806319123,0.99796906211513,0.65,0.947065466860565,0.9433153360222583,-0.09025109233214872,0.08453205524981475,0.08459251845241195,0.40945391238332607,-0.0779624366100127,0.08453205524981475,False,False
0.99,0.9,0.4,0.5,0.6442041874359726,0.7662609511860763,0.7520479676756873,0.9851855154692623,0.65,0.8484048097037913,0.8400875776219082,-0.09025109233214872,0.010160883706795996,0.01043530217386054,0.07990059668050298,-0.07775266268585185,0.010160883706795996,False,False
0.99,0.9,0.4,1.0,0.6442041874359726,0.6442041874359726,0.6305790312514657,0.9607296994499495,0.65,0.761224420405372,0.7535843906730747,-0.09025109233214872,-0.03798038943766011,-0.03757982440768485,5.551115123125783e-17,-0.05895706699583492,-0.037980389437659974,False,False
0.99,0.9,0.4,2.0,0.6442041874359726,0.5736672465168545,0.564601397335946,0.9368626738208133,0.65,0.7079805318484622,0.7031134158167434,-0.09025109233214872,-0.06389366522504909,-0.06355877444746305,-0.010737600567245487,-0.03697131424890582,-0.06389366522504927,False,False
0.99,0.9,0.6,0.25,0.5971631531573491,0.8284433498301882,0.8170776649533861,0.99796906211513,0.75,0.9296948229474367,0.9251716319967195,-0.06607646499228642,0.035200310638815416,0.035310143586651105,0.20538870470138423,-0.0779624366100127,0.03520031063881541,False,False
0.99,0.9,0.6,0.5,0.5971631531573491,0.6872550476321355,0.670304989234479,0.9851855154692623,0.75,0.8647206897810364,0.858191772799901,-0.06607646499228642,-0.00818437558281204,-0.007856424438126008,0.03706715873206645,-0.07775266268585185,-0.008184375582812013,False,False
0.99,0.9,0.6,1.0,0.5971631531573491,0.5971631531573491,0.5829029224278116,0.9607296994499495,0.75,0.8154144847610347,0.8102703960158817,-0.06607646499228642,-0.035206988028141935,-0.03478736120850198,1.1102230246251565e-16,-0.05895706699583492,-0.035206988028141754,False,False
0.99,0.9,0.6,2.0,0.5971631531573491,0.549049089365209,0.5398796233207047,0.9368626738208133,0.75,0.784954144302447,0.7818652934531862,-0.06607646499228642,-0.05017537694876254,-0.04983655551179465,-0.004788622053384484,-0.03697131424890582,-0.050175376948762396,False,False
0.99,0.9,0.8,0.25,0.5482639372475296,0.6845226669643418,0.6674496073532465,0.99796906211513,0.8500000000000001,0.9355143103754784,0.9321343727768341,-0.05151002110818877,0.00027853103393380395,0.0004441521361908419,0.05448117916705947,-0.0779624366100127,0.000278531033933784,False,False
0.99,0.9,0.8,0.5,0.5482639372475296,0.59563676643796,0.5767790300269412,0.9851855154692623,0.8500000000000001,0.9103033016252582,0.9068111219874002,-0.05151002110818877,-0.01851892768641901,-0.0181531870433515,0.009274489211304138,-0.07775266268585185,-0.018518927686419048,False,False
0.99,0.9,0.8,1.0,0.5482639372475296,0.5482639372475296,0.5336245894810998,0.9607296994499495,0.8500000000000001,0.8881222978530414,0.8857693198863998,-0.05151002110818877,-0.03232403367970291,-0.03189283446043521,0.0,-0.05895706699583492,-0.03232403367970284,False,False
0.99,0.9,0.8,2.0,0.5482639372475296,0.5241884452378106,0.5149600462757139,0.9368626738208133,0.8500000000000001,0.8717418322012218,0.870478808844184,-0.05151002110818877,-0.041097460709291565,-0.04075635697879776,-0.0011687946201134336,-0.03697131424890582,-0.04109746070929177,False,False
0.99,0.95,0.1,0.25,0.7096446287550238,0.972738369656369,0.9720684736972646,0.9990369473702875,0.525,0.9745277344458122,0.9739254732276833,-0.11850250756747022,0.1777084283132081,0.1777105105644456,0.7351178364958113,-0.024964701712709793,0.1777084283132081,False,False
0.99,0.95,0.1,0.5,0.7096446287550238,0.8565980745253687,0.8526834077217589,0.9929274673668681,0.525,0.8648799492372732,0.8613844357227408,-0.11850250756747022,0.06747883577715579,0.06750956170223449,0.16195172791319293,-0.03151309483603317,0.06747883577715579,False,False
0.99,0.95,0.1,1.0,0.7096446287550238,0.7096446287550238,0.7043051537235254,0.981005693354874,0.525,0.7252009581918818,0.7204968502896055,-0.11850250756747022,-0.018291097100767942,-0.01822240695928047,5.551115123125783e-17,-0.02577500957466162,-0.01829109710076787,False,False
0.99,0.95,0.1,2.0,0.7096446287550238,0.6098851232802006,0.6059048144624067,0.9690648656695329,0.525,0.6300297327373541,0.6265705861892947,-0.11850250756747022,-0.06753767326651404,-0.06747124628148746,-0.023584406804018077,-0.01669893138967389,-0.0675376732665139,False,False
0.99,0.95,0.2,0.25,0.688616390687125,0.9598685073257376,0.9588957256720435,0.9990369473702875,0.575,0.9669704019704318,0.9661931134874062,-0.09858247588326358,0.15103849609089914,0.15104152013681893,0.6281168153324078,-0.024964701712709793,0.1510384960908992,False,False
0.99,0.95,0.2,0.5,0.688616390687125,0.8302383539712385,0.8257504823844174,0.9929274673668681,0.575,0.8583187953252515,0.8547602386740457,-0.09858247588326358,0.05344219782044876,0.05347743268279549,0.1330477756261052,-0.03151309483603317,0.053442197820448734,False,False
0.99,0.95,0.2,1.0,0.688616390687125,0.688616390687125,0.6830629224852252,0.981005693354874,0.575,0.7378133216641288,0.7334760313805797,-0.09858247588326358,-0.017749094063229588,-0.01767763799163804,-5.551115123125783e-17,-0.02577500957466162,-0.017749094063229626,False,False
0.99,0.95,0.2,2.0,0.688616390687125,0.5979256433040582,0.5939045616699508,0.9690648656695329,0.575,0.6598436045480045,0.6567511319412235,-0.09858247588326358,-0.05760979446636269,-0.057542682550095724,-0.018820177939520177,-0.01669893138967389,-0.05760979446636254,False,False
0.99,0.95,0.4,0.25,0.6442041874359726,0.9148725268920949,0.9129080115007544,0.9990369473702875,0.675,0.9480424457423817,0.9468656284392911,-0.06525109233214874,0.09665359816107796,0.0966597074891179,0.40945391238332607,-0.024964701712709793,0.09665359816107796,False,False
0.99,0.95,0.4,0.5,0.6442041874359726,0.7662609511860763,0.7605695107870528,0.9929274673668681,0.675,0.8543371651288876,0.850962553787425,-0.06525109233214874,0.02787667132831356,0.02792138598198994,0.07990059668050298,-0.03151309483603317,0.027876671328313583,False,False
0.99,0.95,0.4,1.0,0.6442041874359726,0.6442041874359726,0.6382747116507971,0.981005693354874,0.675,0.7742863005833505,0.7708412413935537,-0.06525109233214874,-0.016604369099199316,-0.016528045683113873,5.551115123125783e-17,-0.02577500957466162,-0.016604369099199247,False,False
0.99,0.95,0.4,2.0,0.6442041874359726,0.5736672465168545,0.5695782013086287,0.9690648656695329,0.675,0.7264538745781246,0.724126942615989,-0.06525109233214874,-0.04063446111466706,-0.04056620565208395,-0.010737600567245487,-0.01669893138967389,-0.040634461114667154,False,False
0.99,0.95,0.6,0.25,0.5971631531573491,0.8284433498301882,0.8248660965837002,0.9990369473702875,0.7749999999999999,0.9305795053854535,0.9291520491700045,-0.04107646499228644,0.04617671589674888,0.04618784868454183,0.20538870470138423,-0.024964701712709793,0.04617671589674888,False,False
0.99,0.95,0.6,0.5,0.5971631531573491,0.6872550476321355,0.6804421241879712,0.9929274673668681,0.7749999999999999,0.8700413853011912,0.8673644005469114,-0.04107646499228644,0.007704812619746186,0.007758383036609057,0.03706715873206645,-0.03151309483603317,0.007704812619746235,False,False
0.99,0.95,0.6,1.0,0.5971631531573491,0.5971631531573491,0.5909475121136714,0.981005693354874,0.7749999999999999,0.8275225612146987,0.8251543665892072,-0.04107646499228644,-0.01539188599026581,-0.015311846619431078,1.1102230246251565e-16,-0.02577500957466162,-0.015391885990265685,False,False
0.99,0.95,0.6,2.0,0.5971631531573491,0.549049089365209,0.5449112380021055,0.9690648656695329,0.7749999999999999,0.8026347284125501,0.8011075928550659,-0.04107646499228644,-0.0279143102525143,-0.02784523062614131,-0.004788622053384484,-0.01669893138967389,-0.027914310252514077,False,False
0.99,0.95,0.8,0.25,0.5482639372475296,0.6845226669643418,0.6791068380145624,0.9990369473702875,0.875,0.9362453020383505,0.9351673519767068,-0.026510021108188783,0.009348068742676529,0.009364943741247375,0.05448117916705947,-0.024964701712709793,0.009348068742676524,False,False
0.99,0.95,0.8,0.5,0.5482639372475296,0.59563676643796,0.5880244115836164,0.9929274673668681,0.875,0.9149146928194665,0.9134460604767201,-0.026510021108188783,-0.004747934348641701,-0.00468801998586649,0.009274489211304138,-0.03151309483603317,-0.0047479343486417185,False,False
0.99,0.95,0.8,1.0,0.5482639372475296,0.5482639372475296,0.5418726283833253,0.981005693354874,0.875,0.8992388941029623,0.8980820308105519,-0.026510021108188783,-0.014131508231996765,-0.014049172102981025,0.0,-0.02577500957466162,-0.014131508231996753,False,False
0.99,0.95,0.8,2.0,0.5482639372475296,0.5241884452378106,0.5200218964798164,0.9690648656695329,0.875,0.8886218490796517,0.887917432073576,-0.026510021108188783,-0.019844363004798787,-0.019774794654075382,-0.0011687946201134336,-0.01669893138967389,-0.019844363004798922,False,False
0.99,0.99,0.1,0.25,0.7096446287550238,0.972738369656369,0.9731464002695045,0.9998150277676352,0.545,0.9752846031029898,0.9756517551804784,-0.09850250756747017,0.18754875452501965,0.18754954700222326,0.7351178364958113,0.01549972950033152,0.18754875452501962,False,True
0.99,0.99,0.1,0.5,0.7096446287550238,0.8565980745253687,0.8570885160167376,0.998634843137919,0.545,0.8697688763333481,0.8702096041460128,-0.09850250756747017,0.08268832843817668,0.08268881890335997,0.16195172791319293,0.003998291690135,0.08268832843817667,False,True
0.99,0.99,0.1,1.0,0.7096446287550238,0.7096446287550238,0.7096446287550238,0.9962978032414466,0.545,0.7360529218352196,0.7360529218352196,-0.09850250756747017,2.6251441463638222e-18,2.6251441463638222e-18,5.551115123125783e-17,-2.0816681711721685e-17,4.0738704866031607e-17,False,False
0.99,0.99,0.1,2.0,0.7096446287550238,0.6098851232802006,0.6097014721985028,0.9939107340081471,0.545,0.6451828582120535,0.6450186905388116,-0.09850250756747017,-0.048110256890716754,-0.048110115149110844,-0.023584406804018077,-0.0007718201729672068,-0.04811025689071666,False,False
0.99,0.99,0.2,0.25,0.688616390687125,0.9598685073257376,0.9604613342807562,0.9998150277676352,0.595,0.9677172568400133,0.968191408747503,-0.07858247588326353,0.16074862938796092,0.16074978070086343,0.6281168153324078,0.01549972950033152,0.16074862938796092,False,True
0.99,0.99,0.2,0.5,0.688616390687125,0.8302383539712385,0.8308011398696199,0.998634843137919,0.595,0.863057277590904,0.8635067380185781,-0.07858247588326353,0.06818365536880991,0.06818421816215904,0.1330477756261052,0.003998291690135,0.06818365536880988,False,True
0.99,0.99,0.2,1.0,0.688616390687125,0.688616390687125,0.688616390687125,0.9962978032414466,0.595,0.7483437191802114,0.7483437191802114,-0.07858247588326353,2.547355695869757e-18,2.547355695869757e-18,-5.551115123125783e-17,-2.0816681711721685e-17,-6.98458594576663e-17,False,False
0.99,0.99,0.2,2.0,0.688616390687125,0.5979256433040582,0.5977400755614041,0.9939107340081471,0.595,0.6746995863578183,0.6745522621350396,-0.07858247588326353,-0.0385633380259134,-0.0385631948045911,-0.018820177939520177,-0.0007718201729672068,-0.03856333802591329,False,False
0.99,0.99,0.4,0.25,0.6442041874359726,0.9148725268920949,0.9160719214023082,0.9998150277676352,0.6950000000000001,0.9487542901216285,0.9494737049730764,-0.045251092332148704,0.10590854726935958,0.10591087604383496,0.40945391238332607,0.01549972950033152,0.10590854726935958,False,True
0.99,0.99,0.4,0.5,0.6442041874359726,0.7662609511860763,0.7669763031337853,0.998634843137919,0.6950000000000001,0.8587105043159893,0.8591387389169944,-0.045251092332148704,0.04148216573705259,0.04148288103757408,0.07990059668050298,0.003998291690135,0.0414821657370526,False,True
0.99,0.99,0.4,1.0,0.6442041874359726,0.6442041874359726,0.6442041874359726,0.9962978032414466,0.6950000000000001,0.7841375418070116,0.7841375418070116,-0.045251092332148704,2.383064400385112e-18,2.383064400385112e-18,5.551115123125783e-17,-2.0816681711721685e-17,4.210095770404489e-17,False,False
0.99,0.99,0.4,2.0,0.6442041874359726,0.5736672465168545,0.5734784693120157,0.9939107340081471,0.6950000000000001,0.7407071354552577,0.7405950186469679,-0.045251092332148704,-0.022360737041355352,-0.022360591342058134,-0.010737600567245487,-0.0007718201729672068,-0.022360737041355494,False,False
0.99,0.99,0.6,0.25,0.5971631531573491,0.8284433498301882,0.8306350470248043,0.9998150277676352,0.7949999999999999,0.9312241009162695,0.9321003743909931,-0.02107646499228641,0.05455733813252517,0.05456159170152571,0.20538870470138423,0.01549972950033152,0.05455733813252517,False,True
0.99,0.99,0.6,0.5,0.5971631531573491,0.6872550476321355,0.6881137785680587,0.998634843137919,0.7949999999999999,0.8739638081085794,0.8743061281805188,-0.02107646499228641,0.019907502439008636,0.01990836101791034,0.03706715873206645,0.003998291690135,0.019907502439008677,False,True
0.99,0.99,0.6,1.0,0.5971631531573491,0.5971631531573491,0.5971631531573491,0.9962978032414466,0.7949999999999999,0.836654445772993,0.836654445772993,-0.02107646499228641,2.2090484341231335e-18,2.2090484341231335e-18,1.1102230246251565e-16,-2.0816681711721685e-17,9.859134717327101e-17,False,False
0.99,0.99,0.6,2.0,0.5971631531573491,0.549049089365209,0.548857983951897,0.9939107340081471,0.7949999999999999,0.8162763297983542,0.8162010513247235,-0.02107646499228641,-0.010424778433011834,-0.010424630935856452,-0.004788622053384484,-0.0007718201729672068,-0.010424778433011653,False,False
0.99,0.99,0.8,0.25,0.5482639372475296,0.6845226669643418,0.6878602425665962,0.9998150277676352,0.895,0.9367779157070557,0.9374448134686967,-0.006510021108188754,0.016272773835463085,0.01627924649591694,0.05448117916705947,0.01549972950033152,0.01627277383546307,False,True
0.99,0.99,0.8,0.5,0.5482639372475296,0.59563676643796,0.5965994000431815,0.998634843137919,0.895,0.9183142156685815,0.9185054282437539,-0.006510021108188754,0.005828009372445981,0.005828971718195419,0.009274489211304138,0.003998291690135,0.005828009372445957,False,True
0.99,0.99,0.8,1.0,0.5482639372475296,0.5482639372475296,0.5482639372475296,0.9962978032414466,0.895,0.9076230064781965,0.9076230064781965,-0.006510021108188754,2.028158612364535e-18,2.028158612364535e-18,0.0,-2.0816681711721685e-17,-1.1413035875697178e-17,False,False
0.99,0.99,0.8,2.0,0.5482639372475296,0.5241884452378106,0.5239959381874145,0.9939107340081471,0.895,0.9016457661746533,0.9016084369912092,-0.006510021108188754,-0.0031467476731684083,-0.0031465990932644165,-0.0011687946201134336,-0.0007718201729672068,-0.0031467476731685835,False,False
